date,ticker,close,volume
2022-01-03,000001,50.15,2484405
2022-01-04,000001,51.18,9222403
2022-01-05,000001,52.25,6853461
2022-01-06,000001,51.89,3832983
2022-01-07,000001,53.11,3701626
2022-01-10,000001,53.03,7662231
2022-01-11,000001,52.97,1606745
2022-01-12,000001,51.61,6118729
2022-01-13,000001,52.07,5527056
2022-01-14,000001,53.11,4491838
2022-01-17,000001,51.96,9829778
2022-01-18,000001,51.88,1556209
2022-01-19,000001,51.76,5668302
2022-01-20,000001,52.44,4449376
2022-01-21,000001,52.51,3574580
2022-01-24,000001,52.43,4419595
2022-01-25,000001,53.17,8329820
2022-01-26,000001,53.39,2924149
2022-01-27,000001,52.27,2094020
2022-01-28,000001,52.84,1570810
2022-01-31,000001,53.2,1020737
2022-02-01,000001,53.83,8008169
2022-02-02,000001,55.35,4420006
2022-02-03,000001,55.91,1086107
2022-02-04,000001,56.75,2844789
2022-02-07,000001,56.16,5730964
2022-02-08,000001,56.61,9237830
2022-02-09,000001,55.26,8926399
2022-02-10,000001,55.71,4283812
2022-02-11,000001,55.98,2314638
2022-02-14,000001,55.87,9891087
2022-02-15,000001,54.56,1341845
2022-02-16,000001,53.96,5302405
2022-02-17,000001,52.98,7604224
2022-02-18,000001,53.5,8958110
2022-02-21,000001,52.2,9621746
2022-02-22,000001,52.75,8781930
2022-02-23,000001,54.26,9334229
2022-02-24,000001,55.04,1538112
2022-02-25,000001,54.84,1298367
2022-02-28,000001,54.17,7615170
2022-03-01,000001,54.79,7741566
2022-03-02,000001,54.5,8075963
2022-03-03,000001,53.58,1838371
2022-03-04,000001,54.75,5966962
2022-03-07,000001,54.83,1818217
2022-03-08,000001,56.21,5643876
2022-03-09,000001,57.66,7632296
2022-03-10,000001,58.24,7371360
2022-03-11,000001,59.43,3471466
2022-03-14,000001,59.62,4770812
2022-03-15,000001,60.8,4389726
2022-03-16,000001,59.51,3047491
2022-03-17,000001,60.24,6373197
2022-03-18,000001,59.99,9326163
2022-03-21,000001,59.62,7473114
2022-03-22,000001,59.88,2826996
2022-03-23,000001,61.29,2580861
2022-03-24,000001,61.09,9626115
2022-03-25,000001,61.82,3413564
2022-03-28,000001,62.81,8146361
2022-03-29,000001,62.42,4085213
2022-03-30,000001,63.85,5833305
2022-03-31,000001,64.19,6688182
2022-04-01,000001,64.32,1276051
2022-04-04,000001,64.88,9504224
2022-04-05,000001,65.34,6936454
2022-04-06,000001,64.56,1074253
2022-04-07,000001,63.74,3790552
2022-04-08,000001,64.19,6587151
2022-04-11,000001,63.41,5419577
2022-04-12,000001,63.61,4681068
2022-04-13,000001,65.4,3940952
2022-04-14,000001,65.13,9655855
2022-04-15,000001,63.73,6576406
2022-04-18,000001,62.81,9015557
2022-04-19,000001,63.58,9215563
2022-04-20,000001,65.18,3143926
2022-04-21,000001,67.13,5341373
2022-04-22,000001,68.76,3160155
2022-04-25,000001,69.24,8332661
2022-04-26,000001,70.68,6327797
2022-04-27,000001,70.98,5008483
2022-04-28,000001,68.99,2793923
2022-04-29,000001,68.66,5307721
2022-05-02,000001,70.12,3590119
2022-05-03,000001,71.99,7465442
2022-05-04,000001,71.95,4340520
2022-05-05,000001,70.56,4130827
2022-05-06,000001,70.41,7879157
2022-05-09,000001,72.29,6537928
2022-05-10,000001,72.71,3712944
2022-05-11,000001,72.71,1897200
2022-05-12,000001,74.6,3940775
2022-05-13,000001,75.4,5295794
2022-05-16,000001,75.81,7240596
2022-05-17,000001,74.49,6452661
2022-05-18,000001,74.27,7385263
2022-05-19,000001,73.06,2933735
2022-05-20,000001,71.24,8433878
2022-05-23,000001,70.96,5428050
2022-05-24,000001,72.99,3020435
2022-05-25,000001,71.59,6331037
2022-05-26,000001,73.11,8073993
2022-05-27,000001,73.9,3456032
2022-05-30,000001,74.68,7770204
2022-05-31,000001,76.46,9837737
2022-06-01,000001,76.32,1721936
2022-06-02,000001,75.24,5809310
2022-06-03,000001,74.01,9938803
2022-06-06,000001,73.5,2993821
2022-06-07,000001,74.96,1324695
2022-06-08,000001,72.71,1448967
2022-06-09,000001,72.38,9771153
2022-06-10,000001,73.16,3851548
2022-06-13,000001,74.43,2662378
2022-06-14,000001,76.13,6121308
2022-06-15,000001,74.82,3775930
2022-06-16,000001,73.51,8443973
2022-06-17,000001,73.35,2223887
2022-06-20,000001,71.97,3466820
2022-06-21,000001,73.03,8533850
2022-06-22,000001,72.05,9658353
2022-06-23,000001,72.94,3511634
2022-06-24,000001,71.55,2359411
2022-06-27,000001,70.11,1618411
2022-06-28,000001,71.05,4867565
2022-06-29,000001,72.11,6909830
2022-06-30,000001,70.89,7061150
2022-07-01,000001,71.87,5290172
2022-07-04,000001,70.62,8553969
2022-07-05,000001,69.52,3311949
2022-07-06,000001,67.5,7131367
2022-07-07,000001,68.19,3062032
2022-07-08,000001,69.02,9348152
2022-07-11,000001,67.22,6379848
2022-07-12,000001,67.54,7464967
2022-07-13,000001,67.97,3717244
2022-07-14,000001,67.79,1429805
2022-07-15,000001,67.76,4081220
2022-07-18,000001,68.98,7621489
2022-07-19,000001,69.84,9789558
2022-07-20,000001,68.97,6528929
2022-07-21,000001,67.71,7520219
2022-07-22,000001,69.63,6843891
2022-07-25,000001,71.66,6573225
2022-07-26,000001,69.53,7000512
2022-07-27,000001,69.15,8753425
2022-07-28,000001,68.31,8132970
2022-07-29,000001,70.29,2130608
2022-08-01,000001,69.63,2312104
2022-08-02,000001,69.26,5784191
2022-08-03,000001,68.84,5508102
2022-08-04,000001,68.45,8582299
2022-08-05,000001,70.21,5688211
2022-08-08,000001,68.32,5507563
2022-08-09,000001,67.52,1204004
2022-08-10,000001,65.82,8003264
2022-08-11,000001,66.5,7344707
2022-08-12,000001,67.94,3069160
2022-08-15,000001,66.29,9982554
2022-08-16,000001,64.52,4510637
2022-08-17,000001,64.48,7370741
2022-08-18,000001,64.31,3615933
2022-08-19,000001,65.06,5383879
2022-08-22,000001,66.34,7569435
2022-08-23,000001,67.49,8235911
2022-08-24,000001,66.3,1274053
2022-08-25,000001,67.02,8138823
2022-08-26,000001,65.05,7118876
2022-08-29,000001,64.54,8480878
2022-08-30,000001,65.63,8058982
2022-08-31,000001,66.47,4213947
2022-09-01,000001,66.55,1553242
2022-09-02,000001,66.86,5462433
2022-09-05,000001,66.76,4070642
2022-09-06,000001,66.99,5386233
2022-09-07,000001,65.55,5404625
2022-09-08,000001,64.68,7296493
2022-09-09,000001,64.26,3173630
2022-09-12,000001,65.82,4595762
2022-09-13,000001,64.21,2668461
2022-09-14,000001,65.68,7754723
2022-09-15,000001,66.87,3524698
2022-09-16,000001,65.23,3253260
2022-09-19,000001,65.98,2732186
2022-09-20,000001,66.3,7014766
2022-09-21,000001,67.32,4988271
2022-09-22,000001,66.27,2643136
2022-09-23,000001,64.32,5756998
2022-09-26,000001,64.33,3561438
2022-09-27,000001,65.71,1825510
2022-09-28,000001,64.12,3511442
2022-09-29,000001,64.42,2952577
2022-09-30,000001,63.09,2039474
2022-10-03,000001,64.29,4040475
2022-10-04,000001,64.78,1338141
2022-10-05,000001,63.08,9872541
2022-10-06,000001,62.17,6935884
2022-10-07,000001,63.07,9381506
2022-10-10,000001,61.64,6317770
2022-10-11,000001,61.24,3573467
2022-10-12,000001,60.08,5803008
2022-10-13,000001,61.63,9412450
2022-10-14,000001,62.03,4529404
2022-10-17,000001,63.41,5455595
2022-10-18,000001,61.72,3555462
2022-10-19,000001,60.73,6082908
2022-10-20,000001,61.96,6824476
2022-10-21,000001,61.7,8163259
2022-10-24,000001,61.86,6219657
2022-10-25,000001,60.83,7690709
2022-10-26,000001,59.48,2363537
2022-10-27,000001,59.45,6029107
2022-10-28,000001,59.87,7871806
2022-10-31,000001,59.42,7330326
2022-11-01,000001,58.22,9774638
2022-11-02,000001,59.29,5846977
2022-11-03,000001,58.82,2087884
2022-11-04,000001,59.82,1578486
2022-11-07,000001,58.89,8829703
2022-11-08,000001,58.0,8716399
2022-11-09,000001,59.48,7804210
2022-11-10,000001,59.68,9140121
2022-11-11,000001,60.83,4411794
2022-11-14,000001,60.64,1657284
2022-11-15,000001,61.84,2724035
2022-11-16,000001,60.84,4707044
2022-11-17,000001,62.44,5795032
2022-11-18,000001,62.0,8855969
2022-11-21,000001,63.5,8306228
2022-11-22,000001,62.0,8446865
2022-11-23,000001,63.46,2032307
2022-11-24,000001,61.99,1010738
2022-11-25,000001,61.54,1799342
2022-11-28,000001,62.46,1117508
2022-11-29,000001,62.27,2323124
2022-11-30,000001,61.29,3893778
2022-12-01,000001,62.91,6090375
2022-12-02,000001,63.1,1479214
2022-12-05,000001,64.76,4285066
2022-12-06,000001,62.92,2682753
2022-12-07,000001,64.68,4806250
2022-12-08,000001,64.5,3393498
2022-12-09,000001,64.93,1137520
2022-12-12,000001,63.57,4284226
2022-12-13,000001,62.17,4670628
2022-12-14,000001,60.57,1042506
2022-12-15,000001,62.32,1174305
2022-12-16,000001,62.66,3942330
2022-12-19,000001,62.31,6570659
2022-12-20,000001,64.09,6691156
2022-12-21,000001,63.71,6690642
2022-12-22,000001,63.73,8675431
2022-12-23,000001,62.88,2425692
2022-12-26,000001,62.98,3555587
2022-12-27,000001,63.45,7089005
2022-12-28,000001,65.07,3609859
2022-12-29,000001,63.31,8776697
2022-12-30,000001,63.1,4147826
2023-01-02,000001,62.53,8800852
2023-01-03,000001,62.1,6543396
2023-01-04,000001,63.76,8725281
2023-01-05,000001,64.44,2980961
2023-01-06,000001,64.62,4046438
2023-01-09,000001,63.26,4582982
2023-01-10,000001,61.48,1307531
2023-01-11,000001,61.33,5681086
2023-01-12,000001,61.44,2015603
2023-01-13,000001,60.93,6513843
2023-01-16,000001,59.19,5884715
2023-01-17,000001,57.45,1490063
2023-01-18,000001,56.45,8559756
2023-01-19,000001,56.71,1047449
2023-01-20,000001,57.29,3239701
2023-01-23,000001,57.8,8675038
2023-01-24,000001,59.4,6354431
2023-01-25,000001,60.0,6062257
2023-01-26,000001,60.67,1690672
2023-01-27,000001,60.06,8635006
2023-01-30,000001,61.57,3703168
2023-01-31,000001,63.39,2247207
2023-02-01,000001,64.13,5475269
2023-02-02,000001,63.98,1624100
2023-02-03,000001,64.13,3345420
2023-02-06,000001,65.61,8038035
2023-02-07,000001,64.94,9938631
2023-02-08,000001,66.81,3972061
2023-02-09,000001,67.3,2931983
2023-02-10,000001,69.0,7146371
2023-02-13,000001,69.75,9431049
2023-02-14,000001,71.71,8791333
2023-02-15,000001,70.06,5126014
2023-02-16,000001,68.69,2894261
2023-02-17,000001,70.56,1447678
2023-02-20,000001,69.12,2204641
2023-02-21,000001,68.9,7981860
2023-02-22,000001,69.23,6750551
2023-02-23,000001,69.9,3267645
2023-02-24,000001,68.12,5941982
2023-02-27,000001,69.8,3375215
2023-02-28,000001,69.53,9534539
2023-03-01,000001,67.7,7369255
2023-03-02,000001,66.42,6011746
2023-03-03,000001,68.0,4037859
2023-03-06,000001,68.88,2085861
2023-03-07,000001,70.94,9155923
2023-03-08,000001,71.57,6512032
2023-03-09,000001,73.63,1754429
2023-03-10,000001,74.43,4039184
2023-03-13,000001,76.33,3824104
2023-03-14,000001,76.23,2071635
2023-03-15,000001,75.03,4178619
2023-03-16,000001,76.96,7613733
2023-03-17,000001,76.64,3692648
2023-03-20,000001,75.97,4306163
2023-03-21,000001,75.26,6081578
2023-03-22,000001,76.71,2816801
2023-03-23,000001,76.24,2102206
2023-03-24,000001,75.56,1580775
2023-03-27,000001,76.19,3378817
2023-03-28,000001,75.12,7718848
2023-03-29,000001,76.88,1879039
2023-03-30,000001,77.79,1113798
2023-03-31,000001,76.15,1584143
2023-04-03,000001,73.96,3287505
2023-04-04,000001,73.66,8342995
2023-04-05,000001,73.37,4861869
2023-04-06,000001,71.64,3122288
2023-04-07,000001,69.71,6050724
2023-04-10,000001,69.29,7137237
2023-04-11,000001,68.09,6758218
2023-04-12,000001,66.82,2383334
2023-04-13,000001,68.28,2671739
2023-04-14,000001,68.27,5538289
2023-04-17,000001,70.25,9804722
2023-04-18,000001,68.39,9035460
2023-04-19,000001,68.28,1118146
2023-04-20,000001,68.32,8865611
2023-04-21,000001,66.68,3525265
2023-04-24,000001,65.15,8390895
2023-04-25,000001,64.98,4813268
2023-04-26,000001,64.59,5158053
2023-04-27,000001,65.97,6282261
2023-04-28,000001,66.53,4108036
2023-05-01,000001,64.62,6353442
2023-05-02,000001,65.24,2538451
2023-05-03,000001,66.51,5627425
2023-05-04,000001,67.19,8588141
2023-05-05,000001,66.45,6517144
2023-05-08,000001,66.07,4137431
2023-05-09,000001,66.92,6250682
2023-05-10,000001,65.35,4605125
2023-05-11,000001,63.73,7937359
2023-05-12,000001,64.24,8454582
2023-05-15,000001,64.94,3960742
2023-05-16,000001,63.11,9159857
2023-05-17,000001,64.85,8810938
2023-05-18,000001,66.76,3937336
2023-05-19,000001,66.83,8634390
2023-05-22,000001,66.32,1891494
2023-05-23,000001,65.56,5885740
2023-05-24,000001,64.46,7473501
2023-05-25,000001,63.55,9765963
2023-05-26,000001,61.9,4467899
2023-05-29,000001,61.41,2802939
2023-05-30,000001,61.63,1077493
2023-05-31,000001,63.06,5402904
2023-06-01,000001,62.42,9544210
2023-06-02,000001,62.17,4823989
2023-06-05,000001,61.43,1422327
2023-06-06,000001,62.47,5387946
2023-06-07,000001,62.05,2019164
2023-06-08,000001,60.3,5982350
2023-06-09,000001,58.83,1037708
2023-06-12,000001,60.17,6633803
2023-06-13,000001,61.93,7313378
2023-06-14,000001,62.22,5566273
2023-06-15,000001,62.75,1511009
2023-06-16,000001,62.25,6571690
2023-06-19,000001,62.92,5047172
2023-06-20,000001,64.25,5348992
2023-06-21,000001,62.94,9510223
2023-06-22,000001,63.87,4806218
2023-06-23,000001,64.31,2027806
2023-06-26,000001,65.15,7640960
2023-06-27,000001,64.48,9207200
2023-06-28,000001,63.71,6228882
2023-06-29,000001,65.36,6283599
2023-06-30,000001,67.07,8092440
2023-07-03,000001,66.55,6941464
2023-07-04,000001,64.93,9525714
2023-07-05,000001,64.22,7321847
2023-07-06,000001,63.7,1707675
2023-07-07,000001,63.98,6351421
2023-07-10,000001,65.69,9430078
2023-07-11,000001,65.2,6599342
2023-07-12,000001,63.5,9090140
2023-07-13,000001,64.17,7929977
2023-07-14,000001,65.22,3106842
2023-07-17,000001,66.87,5758447
2023-07-18,000001,66.8,8603520
2023-07-19,000001,65.62,2340054
2023-07-20,000001,66.98,5823718
2023-07-21,000001,66.18,4628834
2023-07-24,000001,67.44,4656106
2023-07-25,000001,69.37,4605091
2023-07-26,000001,68.55,5897639
2023-07-27,000001,66.64,3885936
2023-07-28,000001,65.08,8779652
2023-07-31,000001,64.81,8336407
2023-08-01,000001,63.32,7921374
2023-08-02,000001,64.97,6033437
2023-08-03,000001,66.65,9428211
2023-08-04,000001,65.65,6650368
2023-08-07,000001,63.84,7963443
2023-08-08,000001,63.49,9686735
2023-08-09,000001,64.67,9608010
2023-08-10,000001,64.81,2605193
2023-08-11,000001,65.2,8465415
2023-08-14,000001,66.26,9400516
2023-08-15,000001,66.92,7428965
2023-08-16,000001,66.21,9385587
2023-08-17,000001,65.82,1686748
2023-08-18,000001,63.85,9312703
2023-08-21,000001,62.18,6248476
2023-08-22,000001,61.61,3381371
2023-08-23,000001,61.99,5175136
2023-08-24,000001,60.72,2044555
2023-08-25,000001,61.55,6693652
2023-08-28,000001,62.86,4438514
2023-08-29,000001,61.28,7495180
2023-08-30,000001,60.52,1896997
2023-08-31,000001,58.82,5622884
2023-09-01,000001,59.96,3736293
2023-09-04,000001,61.11,3090478
2023-09-05,000001,61.43,9369792
2023-09-06,000001,62.29,1057329
2023-09-07,000001,61.76,2097340
2023-09-08,000001,62.64,6354595
2023-09-11,000001,61.35,3284830
2023-09-12,000001,62.89,6259299
2023-09-13,000001,64.19,2628995
2023-09-14,000001,65.88,7143107
2023-09-15,000001,66.39,4376539
2023-09-18,000001,66.79,8694577
2023-09-19,000001,68.29,3248818
2023-09-20,000001,67.71,9015716
2023-09-21,000001,67.84,9808461
2023-09-22,000001,69.1,5067586
2023-09-25,000001,68.88,4362554
2023-09-26,000001,68.29,4900967
2023-09-27,000001,70.25,5228378
2023-09-28,000001,68.95,6770481
2023-09-29,000001,69.27,8884196
2023-10-02,000001,68.2,5118816
2023-10-03,000001,67.56,6761722
2023-10-04,000001,69.44,4785933
2023-10-05,000001,71.51,9742197
2023-10-06,000001,70.76,4526159
2023-10-09,000001,71.05,1324277
2023-10-10,000001,69.28,7211619
2023-10-11,000001,68.87,9146455
2023-10-12,000001,70.16,3300781
2023-10-13,000001,70.0,4390595
2023-10-16,000001,70.32,3481194
2023-10-17,000001,71.34,2829270
2023-10-18,000001,73.05,6424903
2023-10-19,000001,75.15,1813450
2023-10-20,000001,76.19,1366567
2023-10-23,000001,75.59,3008978
2023-10-24,000001,76.75,9904728
2023-10-25,000001,78.8,6070119
2023-10-26,000001,78.88,3536830
2023-10-27,000001,76.76,5968464
2023-10-30,000001,78.26,8923920
2023-10-31,000001,76.1,9703767
2023-11-01,000001,74.9,5470114
2023-11-02,000001,75.92,7286925
2023-11-03,000001,75.0,4495301
2023-11-06,000001,74.24,6927649
2023-11-07,000001,74.3,1837404
2023-11-08,000001,73.08,2931989
2023-11-09,000001,73.98,4015026
2023-11-10,000001,76.1,8754851
2023-11-13,000001,75.36,6191617
2023-11-14,000001,76.69,5992665
2023-11-15,000001,78.87,5103788
2023-11-16,000001,77.88,1462944
2023-11-17,000001,77.6,2136994
2023-11-20,000001,77.51,9776938
2023-11-21,000001,78.0,6814792
2023-11-22,000001,76.21,9326240
2023-11-23,000001,77.83,9616325
2023-11-24,000001,76.97,9752583
2023-11-27,000001,74.98,2147123
2023-11-28,000001,76.79,9532831
2023-11-29,000001,75.3,8133554
2023-11-30,000001,75.05,4037039
2023-12-01,000001,73.69,6788802
2022-01-03,000002,49.37,7012051
2022-01-04,000002,49.64,9035101
2022-01-05,000002,50.55,6519664
2022-01-06,000002,51.19,5354232
2022-01-07,000002,52.49,1746938
2022-01-10,000002,52.05,3020602
2022-01-11,000002,53.09,8276589
2022-01-12,000002,52.82,4460118
2022-01-13,000002,52.26,8142149
2022-01-14,000002,52.28,1086416
2022-01-17,000002,51.09,8077060
2022-01-18,000002,52.43,9950926
2022-01-19,000002,52.71,5947589
2022-01-20,000002,53.37,5323668
2022-01-21,000002,53.6,3362966
2022-01-24,000002,52.37,8547835
2022-01-25,000002,51.19,3729102
2022-01-26,000002,51.44,9606328
2022-01-27,000002,52.58,9671681
2022-01-28,000002,52.44,7093765
2022-01-31,000002,53.07,6056820
2022-02-01,000002,54.65,4921437
2022-02-02,000002,55.48,7267317
2022-02-03,000002,56.29,5880762
2022-02-04,000002,57.23,3959300
2022-02-07,000002,57.82,6518577
2022-02-08,000002,56.73,2930655
2022-02-09,000002,56.22,8244976
2022-02-10,000002,54.78,1348733
2022-02-11,000002,53.96,5319544
2022-02-14,000002,53.48,3045025
2022-02-15,000002,54.83,5253804
2022-02-16,000002,53.6,5499458
2022-02-17,000002,52.45,2393347
2022-02-18,000002,52.3,9155890
2022-02-21,000002,53.01,4587192
2022-02-22,000002,52.27,2334791
2022-02-23,000002,52.75,8230490
2022-02-24,000002,52.26,2957977
2022-02-25,000002,50.9,8687791
2022-02-28,000002,52.16,6425760
2022-03-01,000002,53.17,7094228
2022-03-02,000002,52.56,7735506
2022-03-03,000002,53.24,9093215
2022-03-04,000002,53.9,3869516
2022-03-07,000002,54.5,1891693
2022-03-08,000002,53.14,2263704
2022-03-09,000002,54.43,2212581
2022-03-10,000002,53.29,3852784
2022-03-11,000002,54.6,3741232
2022-03-14,000002,53.87,6926798
2022-03-15,000002,54.49,2921750
2022-03-16,000002,54.95,5924366
2022-03-17,000002,53.94,9144075
2022-03-18,000002,54.83,2427990
2022-03-21,000002,53.98,8833044
2022-03-22,000002,55.15,3016386
2022-03-23,000002,56.42,8030400
2022-03-24,000002,57.86,7986862
2022-03-25,000002,57.95,8317694
2022-03-28,000002,56.62,5272891
2022-03-29,000002,55.14,7406437
2022-03-30,000002,55.99,7165367
2022-03-31,000002,56.68,8631187
2022-04-01,000002,55.38,4634553
2022-04-04,000002,54.7,2205300
2022-04-05,000002,53.6,8900884
2022-04-06,000002,55.16,5321318
2022-04-07,000002,55.22,6932154
2022-04-08,000002,55.02,5216318
2022-04-11,000002,54.76,2505090
2022-04-12,000002,53.66,6106278
2022-04-13,000002,52.9,7834327
2022-04-14,000002,51.42,8731279
2022-04-15,000002,52.92,3613077
2022-04-18,000002,54.38,5927603
2022-04-19,000002,53.41,3905152
2022-04-20,000002,55.0,8561270
2022-04-21,000002,54.26,6598334
2022-04-22,000002,54.53,9867525
2022-04-25,000002,55.18,2103017
2022-04-26,000002,54.61,8178425
2022-04-27,000002,54.86,9573758
2022-04-28,000002,54.69,4450698
2022-04-29,000002,55.65,8456876
2022-05-02,000002,55.29,2951537
2022-05-03,000002,55.9,4795814
2022-05-04,000002,54.83,8637736
2022-05-05,000002,54.34,1440301
2022-05-06,000002,52.79,6044118
2022-05-09,000002,51.71,1872263
2022-05-10,000002,50.99,1618281
2022-05-11,000002,52.48,3767321
2022-05-12,000002,51.23,6021502
2022-05-13,000002,49.88,8493731
2022-05-16,000002,49.66,9942847
2022-05-17,000002,49.23,4628899
2022-05-18,000002,49.5,9322734
2022-05-19,000002,50.51,7788376
2022-05-20,000002,49.75,7026283
2022-05-23,000002,49.41,9147918
2022-05-24,000002,49.76,6267863
2022-05-25,000002,51.2,9666161
2022-05-26,000002,52.53,1648779
2022-05-27,000002,51.79,7510558
2022-05-30,000002,51.1,2627481
2022-05-31,000002,51.61,6065649
2022-06-01,000002,52.47,8416170
2022-06-02,000002,52.05,7545720
2022-06-03,000002,52.52,1992544
2022-06-06,000002,53.68,6560356
2022-06-07,000002,54.23,7762444
2022-06-08,000002,53.81,5241932
2022-06-09,000002,54.28,5355779
2022-06-10,000002,54.83,7702004
2022-06-13,000002,55.75,4371054
2022-06-14,000002,55.08,9423633
2022-06-15,000002,56.54,7641269
2022-06-16,000002,56.89,2283501
2022-06-17,000002,57.42,3315695
2022-06-20,000002,57.28,6177182
2022-06-21,000002,58.36,5097901
2022-06-22,000002,58.88,2394126
2022-06-23,000002,60.0,7711672
2022-06-24,000002,58.38,9693794
2022-06-27,000002,58.39,8948908
2022-06-28,000002,59.74,6557425
2022-06-29,000002,59.98,8640880
2022-06-30,000002,58.19,7133282
2022-07-01,000002,57.77,5229873
2022-07-04,000002,56.89,6072394
2022-07-05,000002,56.7,5068335
2022-07-06,000002,55.69,8344122
2022-07-07,000002,54.37,4215142
2022-07-08,000002,54.78,2827731
2022-07-11,000002,55.32,5258631
2022-07-12,000002,53.94,1811158
2022-07-13,000002,54.37,8066242
2022-07-14,000002,53.29,2079001
2022-07-15,000002,53.64,8438049
2022-07-18,000002,54.63,1732053
2022-07-19,000002,53.98,2554635
2022-07-20,000002,53.15,3420348
2022-07-21,000002,51.74,3605366
2022-07-22,000002,51.67,4225011
2022-07-25,000002,53.08,3833491
2022-07-26,000002,51.59,2424751
2022-07-27,000002,52.32,2312059
2022-07-28,000002,53.63,7721144
2022-07-29,000002,52.65,4003001
2022-08-01,000002,52.52,2920327
2022-08-02,000002,53.95,4182070
2022-08-03,000002,55.12,3075766
2022-08-04,000002,56.41,9119311
2022-08-05,000002,57.77,1940117
2022-08-08,000002,56.16,3563563
2022-08-09,000002,54.81,5433489
2022-08-10,000002,53.75,3571051
2022-08-11,000002,52.63,1074518
2022-08-12,000002,52.8,6618722
2022-08-15,000002,52.71,6672826
2022-08-16,000002,51.2,4239763
2022-08-17,000002,51.4,4483888
2022-08-18,000002,52.89,9642076
2022-08-19,000002,51.46,6341653
2022-08-22,000002,50.91,7419566
2022-08-23,000002,50.41,6718986
2022-08-24,000002,51.0,2631746
2022-08-25,000002,52.41,5135760
2022-08-26,000002,51.76,8557938
2022-08-29,000002,50.6,3552786
2022-08-30,000002,51.14,2564981
2022-08-31,000002,51.17,1661034
2022-09-01,000002,51.63,1383516
2022-09-02,000002,52.46,5006995
2022-09-05,000002,52.62,8264905
2022-09-06,000002,52.84,2030987
2022-09-07,000002,53.86,6625887
2022-09-08,000002,52.74,9850814
2022-09-09,000002,54.22,6626901
2022-09-12,000002,54.38,5619756
2022-09-13,000002,54.75,9475499
2022-09-14,000002,53.36,1732713
2022-09-15,000002,51.97,7882095
2022-09-16,000002,51.19,2542750
2022-09-19,000002,52.08,9487424
2022-09-20,000002,50.77,7296285
2022-09-21,000002,51.28,8936016
2022-09-22,000002,52.1,2593341
2022-09-23,000002,52.1,8622923
2022-09-26,000002,52.11,5559741
2022-09-27,000002,52.21,1274964
2022-09-28,000002,50.91,9112759
2022-09-29,000002,51.5,9415312
2022-09-30,000002,50.48,9371942
2022-10-03,000002,50.21,9385531
2022-10-04,000002,49.62,2805600
2022-10-05,000002,50.38,5546349
2022-10-06,000002,50.29,1829782
2022-10-07,000002,49.08,2306074
2022-10-10,000002,49.63,5084961
2022-10-11,000002,48.46,9574730
2022-10-12,000002,49.07,3392203
2022-10-13,000002,49.2,6803578
2022-10-14,000002,50.27,9544213
2022-10-17,000002,49.61,2343980
2022-10-18,000002,50.44,2239213
2022-10-19,000002,51.27,7161268
2022-10-20,000002,49.85,8338145
2022-10-21,000002,48.6,3141913
2022-10-24,000002,48.55,4685972
2022-10-25,000002,47.59,1686352
2022-10-26,000002,46.24,7725153
2022-10-27,000002,46.09,9149079
2022-10-28,000002,46.2,5350982
2022-10-31,000002,46.32,9472637
2022-11-01,000002,46.38,7209145
2022-11-02,000002,47.25,6571823
2022-11-03,000002,48.54,4824792
2022-11-04,000002,48.96,2330438
2022-11-07,000002,48.41,3424091
2022-11-08,000002,48.85,5911552
2022-11-09,000002,48.3,8215909
2022-11-10,000002,47.44,6742027
2022-11-11,000002,48.83,9567170
2022-11-14,000002,48.85,8528186
2022-11-15,000002,48.55,3307973
2022-11-16,000002,48.65,5170985
2022-11-17,000002,50.01,5531971
2022-11-18,000002,48.87,8678252
2022-11-21,000002,48.96,9146815
2022-11-22,000002,48.1,8859985
2022-11-23,000002,47.07,8287714
2022-11-24,000002,45.8,2254628
2022-11-25,000002,44.55,5239423
2022-11-28,000002,44.06,9054373
2022-11-29,000002,45.28,3304897
2022-11-30,000002,45.02,3907665
2022-12-01,000002,46.22,9928662
2022-12-02,000002,45.26,5514059
2022-12-05,000002,44.7,6237544
2022-12-06,000002,44.59,4305519
2022-12-07,000002,44.48,7729201
2022-12-08,000002,43.81,7991222
2022-12-09,000002,44.34,7028680
2022-12-12,000002,44.0,6482693
2022-12-13,000002,43.26,1967909
2022-12-14,000002,42.23,8080093
2022-12-15,000002,41.53,9569227
2022-12-16,000002,40.47,7438543
2022-12-19,000002,41.48,9675190
2022-12-20,000002,40.39,2746855
2022-12-21,000002,40.46,1700483
2022-12-22,000002,39.49,7741367
2022-12-23,000002,40.63,5687951
2022-12-26,000002,40.53,5496887
2022-12-27,000002,41.24,2270075
2022-12-28,000002,40.79,5889771
2022-12-29,000002,41.49,3696347
2022-12-30,000002,41.17,7299774
2023-01-02,000002,40.32,5984014
2023-01-03,000002,40.06,8671242
2023-01-04,000002,40.09,9395816
2023-01-05,000002,39.32,3836118
2023-01-06,000002,38.27,1135636
2023-01-09,000002,37.21,2049179
2023-01-10,000002,37.18,5383080
2023-01-11,000002,36.9,7924049
2023-01-12,000002,37.84,9289059
2023-01-13,000002,38.34,8205239
2023-01-16,000002,37.63,2887867
2023-01-17,000002,36.6,6061576
2023-01-18,000002,37.04,8577185
2023-01-19,000002,37.79,1985126
2023-01-20,000002,37.77,7382785
2023-01-23,000002,38.15,6171216
2023-01-24,000002,38.83,7098314
2023-01-25,000002,39.03,5956615
2023-01-26,000002,38.81,5793970
2023-01-27,000002,39.45,9526880
2023-01-30,000002,39.94,4466075
2023-01-31,000002,39.04,2501304
2023-02-01,000002,40.16,6235543
2023-02-02,000002,40.82,6483304
2023-02-03,000002,40.95,5350014
2023-02-06,000002,40.4,9213068
2023-02-07,000002,41.06,6514842
2023-02-08,000002,40.82,5371605
2023-02-09,000002,42.01,2938408
2023-02-10,000002,42.5,4856785
2023-02-13,000002,42.47,2048489
2023-02-14,000002,43.58,4599792
2023-02-15,000002,43.09,8379164
2023-02-16,000002,42.62,6744922
2023-02-17,000002,42.57,6887531
2023-02-20,000002,42.54,9050813
2023-02-21,000002,42.76,5333384
2023-02-22,000002,43.2,1820103
2023-02-23,000002,43.67,6738107
2023-02-24,000002,43.44,4423764
2023-02-27,000002,44.13,9985016
2023-02-28,000002,43.73,8598812
2023-03-01,000002,42.77,6363337
2023-03-02,000002,43.13,5931987
2023-03-03,000002,43.12,3619942
2023-03-06,000002,43.16,2103800
2023-03-07,000002,42.99,1275077
2023-03-08,000002,42.3,9343997
2023-03-09,000002,42.13,5651353
2023-03-10,000002,42.17,6264031
2023-03-13,000002,41.84,1688885
2023-03-14,000002,41.96,1039492
2023-03-15,000002,40.8,6574783
2023-03-16,000002,41.12,2107107
2023-03-17,000002,40.86,7901131
2023-03-20,000002,41.73,7739952
2023-03-21,000002,41.27,5756562
2023-03-22,000002,42.26,4348642
2023-03-23,000002,41.06,4506716
2023-03-24,000002,39.91,1155884
2023-03-27,000002,40.49,4018078
2023-03-28,000002,39.62,7612347
2023-03-29,000002,39.69,7321211
2023-03-30,000002,40.28,6777347
2023-03-31,000002,41.06,3587931
2023-04-03,000002,42.1,7314496
2023-04-04,000002,41.29,8592003
2023-04-05,000002,42.39,3526933
2023-04-06,000002,42.62,4886049
2023-04-07,000002,43.22,2090317
2023-04-10,000002,43.1,9102498
2023-04-11,000002,44.21,5393221
2023-04-12,000002,43.36,7506165
2023-04-13,000002,42.56,1271268
2023-04-14,000002,42.89,8187490
2023-04-17,000002,42.19,6931352
2023-04-18,000002,43.43,7934309
2023-04-19,000002,42.2,8936625
2023-04-20,000002,41.71,3973279
2023-04-21,000002,42.8,2577757
2023-04-24,000002,41.63,5982285
2023-04-25,000002,41.74,2045708
2023-04-26,000002,40.74,5875371
2023-04-27,000002,39.72,9089598
2023-04-28,000002,38.97,5564494
2023-05-01,000002,39.06,2389700
2023-05-02,000002,38.95,4747633
2023-05-03,000002,40.03,9925643
2023-05-04,000002,39.91,2065454
2023-05-05,000002,40.34,7852101
2023-05-08,000002,41.51,4827267
2023-05-09,000002,40.76,5172050
2023-05-10,000002,39.59,7748586
2023-05-11,000002,40.65,9637495
2023-05-12,000002,40.04,1031810
2023-05-15,000002,40.19,7805415
2023-05-16,000002,40.02,3174892
2023-05-17,000002,39.98,9728286
2023-05-18,000002,40.34,7494398
2023-05-19,000002,39.35,4803646
2023-05-22,000002,40.18,7640429
2023-05-23,000002,40.42,9955550
2023-05-24,000002,40.13,2053365
2023-05-25,000002,40.82,5574342
2023-05-26,000002,41.04,6511406
2023-05-29,000002,39.93,4230427
2023-05-30,000002,39.74,4115301
2023-05-31,000002,40.58,7553707
2023-06-01,000002,39.38,6739513
2023-06-02,000002,39.0,6292300
2023-06-05,000002,39.12,9846255
2023-06-06,000002,39.75,6188490
2023-06-07,000002,39.6,6214974
2023-06-08,000002,39.86,9209584
2023-06-09,000002,39.06,4894256
2023-06-12,000002,38.47,7759615
2023-06-13,000002,38.28,9209685
2023-06-14,000002,38.43,1143062
2023-06-15,000002,39.05,9734356
2023-06-16,000002,39.56,7879473
2023-06-19,000002,38.4,9120987
2023-06-20,000002,39.19,4194452
2023-06-21,000002,40.23,6206064
2023-06-22,000002,39.79,3303275
2023-06-23,000002,38.61,6702136
2023-06-26,000002,37.72,5377755
2023-06-27,000002,38.5,8771974
2023-06-28,000002,38.75,3143269
2023-06-29,000002,39.44,6322827
2023-06-30,000002,39.56,7640339
2023-07-03,000002,40.14,3956031
2023-07-04,000002,41.17,4529098
2023-07-05,000002,42.03,5326345
2023-07-06,000002,41.04,6949055
2023-07-07,000002,40.93,4350863
2023-07-10,000002,39.76,7933862
2023-07-11,000002,39.31,8670001
2023-07-12,000002,39.3,7525932
2023-07-13,000002,39.51,3333291
2023-07-14,000002,38.52,5627499
2023-07-17,000002,39.29,1028817
2023-07-18,000002,39.91,1598494
2023-07-19,000002,40.54,8869570
2023-07-20,000002,40.93,4411691
2023-07-21,000002,40.17,5063447
2023-07-24,000002,39.4,7311070
2023-07-25,000002,39.12,2211310
2023-07-26,000002,39.16,9940717
2023-07-27,000002,39.49,9573812
2023-07-28,000002,40.4,7447167
2023-07-31,000002,40.3,2772941
2023-08-01,000002,39.57,9149352
2023-08-02,000002,38.92,4076014
2023-08-03,000002,40.03,7075621
2023-08-04,000002,40.46,1389195
2023-08-07,000002,40.62,2025905
2023-08-08,000002,41.29,7003343
2023-08-09,000002,41.04,8034110
2023-08-10,000002,40.49,9823922
2023-08-11,000002,40.33,2870095
2023-08-14,000002,40.45,3443414
2023-08-15,000002,41.29,9897274
2023-08-16,000002,41.62,2260139
2023-08-17,000002,42.29,4201438
2023-08-18,000002,42.97,3273673
2023-08-21,000002,43.94,2142059
2023-08-22,000002,43.01,1742800
2023-08-23,000002,43.4,5929671
2023-08-24,000002,42.25,1148811
2023-08-25,000002,42.57,7334733
2023-08-28,000002,43.21,5975761
2023-08-29,000002,44.08,4034338
2023-08-30,000002,43.43,6714758
2023-08-31,000002,42.9,1486350
2023-09-01,000002,43.59,4295353
2023-09-04,000002,43.6,5377353
2023-09-05,000002,43.84,7902818
2023-09-06,000002,45.11,2447206
2023-09-07,000002,46.35,6360478
2023-09-08,000002,47.67,9689494
2023-09-11,000002,47.98,9790821
2023-09-12,000002,46.58,4406570
2023-09-13,000002,46.93,3854870
2023-09-14,000002,47.83,4268011
2023-09-15,000002,47.68,3669018
2023-09-18,000002,48.49,8517585
2023-09-19,000002,47.21,1390291
2023-09-20,000002,48.27,5188147
2023-09-21,000002,47.11,9530185
2023-09-22,000002,47.06,6132725
2023-09-25,000002,46.88,4952761
2023-09-26,000002,47.96,3478248
2023-09-27,000002,47.97,9053774
2023-09-28,000002,48.26,3118947
2023-09-29,000002,47.8,7729206
2023-10-02,000002,48.37,7980709
2023-10-03,000002,49.27,9439707
2023-10-04,000002,48.38,8774633
2023-10-05,000002,48.42,7530161
2023-10-06,000002,48.74,8494312
2023-10-09,000002,49.31,1662310
2023-10-10,000002,48.16,5764955
2023-10-11,000002,48.28,7372082
2023-10-12,000002,48.12,2884906
2023-10-13,000002,46.94,1262708
2023-10-16,000002,47.27,6345452
2023-10-17,000002,47.31,6726853
2023-10-18,000002,48.5,4381060
2023-10-19,000002,48.44,7291562
2023-10-20,000002,47.43,8369888
2023-10-23,000002,47.0,5467922
2023-10-24,000002,46.87,9328556
2023-10-25,000002,47.39,7876040
2023-10-26,000002,48.44,7146479
2023-10-27,000002,49.65,4017790
2023-10-30,000002,49.39,7333526
2023-10-31,000002,49.68,9222077
2023-11-01,000002,50.68,4999521
2023-11-02,000002,49.42,2708669
2023-11-03,000002,48.29,2223052
2023-11-06,000002,47.99,9779926
2023-11-07,000002,47.28,9112817
2023-11-08,000002,46.74,8352518
2023-11-09,000002,45.35,4783367
2023-11-10,000002,45.92,4093202
2023-11-13,000002,46.52,6050822
2023-11-14,000002,47.24,1553674
2023-11-15,000002,47.85,4178536
2023-11-16,000002,47.26,5250788
2023-11-17,000002,45.97,7522779
2023-11-20,000002,45.43,4699642
2023-11-21,000002,45.75,5791275
2023-11-22,000002,45.56,1061760
2023-11-23,000002,44.38,4557031
2023-11-24,000002,45.12,2936843
2023-11-27,000002,44.54,2970546
2023-11-28,000002,43.89,3082965
2023-11-29,000002,45.02,3021359
2023-11-30,000002,44.4,4678111
2023-12-01,000002,44.08,2087927
2022-01-03,000003,50.23,7165389
2022-01-04,000003,51.05,9521938
2022-01-05,000003,51.56,6865891
2022-01-06,000003,51.4,8078860
2022-01-07,000003,50.22,6505770
2022-01-10,000003,51.2,2535221
2022-01-11,000003,52.62,3495434
2022-01-12,000003,51.23,7363005
2022-01-13,000003,51.69,6953263
2022-01-14,000003,50.63,7867860
2022-01-17,000003,50.96,7539710
2022-01-18,000003,49.84,7744786
2022-01-19,000003,48.37,4618120
2022-01-20,000003,47.63,5364271
2022-01-21,000003,48.04,8206903
2022-01-24,000003,48.31,3616951
2022-01-25,000003,47.22,8819499
2022-01-26,000003,47.32,5937379
2022-01-27,000003,48.73,4641888
2022-01-28,000003,49.01,1694309
2022-01-31,000003,48.61,4359799
2022-02-01,000003,49.43,9182849
2022-02-02,000003,49.28,4151077
2022-02-03,000003,48.25,9232290
2022-02-04,000003,49.18,2188337
2022-02-07,000003,49.94,6978270
2022-02-08,000003,50.69,7248964
2022-02-09,000003,49.56,4784425
2022-02-10,000003,50.96,3632172
2022-02-11,000003,52.43,3670221
2022-02-14,000003,53.05,3369354
2022-02-15,000003,52.13,5704116
2022-02-16,000003,53.28,2695109
2022-02-17,000003,54.02,8105298
2022-02-18,000003,53.62,4583313
2022-02-21,000003,54.0,9472457
2022-02-22,000003,52.82,1857319
2022-02-23,000003,51.8,1783191
2022-02-24,000003,50.44,6479856
2022-02-25,000003,51.32,6918469
2022-02-28,000003,51.33,7164011
2022-03-01,000003,51.26,3235889
2022-03-02,000003,52.57,6110882
2022-03-03,000003,52.81,8341692
2022-03-04,000003,51.74,1531029
2022-03-07,000003,51.52,8241796
2022-03-08,000003,50.38,1635823
2022-03-09,000003,50.34,3616026
2022-03-10,000003,49.65,4933922
2022-03-11,000003,50.17,4294236
2022-03-14,000003,50.1,8331790
2022-03-15,000003,51.54,5179522
2022-03-16,000003,50.5,7011827
2022-03-17,000003,50.73,6040824
2022-03-18,000003,51.33,4202309
2022-03-21,000003,50.62,5276149
2022-03-22,000003,51.59,4265000
2022-03-23,000003,51.3,7848617
2022-03-24,000003,51.74,1030624
2022-03-25,000003,52.61,2889718
2022-03-28,000003,53.6,6087411
2022-03-29,000003,53.72,8100913
2022-03-30,000003,53.76,8263120
2022-03-31,000003,52.35,2965329
2022-04-01,000003,53.27,1899232
2022-04-04,000003,53.87,2066846
2022-04-05,000003,54.74,5868431
2022-04-06,000003,55.46,5657017
2022-04-07,000003,53.96,1049853
2022-04-08,000003,55.45,5016416
2022-04-11,000003,54.63,5664612
2022-04-12,000003,56.16,7215215
2022-04-13,000003,55.81,3359459
2022-04-14,000003,54.77,1035764
2022-04-15,000003,53.2,4136159
2022-04-18,000003,53.19,6998851
2022-04-19,000003,52.31,1581796
2022-04-20,000003,53.26,9696852
2022-04-21,000003,52.97,3483199
2022-04-22,000003,53.49,4191525
2022-04-25,000003,54.56,1717975
2022-04-26,000003,53.96,8881374
2022-04-27,000003,52.88,5932236
2022-04-28,000003,52.98,8680923
2022-04-29,000003,52.95,7247114
2022-05-02,000003,54.12,4313902
2022-05-03,000003,53.63,7316075
2022-05-04,000003,54.29,4777298
2022-05-05,000003,54.57,2117452
2022-05-06,000003,53.54,4392252
2022-05-09,000003,52.88,5753370
2022-05-10,000003,53.13,4074502
2022-05-11,000003,53.05,2173506
2022-05-12,000003,52.19,4909119
2022-05-13,000003,53.44,7009086
2022-05-16,000003,54.97,3932395
2022-05-17,000003,55.77,3838597
2022-05-18,000003,57.33,2612889
2022-05-19,000003,56.1,4838308
2022-05-20,000003,56.67,5123456
2022-05-23,000003,55.78,4769457
2022-05-24,000003,55.03,9573856
2022-05-25,000003,55.58,1642787
2022-05-26,000003,54.37,8323716
2022-05-27,000003,55.04,9277237
2022-05-30,000003,53.64,9689117
2022-05-31,000003,52.23,4608007
2022-06-01,000003,51.7,6342216
2022-06-02,000003,51.49,8564389
2022-06-03,000003,51.08,2962931
2022-06-06,000003,51.73,5482577
2022-06-07,000003,52.74,9494344
2022-06-08,000003,51.84,8057085
2022-06-09,000003,50.75,2163253
2022-06-10,000003,51.65,1801930
2022-06-13,000003,51.1,2799131
2022-06-14,000003,51.59,9822243
2022-06-15,000003,50.19,2657251
2022-06-16,000003,49.99,7443963
2022-06-17,000003,50.21,1356858
2022-06-20,000003,48.77,2623465
2022-06-21,000003,50.19,4786962
2022-06-22,000003,51.33,2188152
2022-06-23,000003,49.9,2873326
2022-06-24,000003,51.33,3540936
2022-06-27,000003,50.33,8455397
2022-06-28,000003,50.54,2327529
2022-06-29,000003,51.54,3498148
2022-06-30,000003,51.94,3081469
2022-07-01,000003,53.37,2254330
2022-07-04,000003,52.02,3685001
2022-07-05,000003,51.57,2057123
2022-07-06,000003,50.07,5152566
2022-07-07,000003,50.54,5231683
2022-07-08,000003,50.44,4006510
2022-07-11,000003,51.7,7478447
2022-07-12,000003,51.06,6894343
2022-07-13,000003,50.72,1082860
2022-07-14,000003,49.55,5983458
2022-07-15,000003,49.47,8737719
2022-07-18,000003,50.82,2647520
2022-07-19,000003,52.24,3871710
2022-07-20,000003,50.89,1472239
2022-07-21,000003,50.91,6059454
2022-07-22,000003,51.38,7955711
2022-07-25,000003,49.93,3263223
2022-07-26,000003,50.72,6090624
2022-07-27,000003,51.51,6367813
2022-07-28,000003,51.85,2708909
2022-07-29,000003,51.49,2364584
2022-08-01,000003,52.91,7078763
2022-08-02,000003,52.65,3658187
2022-08-03,000003,51.28,1493290
2022-08-04,000003,51.37,3113852
2022-08-05,000003,52.67,7137391
2022-08-08,000003,51.9,6802063
2022-08-09,000003,52.06,8966396
2022-08-10,000003,50.53,1361631
2022-08-11,000003,49.58,4940147
2022-08-12,000003,48.74,5409191
2022-08-15,000003,48.83,2029047
2022-08-16,000003,50.29,7182198
2022-08-17,000003,49.78,3375751
2022-08-18,000003,49.75,2843966
2022-08-19,000003,49.0,1328967
2022-08-22,000003,47.9,9540146
2022-08-23,000003,48.3,6029777
2022-08-24,000003,47.06,7822817
2022-08-25,000003,48.37,1232298
2022-08-26,000003,47.97,4643957
2022-08-29,000003,47.87,8071103
2022-08-30,000003,49.29,1763540
2022-08-31,000003,48.04,8673979
2022-09-01,000003,46.79,7619522
2022-09-02,000003,47.34,8862036
2022-09-05,000003,46.48,4998352
2022-09-06,000003,47.31,1073755
2022-09-07,000003,47.95,9407684
2022-09-08,000003,47.32,6841295
2022-09-09,000003,46.41,4226791
2022-09-12,000003,46.61,2453811
2022-09-13,000003,46.29,5913007
2022-09-14,000003,45.68,9385470
2022-09-15,000003,45.55,9634545
2022-09-16,000003,45.85,5799431
2022-09-19,000003,47.02,4600112
2022-09-20,000003,46.89,6761000
2022-09-21,000003,47.74,6788142
2022-09-22,000003,48.38,7512959
2022-09-23,000003,48.63,7982692
2022-09-26,000003,48.35,7892778
2022-09-27,000003,48.45,1219524
2022-09-28,000003,48.98,6717103
2022-09-29,000003,49.64,1652143
2022-09-30,000003,49.17,9442599
2022-10-03,000003,48.94,6838730
2022-10-04,000003,48.06,1275028
2022-10-05,000003,48.59,5358708
2022-10-06,000003,47.87,3287069
2022-10-07,000003,47.12,3369282
2022-10-10,000003,46.89,3443773
2022-10-11,000003,47.88,9452917
2022-10-12,000003,48.84,5834372
2022-10-13,000003,47.49,6184853
2022-10-14,000003,46.39,8530441
2022-10-17,000003,46.32,7382074
2022-10-18,000003,47.28,9626960
2022-10-19,000003,46.67,7835327
2022-10-20,000003,46.99,7727526
2022-10-21,000003,46.35,3308381
2022-10-24,000003,46.35,5415820
2022-10-25,000003,45.9,7177942
2022-10-26,000003,47.25,6089284
2022-10-27,000003,48.16,1240325
2022-10-28,000003,47.0,9164317
2022-10-31,000003,48.11,3661384
2022-11-01,000003,47.14,2793604
2022-11-02,000003,47.75,8028431
2022-11-03,000003,48.99,6847491
2022-11-04,000003,47.93,2624262
2022-11-07,000003,47.72,4879576
2022-11-08,000003,48.95,1661155
2022-11-09,000003,48.15,3719643
2022-11-10,000003,48.29,2283582
2022-11-11,000003,49.38,1232458
2022-11-14,000003,49.69,6119355
2022-11-15,000003,51.11,3760709
2022-11-16,000003,52.63,9290262
2022-11-17,000003,51.97,2422214
2022-11-18,000003,51.27,8201000
2022-11-21,000003,52.34,4832676
2022-11-22,000003,52.02,1002492
2022-11-23,000003,51.19,8993794
2022-11-24,000003,51.1,6649504
2022-11-25,000003,50.67,2867300
2022-11-28,000003,50.59,4564789
2022-11-29,000003,49.97,4612216
2022-11-30,000003,48.82,8094189
2022-12-01,000003,49.49,5783365
2022-12-02,000003,48.81,8621922
2022-12-05,000003,47.71,3148322
2022-12-06,000003,46.62,6335478
2022-12-07,000003,46.0,2171404
2022-12-08,000003,45.68,9573094
2022-12-09,000003,45.86,7193933
2022-12-12,000003,46.73,2473970
2022-12-13,000003,47.53,4863404
2022-12-14,000003,48.68,8115025
2022-12-15,000003,49.38,4902393
2022-12-16,000003,50.52,6149386
2022-12-19,000003,49.1,9644895
2022-12-20,000003,49.06,4019617
2022-12-21,000003,50.42,5552875
2022-12-22,000003,50.51,8114018
2022-12-23,000003,49.41,5118874
2022-12-26,000003,49.67,5291440
2022-12-27,000003,50.49,3991015
2022-12-28,000003,49.77,8494297
2022-12-29,000003,48.6,2455262
2022-12-30,000003,49.74,1319078
2023-01-02,000003,49.09,4627599
2023-01-03,000003,50.5,6418966
2023-01-04,000003,49.53,9710693
2023-01-05,000003,48.88,8832852
2023-01-06,000003,49.84,8288628
2023-01-09,000003,49.06,7863288
2023-01-10,000003,50.33,2788396
2023-01-11,000003,49.19,3632637
2023-01-12,000003,49.65,2013998
2023-01-13,000003,49.61,4973261
2023-01-16,000003,50.94,1790754
2023-01-17,000003,51.44,5195247
2023-01-18,000003,52.2,5288319
2023-01-19,000003,50.92,6024506
2023-01-20,000003,50.56,2689412
2023-01-23,000003,51.23,9177685
2023-01-24,000003,51.01,6419994
2023-01-25,000003,50.96,1387887
2023-01-26,000003,49.67,1037792
2023-01-27,000003,49.94,7326883
2023-01-30,000003,51.29,1481398
2023-01-31,000003,49.81,6214341
2023-02-01,000003,51.24,8056007
2023-02-02,000003,52.06,3566130
2023-02-03,000003,51.94,9134645
2023-02-06,000003,52.09,4104779
2023-02-07,000003,50.61,9600757
2023-02-08,000003,49.91,6109749
2023-02-09,000003,48.66,5121079
2023-02-10,000003,48.84,7080455
2023-02-13,000003,48.72,4297070
2023-02-14,000003,48.75,5035698
2023-02-15,000003,48.52,2920604
2023-02-16,000003,49.22,7021709
2023-02-17,000003,48.87,1304899
2023-02-20,000003,50.02,2296751
2023-02-21,000003,51.16,1171723
2023-02-22,000003,50.78,1800404
2023-02-23,000003,50.7,9262464
2023-02-24,000003,51.38,1707653
2023-02-27,000003,50.4,2898791
2023-02-28,000003,51.46,6120473
2023-03-01,000003,51.28,9322331
2023-03-02,000003,51.7,9594368
2023-03-03,000003,51.08,9306574
2023-03-06,000003,51.99,4921524
2023-03-07,000003,51.24,4374194
2023-03-08,000003,51.95,8370790
2023-03-09,000003,53.1,2563106
2023-03-10,000003,54.25,2528227
2023-03-13,000003,52.95,3972540
2023-03-14,000003,54.4,3572804
2023-03-15,000003,53.7,4953604
2023-03-16,000003,53.61,1998329
2023-03-17,000003,54.76,4014477
2023-03-20,000003,53.88,7778992
2023-03-21,000003,53.65,8686099
2023-03-22,000003,54.17,9631631
2023-03-23,000003,55.37,6230058
2023-03-24,000003,56.11,2065291
2023-03-27,000003,56.38,8508345
2023-03-28,000003,55.09,7766186
2023-03-29,000003,55.15,1210244
2023-03-30,000003,56.72,8470991
2023-03-31,000003,58.01,8974026
2023-04-03,000003,58.56,8092135
2023-04-04,000003,57.9,7250220
2023-04-05,000003,59.23,9103880
2023-04-06,000003,59.18,3373483
2023-04-07,000003,60.91,2204079
2023-04-10,000003,60.8,5230620
2023-04-11,000003,62.54,6855921
2023-04-12,000003,61.76,3507367
2023-04-13,000003,61.77,8592004
2023-04-14,000003,63.45,7917227
2023-04-17,000003,63.15,6417216
2023-04-18,000003,63.4,3487027
2023-04-19,000003,62.03,9940649
2023-04-20,000003,63.85,7215678
2023-04-21,000003,64.78,9116649
2023-04-24,000003,65.97,1282221
2023-04-25,000003,66.31,1382001
2023-04-26,000003,67.51,9572080
2023-04-27,000003,68.7,6149255
2023-04-28,000003,68.34,8261582
2023-05-01,000003,69.1,5426791
2023-05-02,000003,70.72,3043009
2023-05-03,000003,71.69,2631006
2023-05-04,000003,70.21,1380747
2023-05-05,000003,69.18,8614116
2023-05-08,000003,67.49,9241905
2023-05-09,000003,68.16,5685559
2023-05-10,000003,68.19,1672165
2023-05-11,000003,66.62,2494499
2023-05-12,000003,66.85,5193667
2023-05-15,000003,68.24,5420748
2023-05-16,000003,66.57,8641906
2023-05-17,000003,68.33,6678935
2023-05-18,000003,66.34,4694520
2023-05-19,000003,67.6,1216657
2023-05-22,000003,68.94,7136737
2023-05-23,000003,70.24,3292727
2023-05-24,000003,70.63,4539302
2023-05-25,000003,70.01,3410205
2023-05-26,000003,68.15,6868464
2023-05-29,000003,67.55,8231214
2023-05-30,000003,68.21,2378510
2023-05-31,000003,68.37,7461362
2023-06-01,000003,68.0,8733895
2023-06-02,000003,68.71,4284139
2023-06-05,000003,69.93,7107518
2023-06-06,000003,70.28,8838378
2023-06-07,000003,70.46,1186866
2023-06-08,000003,69.97,7656836
2023-06-09,000003,71.91,8698630
2023-06-12,000003,73.57,5157314
2023-06-13,000003,75.77,8540135
2023-06-14,000003,76.77,6938940
2023-06-15,000003,76.63,3061899
2023-06-16,000003,76.08,7298980
2023-06-19,000003,75.43,7499013
2023-06-20,000003,75.07,1040358
2023-06-21,000003,73.57,3115323
2023-06-22,000003,73.01,6722859
2023-06-23,000003,72.66,9907211
2023-06-26,000003,73.91,9065772
2023-06-27,000003,75.98,1257322
2023-06-28,000003,78.03,4416490
2023-06-29,000003,79.12,5779566
2023-06-30,000003,79.5,7801001
2023-07-03,000003,79.8,6992816
2023-07-04,000003,78.79,2503680
2023-07-05,000003,80.77,1994838
2023-07-06,000003,78.62,7330317
2023-07-07,000003,77.33,6058869
2023-07-10,000003,79.26,9729546
2023-07-11,000003,77.01,6031086
2023-07-12,000003,76.26,8103176
2023-07-13,000003,77.52,9273877
2023-07-14,000003,78.31,1885039
2023-07-17,000003,79.08,1520504
2023-07-18,000003,81.37,1359750
2023-07-19,000003,83.73,9704357
2023-07-20,000003,84.67,3203413
2023-07-21,000003,85.55,5830944
2023-07-24,000003,87.8,2074385
2023-07-25,000003,85.9,8616769
2023-07-26,000003,84.97,1931179
2023-07-27,000003,85.44,6553502
2023-07-28,000003,85.39,7842319
2023-07-31,000003,86.07,5770221
2023-08-01,000003,87.64,3375088
2023-08-02,000003,89.54,1358804
2023-08-03,000003,89.71,6882562
2023-08-04,000003,87.97,1336824
2023-08-07,000003,86.28,6832020
2023-08-08,000003,84.65,1281953
2023-08-09,000003,82.51,5737384
2023-08-10,000003,81.77,1797075
2023-08-11,000003,84.12,1320476
2023-08-14,000003,82.08,7792927
2023-08-15,000003,80.16,2982021
2023-08-16,000003,80.86,4236462
2023-08-17,000003,79.42,1613159
2023-08-18,000003,78.41,7186613
2023-08-21,000003,80.76,3568705
2023-08-22,000003,81.44,2760290
2023-08-23,000003,81.26,4227041
2023-08-24,000003,83.0,6785089
2023-08-25,000003,81.18,6551921
2023-08-28,000003,80.54,3649170
2023-08-29,000003,82.5,1646101
2023-08-30,000003,80.51,1344001
2023-08-31,000003,81.11,2643420
2023-09-01,000003,81.61,2664242
2023-09-04,000003,80.45,7005837
2023-09-05,000003,79.45,4505348
2023-09-06,000003,81.42,4186140
2023-09-07,000003,80.86,1862464
2023-09-08,000003,79.9,6458102
2023-09-11,000003,81.2,4827489
2023-09-12,000003,80.22,8871219
2023-09-13,000003,81.62,4968669
2023-09-14,000003,80.92,9476938
2023-09-15,000003,82.74,5321149
2023-09-18,000003,84.67,3432005
2023-09-19,000003,84.04,6461684
2023-09-20,000003,83.06,4822342
2023-09-21,000003,80.68,3212519
2023-09-22,000003,82.41,1769055
2023-09-25,000003,79.96,3323235
2023-09-26,000003,78.9,5920408
2023-09-27,000003,78.96,4081060
2023-09-28,000003,80.7,4778018
2023-09-29,000003,78.84,3318098
2023-10-02,000003,78.21,4051015
2023-10-03,000003,80.02,2332538
2023-10-04,000003,82.35,2311778
2023-10-05,000003,81.02,9879016
2023-10-06,000003,79.72,7745036
2023-10-09,000003,77.92,9016665
2023-10-10,000003,78.93,6812130
2023-10-11,000003,77.67,2247909
2023-10-12,000003,78.94,7915545
2023-10-13,000003,79.9,9924659
2023-10-16,000003,77.7,7050909
2023-10-17,000003,79.32,6454149
2023-10-18,000003,79.19,5813904
2023-10-19,000003,77.39,9971968
2023-10-20,000003,76.51,2535775
2023-10-23,000003,75.64,2875520
2023-10-24,000003,74.11,3806854
2023-10-25,000003,75.3,9752958
2023-10-26,000003,76.21,2566199
2023-10-27,000003,74.96,8944837
2023-10-30,000003,76.85,1713468
2023-10-31,000003,76.72,5999952
2023-11-01,000003,78.65,5196107
2023-11-02,000003,76.44,4177767
2023-11-03,000003,75.92,8019163
2023-11-06,000003,77.07,3987224
2023-11-07,000003,78.02,6385086
2023-11-08,000003,78.95,1112564
2023-11-09,000003,79.98,2957822
2023-11-10,000003,78.25,9373219
2023-11-13,000003,77.62,7766083
2023-11-14,000003,76.57,9722638
2023-11-15,000003,75.19,5072379
2023-11-16,000003,74.43,5655192
2023-11-17,000003,73.27,7543700
2023-11-20,000003,72.58,2120044
2023-11-21,000003,70.43,1265549
2023-11-22,000003,70.76,8053560
2023-11-23,000003,71.33,4591780
2023-11-24,000003,69.57,6559226
2023-11-27,000003,70.65,6755110
2023-11-28,000003,71.94,4575024
2023-11-29,000003,70.3,2162441
2023-11-30,000003,71.29,9953333
2023-12-01,000003,71.62,7283271
2022-01-03,000004,51.41,4348776
2022-01-04,000004,51.75,3057829
2022-01-05,000004,52.13,9965974
2022-01-06,000004,53.49,6338849
2022-01-07,000004,53.17,6488333
2022-01-10,000004,53.1,9177567
2022-01-11,000004,54.57,4148721
2022-01-12,000004,54.18,8136904
2022-01-13,000004,55.1,8313074
2022-01-14,000004,54.41,6182467
2022-01-17,000004,53.22,8613551
2022-01-18,000004,53.47,9135935
2022-01-19,000004,53.84,9417758
2022-01-20,000004,55.3,9404586
2022-01-21,000004,55.7,9354618
2022-01-24,000004,54.05,7917092
2022-01-25,000004,54.26,7975169
2022-01-26,000004,55.39,7374820
2022-01-27,000004,55.66,2606100
2022-01-28,000004,55.9,3655254
2022-01-31,000004,57.0,1578380
2022-02-01,000004,58.39,5320032
2022-02-02,000004,58.37,8527764
2022-02-03,000004,58.22,8316037
2022-02-04,000004,58.46,9264597
2022-02-07,000004,59.53,7677185
2022-02-08,000004,61.25,3334319
2022-02-09,000004,61.67,4498819
2022-02-10,000004,62.28,9290870
2022-02-11,000004,62.93,2210852
2022-02-14,000004,62.87,3499383
2022-02-15,000004,64.56,4807508
2022-02-16,000004,65.2,3146109
2022-02-17,000004,64.37,1601896
2022-02-18,000004,65.82,6765921
2022-02-21,000004,65.86,7280677
2022-02-22,000004,64.39,5738715
2022-02-23,000004,62.83,9674533
2022-02-24,000004,61.46,9661148
2022-02-25,000004,60.83,9842031
2022-02-28,000004,61.93,8569014
2022-03-01,000004,62.16,3291144
2022-03-02,000004,60.64,6042099
2022-03-03,000004,60.54,5735401
2022-03-04,000004,60.93,8714417
2022-03-07,000004,62.65,8446092
2022-03-08,000004,60.87,6604064
2022-03-09,000004,60.2,4211735
2022-03-10,000004,60.21,4525604
2022-03-11,000004,61.2,8644844
2022-03-14,000004,60.68,4329876
2022-03-15,000004,58.89,8086471
2022-03-16,000004,60.45,6423908
2022-03-17,000004,61.59,9967365
2022-03-18,000004,60.82,5609492
2022-03-21,000004,61.29,6327955
2022-03-22,000004,63.03,1027774
2022-03-23,000004,63.2,2136242
2022-03-24,000004,63.72,1142250
2022-03-25,000004,62.57,8872552
2022-03-28,000004,60.99,3027002
2022-03-29,000004,61.37,4140897
2022-03-30,000004,61.37,2810237
2022-03-31,000004,60.96,6584752
2022-04-01,000004,62.69,3320105
2022-04-04,000004,63.36,9995626
2022-04-05,000004,64.53,4376288
2022-04-06,000004,62.92,2394720
2022-04-07,000004,61.86,5031663
2022-04-08,000004,61.73,1771059
2022-04-11,000004,60.1,7124739
2022-04-12,000004,61.44,3709798
2022-04-13,000004,62.67,8652623
2022-04-14,000004,61.77,6813944
2022-04-15,000004,60.94,3835373
2022-04-18,000004,60.05,4178042
2022-04-19,000004,59.27,7678164
2022-04-20,000004,60.39,8695170
2022-04-21,000004,61.97,2827338
2022-04-22,000004,63.72,8519960
2022-04-25,000004,64.08,2735437
2022-04-26,000004,65.24,4750191
2022-04-27,000004,64.82,2165309
2022-04-28,000004,65.74,8891382
2022-04-29,000004,65.02,4599426
2022-05-02,000004,64.18,4353217
2022-05-03,000004,63.84,7367796
2022-05-04,000004,62.06,2395214
2022-05-05,000004,62.25,6169968
2022-05-06,000004,61.95,7392324
2022-05-09,000004,63.58,1273215
2022-05-10,000004,64.66,8097192
2022-05-11,000004,64.36,4211932
2022-05-12,000004,65.66,1878457
2022-05-13,000004,64.67,9978180
2022-05-16,000004,64.64,9402882
2022-05-17,000004,62.92,6036363
2022-05-18,000004,62.92,4562060
2022-05-19,000004,61.19,4360803
2022-05-20,000004,60.57,3662910
2022-05-23,000004,62.31,7041610
2022-05-24,000004,61.07,2903833
2022-05-25,000004,62.13,6391898
2022-05-26,000004,61.89,2535936
2022-05-27,000004,60.32,7131282
2022-05-30,000004,61.4,8577337
2022-05-31,000004,60.84,9411264
2022-06-01,000004,60.75,1533385
2022-06-02,000004,60.86,1525827
2022-06-03,000004,62.57,7807292
2022-06-06,000004,63.2,7772006
2022-06-07,000004,63.35,1726545
2022-06-08,000004,62.77,5947391
2022-06-09,000004,62.35,8924412
2022-06-10,000004,60.93,2527332
2022-06-13,000004,60.27,3721279
2022-06-14,000004,61.2,8349798
2022-06-15,000004,61.47,5443966
2022-06-16,000004,62.52,9881826
2022-06-17,000004,61.9,6358584
2022-06-20,000004,63.34,1355232
2022-06-21,000004,62.01,1712469
2022-06-22,000004,61.56,6427600
2022-06-23,000004,60.11,9186341
2022-06-24,000004,61.27,1497770
2022-06-27,000004,62.71,1177197
2022-06-28,000004,60.86,9652750
2022-06-29,000004,59.53,3767053
2022-06-30,000004,61.09,9869068
2022-07-01,000004,62.17,3618747
2022-07-04,000004,62.56,7956352
2022-07-05,000004,64.38,9576770
2022-07-06,000004,64.84,6981904
2022-07-07,000004,65.12,1026304
2022-07-08,000004,65.6,1164632
2022-07-11,000004,65.51,3959454
2022-07-12,000004,66.28,3061637
2022-07-13,000004,66.67,7899389
2022-07-14,000004,66.96,2046039
2022-07-15,000004,68.2,9242058
2022-07-18,000004,67.86,5167865
2022-07-19,000004,67.76,6142183
2022-07-20,000004,68.03,3303434
2022-07-21,000004,67.61,9969939
2022-07-22,000004,66.57,8653710
2022-07-25,000004,65.53,8006527
2022-07-26,000004,66.38,5794504
2022-07-27,000004,64.75,5776109
2022-07-28,000004,65.12,5439340
2022-07-29,000004,65.03,4855501
2022-08-01,000004,66.05,9061291
2022-08-02,000004,66.92,8455462
2022-08-03,000004,66.72,5502126
2022-08-04,000004,67.26,2312008
2022-08-05,000004,66.4,5986936
2022-08-08,000004,65.96,9872741
2022-08-09,000004,65.18,9459621
2022-08-10,000004,64.88,4307192
2022-08-11,000004,65.32,6220240
2022-08-12,000004,64.44,4043916
2022-08-15,000004,66.28,9959933
2022-08-16,000004,64.44,3315779
2022-08-17,000004,63.26,8957755
2022-08-18,000004,61.62,2641642
2022-08-19,000004,59.92,6178157
2022-08-22,000004,61.34,1968937
2022-08-23,000004,61.68,3327739
2022-08-24,000004,60.45,4312509
2022-08-25,000004,61.28,4694555
2022-08-26,000004,60.28,7953351
2022-08-29,000004,61.32,4552355
2022-08-30,000004,62.82,5490935
2022-08-31,000004,63.69,6289243
2022-09-01,000004,64.05,3701609
2022-09-02,000004,64.13,3317950
2022-09-05,000004,62.36,5988728
2022-09-06,000004,64.11,2914190
2022-09-07,000004,65.66,6902881
2022-09-08,000004,64.31,1177914
2022-09-09,000004,65.11,3339455
2022-09-12,000004,66.8,7161568
2022-09-13,000004,67.56,2839751
2022-09-14,000004,69.52,4704421
2022-09-15,000004,71.03,1938647
2022-09-16,000004,68.98,5327581
2022-09-19,000004,69.94,2950295
2022-09-20,000004,68.31,4130789
2022-09-21,000004,66.91,7821477
2022-09-22,000004,66.83,1528226
2022-09-23,000004,64.94,7267361
2022-09-26,000004,65.08,6141705
2022-09-27,000004,64.85,9182028
2022-09-28,000004,64.96,5848698
2022-09-29,000004,65.51,3706065
2022-09-30,000004,66.1,5442551
2022-10-03,000004,65.91,1711417
2022-10-04,000004,63.94,4619497
2022-10-05,000004,63.42,5483160
2022-10-06,000004,62.97,6885908
2022-10-07,000004,64.56,3858732
2022-10-10,000004,66.41,1642050
2022-10-11,000004,67.95,4105558
2022-10-12,000004,69.58,1104697
2022-10-13,000004,68.68,8124063
2022-10-14,000004,70.54,2129966
2022-10-17,000004,69.67,3924284
2022-10-18,000004,69.04,2693400
2022-10-19,000004,68.13,2127625
2022-10-20,000004,68.96,9534587
2022-10-21,000004,70.71,7241668
2022-10-24,000004,70.46,9339051
2022-10-25,000004,71.59,2924389
2022-10-26,000004,73.11,2616876
2022-10-27,000004,73.9,1845659
2022-10-28,000004,75.46,9732593
2022-10-31,000004,73.29,2113891
2022-11-01,000004,71.93,8692946
2022-11-02,000004,72.26,9106959
2022-11-03,000004,71.12,4623181
2022-11-04,000004,70.44,5424685
2022-11-07,000004,71.01,4641698
2022-11-08,000004,72.77,5050525
2022-11-09,000004,71.78,6946414
2022-11-10,000004,71.76,9661503
2022-11-11,000004,73.46,1699674
2022-11-14,000004,71.63,1637546
2022-11-15,000004,73.02,1684883
2022-11-16,000004,73.76,8002308
2022-11-17,000004,72.17,4560600
2022-11-18,000004,71.69,2770120
2022-11-21,000004,73.56,8052838
2022-11-22,000004,72.08,4920939
2022-11-23,000004,74.18,1377120
2022-11-24,000004,74.93,5379345
2022-11-25,000004,73.46,9982859
2022-11-28,000004,74.09,5215516
2022-11-29,000004,74.47,2060370
2022-11-30,000004,73.61,4373608
2022-12-01,000004,72.98,9366446
2022-12-02,000004,75.17,9173296
2022-12-05,000004,75.85,2011119
2022-12-06,000004,77.91,6355934
2022-12-07,000004,78.89,7809721
2022-12-08,000004,81.11,5227634
2022-12-09,000004,80.49,8983903
2022-12-12,000004,79.62,5817189
2022-12-13,000004,79.88,1572725
2022-12-14,000004,79.18,9999449
2022-12-15,000004,80.66,7711238
2022-12-16,000004,81.5,5049256
2022-12-19,000004,79.77,4300701
2022-12-20,000004,79.13,8623449
2022-12-21,000004,81.22,2974700
2022-12-22,000004,81.02,7929639
2022-12-23,000004,81.8,9311439
2022-12-26,000004,83.19,7674202
2022-12-27,000004,84.74,5575557
2022-12-28,000004,84.72,7611707
2022-12-29,000004,85.85,8086682
2022-12-30,000004,85.95,2543534
2023-01-02,000004,85.53,5103191
2023-01-03,000004,84.36,9918533
2023-01-04,000004,86.19,2791456
2023-01-05,000004,86.47,1867005
2023-01-06,000004,84.01,8893196
2023-01-09,000004,83.88,8805315
2023-01-10,000004,81.5,4609779
2023-01-11,000004,82.7,4833997
2023-01-12,000004,83.88,6143377
2023-01-13,000004,81.48,3853763
2023-01-16,000004,80.69,3206414
2023-01-17,000004,81.65,9001751
2023-01-18,000004,79.65,5601349
2023-01-19,000004,78.92,1984807
2023-01-20,000004,80.54,2608221
2023-01-23,000004,82.64,5602987
2023-01-24,000004,81.72,2031495
2023-01-25,000004,80.43,3162366
2023-01-26,000004,81.24,9801665
2023-01-27,000004,80.27,2179196
2023-01-30,000004,78.24,2216372
2023-01-31,000004,76.95,5836521
2023-02-01,000004,75.24,9169201
2023-02-02,000004,73.83,3480343
2023-02-03,000004,74.26,8181362
2023-02-06,000004,72.77,2951315
2023-02-07,000004,71.4,4702812
2023-02-08,000004,72.82,2129902
2023-02-09,000004,74.65,4846004
2023-02-10,000004,75.49,5208394
2023-02-13,000004,75.41,5505469
2023-02-14,000004,77.35,7883102
2023-02-15,000004,78.56,3761342
2023-02-16,000004,79.8,9925023
2023-02-17,000004,79.63,7814219
2023-02-20,000004,81.72,8049985
2023-02-21,000004,83.8,5029436
2023-02-22,000004,84.81,1901475
2023-02-23,000004,83.5,5062486
2023-02-24,000004,81.3,8172427
2023-02-27,000004,80.95,9861175
2023-02-28,000004,83.02,4761158
2023-03-01,000004,84.77,3031901
2023-03-02,000004,85.34,3750555
2023-03-03,000004,84.48,7207487
2023-03-06,000004,87.01,3679214
2023-03-07,000004,85.46,4542251
2023-03-08,000004,86.83,9193266
2023-03-09,000004,86.46,8454359
2023-03-10,000004,88.9,4850019
2023-03-13,000004,86.6,1449300
2023-03-14,000004,88.28,2785600
2023-03-15,000004,90.77,9409159
2023-03-16,000004,91.53,2387973
2023-03-17,000004,89.95,3207847
2023-03-20,000004,90.64,9512918
2023-03-21,000004,93.32,9458333
2023-03-22,000004,95.69,3112146
2023-03-23,000004,94.01,1591317
2023-03-24,000004,95.05,1116284
2023-03-27,000004,93.32,9844173
2023-03-28,000004,94.19,8441050
2023-03-29,000004,95.36,2924682
2023-03-30,000004,95.71,4163739
2023-03-31,000004,95.48,4795452
2023-04-03,000004,94.17,8614930
2023-04-04,000004,92.42,5470039
2023-04-05,000004,94.79,6583636
2023-04-06,000004,92.08,9288202
2023-04-07,000004,93.18,5176677
2023-04-10,000004,90.95,5943890
2023-04-11,000004,92.07,4308012
2023-04-12,000004,92.89,3249858
2023-04-13,000004,91.07,7709859
2023-04-14,000004,89.71,9527228
2023-04-17,000004,87.93,9743817
2023-04-18,000004,86.31,9135729
2023-04-19,000004,85.16,4235631
2023-04-20,000004,86.6,6677948
2023-04-21,000004,87.62,9508124
2023-04-24,000004,89.0,5397155
2023-04-25,000004,91.2,1829458
2023-04-26,000004,91.43,6170396
2023-04-27,000004,90.41,7285058
2023-04-28,000004,91.94,5672762
2023-05-01,000004,89.62,9886134
2023-05-02,000004,91.63,1434254
2023-05-03,000004,92.86,8607026
2023-05-04,000004,91.91,6529880
2023-05-05,000004,90.85,8780870
2023-05-08,000004,89.97,9422588
2023-05-09,000004,90.87,4089804
2023-05-10,000004,90.35,6562917
2023-05-11,000004,89.69,8026888
2023-05-12,000004,92.06,5414720
2023-05-15,000004,92.93,1773140
2023-05-16,000004,91.0,9657679
2023-05-17,000004,88.37,8149622
2023-05-18,000004,90.53,6426519
2023-05-19,000004,91.26,2811938
2023-05-22,000004,93.44,3639430
2023-05-23,000004,91.98,4366563
2023-05-24,000004,92.28,6585509
2023-05-25,000004,94.84,5759683
2023-05-26,000004,95.26,8216250
2023-05-29,000004,93.87,7713859
2023-05-30,000004,94.92,7185807
2023-05-31,000004,96.2,4755038
2023-06-01,000004,98.23,9613643
2023-06-02,000004,99.08,8161084
2023-06-05,000004,100.03,6359712
2023-06-06,000004,98.61,5251851
2023-06-07,000004,97.88,6375404
2023-06-08,000004,96.37,7895708
2023-06-09,000004,94.19,1456989
2023-06-12,000004,96.82,8689125
2023-06-13,000004,95.04,6578474
2023-06-14,000004,96.19,2457185
2023-06-15,000004,94.44,9569534
2023-06-16,000004,91.92,2398053
2023-06-19,000004,89.2,7827647
2023-06-20,000004,90.3,1833813
2023-06-21,000004,90.02,2011739
2023-06-22,000004,90.4,3573879
2023-06-23,000004,91.41,4355367
2023-06-26,000004,90.25,9516915
2023-06-27,000004,89.5,7168928
2023-06-28,000004,87.44,6064459
2023-06-29,000004,89.25,9899794
2023-06-30,000004,86.72,8076276
2023-07-03,000004,88.44,2887697
2023-07-04,000004,90.68,1158342
2023-07-05,000004,93.1,9593983
2023-07-06,000004,92.67,9228851
2023-07-07,000004,92.31,1038878
2023-07-10,000004,92.5,9819478
2023-07-11,000004,91.06,3009882
2023-07-12,000004,90.01,6520341
2023-07-13,000004,91.24,1841819
2023-07-14,000004,91.34,9792697
2023-07-17,000004,90.75,6254784
2023-07-18,000004,93.34,7393445
2023-07-19,000004,92.73,8814666
2023-07-20,000004,92.49,3968219
2023-07-21,000004,93.3,2678758
2023-07-24,000004,93.37,1241391
2023-07-25,000004,95.73,8602278
2023-07-26,000004,97.44,5369420
2023-07-27,000004,96.79,6928832
2023-07-28,000004,94.4,3003306
2023-07-31,000004,92.06,7593668
2023-08-01,000004,91.91,3966317
2023-08-02,000004,93.7,1162704
2023-08-03,000004,91.39,5182095
2023-08-04,000004,90.0,1468528
2023-08-07,000004,89.33,4446320
2023-08-08,000004,91.07,5922223
2023-08-09,000004,92.73,5278806
2023-08-10,000004,90.18,1010380
2023-08-11,000004,92.33,6722431
2023-08-14,000004,93.29,8029550
2023-08-15,000004,94.08,8480587
2023-08-16,000004,94.26,9575690
2023-08-17,000004,94.12,7770877
2023-08-18,000004,92.52,6621614
2023-08-21,000004,92.11,3458631
2023-08-22,000004,89.86,8323462
2023-08-23,000004,90.59,1495806
2023-08-24,000004,89.11,3662314
2023-08-25,000004,87.21,5435018
2023-08-28,000004,85.35,5075089
2023-08-29,000004,83.42,6423953
2023-08-30,000004,81.21,9731929
2023-08-31,000004,80.82,5820961
2023-09-01,000004,81.5,6582281
2023-09-04,000004,82.59,3751471
2023-09-05,000004,81.77,1121072
2023-09-06,000004,82.88,9438177
2023-09-07,000004,82.35,1340366
2023-09-08,000004,84.49,8903918
2023-09-11,000004,82.9,1635072
2023-09-12,000004,81.79,8697919
2023-09-13,000004,83.9,6474463
2023-09-14,000004,81.56,9211580
2023-09-15,000004,79.58,2185779
2023-09-18,000004,78.57,8676407
2023-09-19,000004,78.6,6053137
2023-09-20,000004,77.77,2560281
2023-09-21,000004,79.88,9829780
2023-09-22,000004,82.16,3610217
2023-09-25,000004,81.38,9096416
2023-09-26,000004,83.09,5230744
2023-09-27,000004,83.46,6079239
2023-09-28,000004,81.94,5048167
2023-09-29,000004,82.08,1051171
2023-10-02,000004,83.27,4142813
2023-10-03,000004,84.89,4141439
2023-10-04,000004,83.41,7895684
2023-10-05,000004,83.58,4825071
2023-10-06,000004,84.21,5121468
2023-10-09,000004,85.16,3957149
2023-10-10,000004,85.82,9322835
2023-10-11,000004,83.32,9529211
2023-10-12,000004,85.13,7529474
2023-10-13,000004,83.83,4832218
2023-10-16,000004,85.55,5259819
2023-10-17,000004,86.85,4597206
2023-10-18,000004,84.71,6304769
2023-10-19,000004,84.54,3090375
2023-10-20,000004,87.05,1639832
2023-10-23,000004,84.52,8189517
2023-10-24,000004,82.32,3765007
2023-10-25,000004,82.89,5004909
2023-10-26,000004,83.84,1237053
2023-10-27,000004,84.3,5687972
2023-10-30,000004,82.65,4795875
2023-10-31,000004,83.05,5397292
2023-11-01,000004,84.06,3193473
2023-11-02,000004,84.67,7222200
2023-11-03,000004,84.89,3557962
2023-11-06,000004,85.78,4812355
2023-11-07,000004,88.25,7966937
2023-11-08,000004,86.63,8361064
2023-11-09,000004,85.44,2359543
2023-11-10,000004,87.72,8534747
2023-11-13,000004,87.86,1799765
2023-11-14,000004,85.78,3198151
2023-11-15,000004,84.34,1669723
2023-11-16,000004,86.79,6081432
2023-11-17,000004,87.12,9706028
2023-11-20,000004,85.46,3687459
2023-11-21,000004,87.12,7538644
2023-11-22,000004,86.36,9727129
2023-11-23,000004,87.06,8892990
2023-11-24,000004,85.07,2559494
2023-11-27,000004,84.98,5053746
2023-11-28,000004,84.98,7757157
2023-11-29,000004,83.52,1316402
2023-11-30,000004,82.65,3691852
2023-12-01,000004,80.17,7080292
2022-01-03,000005,50.23,7323075
2022-01-04,000005,51.46,1917452
2022-01-05,000005,50.57,6436069
2022-01-06,000005,49.95,5306621
2022-01-07,000005,49.38,2355282
2022-01-10,000005,50.16,8572106
2022-01-11,000005,49.33,7980250
2022-01-12,000005,48.31,6191257
2022-01-13,000005,48.34,6971271
2022-01-14,000005,47.52,5752124
2022-01-17,000005,47.94,3062960
2022-01-18,000005,48.84,9386248
2022-01-19,000005,49.75,7564002
2022-01-20,000005,49.45,7761090
2022-01-21,000005,49.44,1918297
2022-01-24,000005,50.83,7767123
2022-01-25,000005,51.94,5500917
2022-01-26,000005,52.29,2838883
2022-01-27,000005,51.23,4713896
2022-01-28,000005,50.61,6144177
2022-01-31,000005,49.26,4202606
2022-02-01,000005,50.29,3181710
2022-02-02,000005,51.25,8743524
2022-02-03,000005,50.22,7644331
2022-02-04,000005,50.4,3163003
2022-02-07,000005,51.3,3883614
2022-02-08,000005,50.77,4127741
2022-02-09,000005,51.96,7931804
2022-02-10,000005,52.79,4552020
2022-02-11,000005,52.82,9244103
2022-02-14,000005,53.36,6882452
2022-02-15,000005,51.78,9476069
2022-02-16,000005,52.6,3337207
2022-02-17,000005,53.02,5140460
2022-02-18,000005,54.16,4634523
2022-02-21,000005,54.04,7238369
2022-02-22,000005,54.46,1515138
2022-02-23,000005,53.44,9269337
2022-02-24,000005,54.88,6579677
2022-02-25,000005,54.94,7362426
2022-02-28,000005,55.51,8525444
2022-03-01,000005,54.68,1396519
2022-03-02,000005,55.33,4456244
2022-03-03,000005,54.93,4196500
2022-03-04,000005,54.81,8481511
2022-03-07,000005,54.92,9098207
2022-03-08,000005,54.86,5133631
2022-03-09,000005,54.35,7157091
2022-03-10,000005,52.82,4459391
2022-03-11,000005,51.61,3079291
2022-03-14,000005,50.42,3746301
2022-03-15,000005,49.77,5169445
2022-03-16,000005,50.85,1001987
2022-03-17,000005,50.98,2691043
2022-03-18,000005,50.2,9138570
2022-03-21,000005,50.33,7577736
2022-03-22,000005,51.09,4556732
2022-03-23,000005,49.94,8431389
2022-03-24,000005,50.6,9524217
2022-03-25,000005,49.58,2107506
2022-03-28,000005,49.66,9825243
2022-03-29,000005,50.41,4997707
2022-03-30,000005,50.5,8886976
2022-03-31,000005,51.85,6265495
2022-04-01,000005,52.44,4490141
2022-04-04,000005,53.17,7046956
2022-04-05,000005,51.96,1088275
2022-04-06,000005,51.75,6636846
2022-04-07,000005,50.43,6512673
2022-04-08,000005,49.06,5971995
2022-04-11,000005,49.33,2557297
2022-04-12,000005,48.97,6845845
2022-04-13,000005,48.21,2160921
2022-04-14,000005,48.68,9517412
2022-04-15,000005,48.61,4004477
2022-04-18,000005,49.57,3382777
2022-04-19,000005,49.0,1481145
2022-04-20,000005,49.42,2743523
2022-04-21,000005,48.98,1695345
2022-04-22,000005,47.55,7730936
2022-04-25,000005,47.73,5160701
2022-04-26,000005,47.24,9025336
2022-04-27,000005,46.38,1733985
2022-04-28,000005,46.79,9067228
2022-04-29,000005,47.82,4519505
2022-05-02,000005,48.79,8635956
2022-05-03,000005,49.89,1515451
2022-05-04,000005,49.67,3408689
2022-05-05,000005,48.82,2558459
2022-05-06,000005,49.16,2000638
2022-05-09,000005,48.48,8958028
2022-05-10,000005,47.62,5163770
2022-05-11,000005,48.27,5132301
2022-05-12,000005,47.45,2552383
2022-05-13,000005,46.65,1097928
2022-05-16,000005,46.66,3033311
2022-05-17,000005,45.59,8023425
2022-05-18,000005,46.24,4234931
2022-05-19,000005,45.79,2674531
2022-05-20,000005,44.83,8807808
2022-05-23,000005,44.13,4578584
2022-05-24,000005,42.83,1616616
2022-05-25,000005,42.19,3243997
2022-05-26,000005,42.27,1974904
2022-05-27,000005,41.69,7045236
2022-05-30,000005,40.83,8111201
2022-05-31,000005,41.67,8489322
2022-06-01,000005,42.2,3710453
2022-06-02,000005,42.18,8503719
2022-06-03,000005,42.96,5732809
2022-06-06,000005,42.48,1055485
2022-06-07,000005,42.24,2966275
2022-06-08,000005,41.39,5354561
2022-06-09,000005,41.21,4870817
2022-06-10,000005,40.08,5555421
2022-06-13,000005,40.88,4414381
2022-06-14,000005,41.7,5712749
2022-06-15,000005,40.69,9238392
2022-06-16,000005,41.46,9096264
2022-06-17,000005,40.72,8489176
2022-06-20,000005,39.53,9142320
2022-06-21,000005,40.07,7044081
2022-06-22,000005,41.25,9393432
2022-06-23,000005,41.79,1801959
2022-06-24,000005,42.6,8946641
2022-06-27,000005,42.56,7372008
2022-06-28,000005,41.73,9699008
2022-06-29,000005,41.27,4099680
2022-06-30,000005,41.1,4572616
2022-07-01,000005,41.03,1522797
2022-07-04,000005,42.09,7965531
2022-07-05,000005,42.37,1259499
2022-07-06,000005,43.23,9248340
2022-07-07,000005,43.61,3643232
2022-07-08,000005,42.46,9417347
2022-07-11,000005,41.57,9124879
2022-07-12,000005,42.06,1938997
2022-07-13,000005,42.57,3736129
2022-07-14,000005,42.54,7742447
2022-07-15,000005,43.59,2341325
2022-07-18,000005,44.6,3295832
2022-07-19,000005,43.63,6354567
2022-07-20,000005,43.16,1567956
2022-07-21,000005,43.71,5362586
2022-07-22,000005,42.74,9786278
2022-07-25,000005,42.23,5553120
2022-07-26,000005,41.76,4410964
2022-07-27,000005,42.1,1671648
2022-07-28,000005,42.22,5448868
2022-07-29,000005,43.19,2216063
2022-08-01,000005,43.58,7088988
2022-08-02,000005,42.77,3921943
2022-08-03,000005,43.69,8738879
2022-08-04,000005,43.51,4372930
2022-08-05,000005,43.56,1314647
2022-08-08,000005,44.14,6432507
2022-08-09,000005,43.84,4522791
2022-08-10,000005,42.75,9382473
2022-08-11,000005,41.92,6626719
2022-08-12,000005,42.09,4512395
2022-08-15,000005,42.34,8284728
2022-08-16,000005,41.76,4343447
2022-08-17,000005,41.34,1430400
2022-08-18,000005,40.67,9689430
2022-08-19,000005,40.39,9973703
2022-08-22,000005,39.46,5366765
2022-08-23,000005,38.33,2300629
2022-08-24,000005,38.61,8030315
2022-08-25,000005,37.73,6119397
2022-08-26,000005,38.71,1482086
2022-08-29,000005,38.79,1716212
2022-08-30,000005,38.49,7730494
2022-08-31,000005,37.94,4354097
2022-09-01,000005,37.83,4820806
2022-09-02,000005,38.63,8865561
2022-09-05,000005,38.5,8768302
2022-09-06,000005,38.72,8340143
2022-09-07,000005,38.75,3860591
2022-09-08,000005,38.29,8989398
2022-09-09,000005,38.13,7595731
2022-09-12,000005,37.64,7357750
2022-09-13,000005,37.24,6075309
2022-09-14,000005,36.9,1286716
2022-09-15,000005,37.57,3729489
2022-09-16,000005,38.28,2713575
2022-09-19,000005,39.36,9551813
2022-09-20,000005,40.45,7006074
2022-09-21,000005,39.94,2694243
2022-09-22,000005,39.13,5747713
2022-09-23,000005,38.72,4908326
2022-09-26,000005,38.87,7965469
2022-09-27,000005,38.51,1933761
2022-09-28,000005,39.52,1240206
2022-09-29,000005,39.34,6013528
2022-09-30,000005,38.61,7173077
2022-10-03,000005,37.46,1636193
2022-10-04,000005,37.94,9337397
2022-10-05,000005,38.17,8088499
2022-10-06,000005,39.05,8677276
2022-10-07,000005,38.53,4882996
2022-10-10,000005,38.74,8710842
2022-10-11,000005,39.69,6942346
2022-10-12,000005,38.74,5440480
2022-10-13,000005,39.82,5463973
2022-10-14,000005,39.99,6557133
2022-10-17,000005,39.15,7057277
2022-10-18,000005,38.32,6464516
2022-10-19,000005,38.47,3963587
2022-10-20,000005,38.54,8545690
2022-10-21,000005,39.25,5713379
2022-10-24,000005,38.17,8290986
2022-10-25,000005,38.96,6948182
2022-10-26,000005,38.41,9423611
2022-10-27,000005,39.11,9912479
2022-10-28,000005,38.11,2892209
2022-10-31,000005,39.19,1780396
2022-11-01,000005,38.55,6885194
2022-11-02,000005,37.55,8706579
2022-11-03,000005,38.35,2492108
2022-11-04,000005,39.32,5969222
2022-11-07,000005,38.99,5039543
2022-11-08,000005,38.8,4236501
2022-11-09,000005,38.76,2114652
2022-11-10,000005,37.93,5817202
2022-11-11,000005,37.39,8103597
2022-11-14,000005,37.02,1906770
2022-11-15,000005,37.37,6979949
2022-11-16,000005,38.2,1138699
2022-11-17,000005,38.6,4644657
2022-11-18,000005,38.37,5812613
2022-11-21,000005,39.0,9911831
2022-11-22,000005,39.58,6751741
2022-11-23,000005,40.17,5070923
2022-11-24,000005,40.4,7542440
2022-11-25,000005,39.95,9494628
2022-11-28,000005,39.28,8564682
2022-11-29,000005,40.45,6731337
2022-11-30,000005,41.29,6173508
2022-12-01,000005,41.61,9813264
2022-12-02,000005,42.05,6577943
2022-12-05,000005,41.3,8586352
2022-12-06,000005,41.17,7064138
2022-12-07,000005,41.62,5430958
2022-12-08,000005,42.63,9720609
2022-12-09,000005,43.17,8500991
2022-12-12,000005,43.41,8211498
2022-12-13,000005,43.42,3768700
2022-12-14,000005,42.28,4722484
2022-12-15,000005,43.26,7773150
2022-12-16,000005,42.92,1435185
2022-12-19,000005,41.91,5748465
2022-12-20,000005,41.91,4089944
2022-12-21,000005,42.01,4040602
2022-12-22,000005,41.67,8826984
2022-12-23,000005,41.5,7762148
2022-12-26,000005,42.31,8527809
2022-12-27,000005,41.66,8991541
2022-12-28,000005,40.5,5782941
2022-12-29,000005,40.31,4499279
2022-12-30,000005,39.55,8091429
2023-01-02,000005,39.34,4587979
2023-01-03,000005,39.31,8639642
2023-01-04,000005,39.66,4638682
2023-01-05,000005,39.07,6144987
2023-01-06,000005,39.34,2809558
2023-01-09,000005,38.29,5055404
2023-01-10,000005,38.22,8838965
2023-01-11,000005,38.46,6613196
2023-01-12,000005,38.52,2497834
2023-01-13,000005,38.55,2867506
2023-01-16,000005,39.43,5549370
2023-01-17,000005,38.85,2504392
2023-01-18,000005,37.92,9755322
2023-01-19,000005,37.51,7078878
2023-01-20,000005,37.54,3256835
2023-01-23,000005,37.62,5199761
2023-01-24,000005,38.29,3956619
2023-01-25,000005,39.28,4832405
2023-01-26,000005,38.2,5611426
2023-01-27,000005,38.2,3441175
2023-01-30,000005,37.58,4036836
2023-01-31,000005,36.55,9688033
2023-02-01,000005,36.34,1075118
2023-02-02,000005,35.48,7469291
2023-02-03,000005,35.57,2616257
2023-02-06,000005,34.84,9794961
2023-02-07,000005,34.78,1960798
2023-02-08,000005,33.79,5308912
2023-02-09,000005,32.84,4886726
2023-02-10,000005,32.12,6316806
2023-02-13,000005,31.43,2496380
2023-02-14,000005,30.66,1876552
2023-02-15,000005,30.98,4881091
2023-02-16,000005,31.44,2362420
2023-02-17,000005,32.16,2069724
2023-02-20,000005,31.49,7018131
2023-02-21,000005,31.16,3913740
2023-02-22,000005,30.27,7256399
2023-02-23,000005,30.56,8542054
2023-02-24,000005,31.12,5195114
2023-02-27,000005,30.24,4953446
2023-02-28,000005,31.06,7268863
2023-03-01,000005,31.64,4425646
2023-03-02,000005,32.22,7404716
2023-03-03,000005,32.55,1038542
2023-03-06,000005,32.18,2634468
2023-03-07,000005,32.12,7749726
2023-03-08,000005,32.17,3096106
2023-03-09,000005,31.48,9098660
2023-03-10,000005,31.8,3873351
2023-03-13,000005,31.72,1763838
2023-03-14,000005,31.18,7010400
2023-03-15,000005,30.39,2531916
2023-03-16,000005,29.84,8314506
2023-03-17,000005,30.58,5477971
2023-03-20,000005,30.07,6379004
2023-03-21,000005,30.78,5408818
2023-03-22,000005,31.63,2871100
2023-03-23,000005,31.1,8805807
2023-03-24,000005,31.34,3072438
2023-03-27,000005,31.0,9621235
2023-03-28,000005,30.94,1472013
2023-03-29,000005,31.78,1837146
2023-03-30,000005,32.16,1451485
2023-03-31,000005,32.73,1658749
2023-04-03,000005,32.57,6198329
2023-04-04,000005,32.04,6233325
2023-04-05,000005,31.85,1576324
2023-04-06,000005,32.03,9645900
2023-04-07,000005,32.52,5367675
2023-04-10,000005,33.11,8488308
2023-04-11,000005,32.99,6088434
2023-04-12,000005,33.23,9955731
2023-04-13,000005,32.47,9103599
2023-04-14,000005,32.54,6692478
2023-04-17,000005,32.05,7588373
2023-04-18,000005,31.53,3700934
2023-04-19,000005,31.05,9250862
2023-04-20,000005,31.97,6702363
2023-04-21,000005,31.5,9596549
2023-04-24,000005,31.23,1622055
2023-04-25,000005,30.6,9893139
2023-04-26,000005,30.28,4369640
2023-04-27,000005,29.71,6941887
2023-04-28,000005,29.53,7600168
2023-05-01,000005,28.83,6669756
2023-05-02,000005,29.6,3819887
2023-05-03,000005,30.28,3442115
2023-05-04,000005,30.0,5442009
2023-05-05,000005,29.87,3585567
2023-05-08,000005,29.43,2632277
2023-05-09,000005,28.99,2151000
2023-05-10,000005,28.34,8770662
2023-05-11,000005,29.08,8000556
2023-05-12,000005,28.77,2137745
2023-05-15,000005,29.28,3912835
2023-05-16,000005,29.09,7072402
2023-05-17,000005,28.75,3074225
2023-05-18,000005,29.26,2266184
2023-05-19,000005,28.45,8427823
2023-05-22,000005,28.81,9963048
2023-05-23,000005,28.17,4414424
2023-05-24,000005,28.11,8322335
2023-05-25,000005,28.01,5712944
2023-05-26,000005,27.26,2495371
2023-05-29,000005,27.43,8109361
2023-05-30,000005,26.85,3659300
2023-05-31,000005,26.49,2227658
2023-06-01,000005,26.68,8500796
2023-06-02,000005,26.72,3991209
2023-06-05,000005,27.16,9524215
2023-06-06,000005,27.55,6448668
2023-06-07,000005,27.72,2575167
2023-06-08,000005,27.06,5384580
2023-06-09,000005,26.25,4516726
2023-06-12,000005,26.79,4135927
2023-06-13,000005,26.16,9083724
2023-06-14,000005,26.01,6921093
2023-06-15,000005,26.34,4412648
2023-06-16,000005,26.04,8621213
2023-06-19,000005,25.42,5461952
2023-06-20,000005,25.41,3974458
2023-06-21,000005,25.61,7843388
2023-06-22,000005,25.22,6525172
2023-06-23,000005,25.59,2117721
2023-06-26,000005,24.86,1638355
2023-06-27,000005,25.45,9304747
2023-06-28,000005,26.06,7082835
2023-06-29,000005,25.66,2430552
2023-06-30,000005,26.12,2261063
2023-07-03,000005,25.69,2059518
2023-07-04,000005,25.1,6530720
2023-07-05,000005,24.37,7867541
2023-07-06,000005,23.8,8946930
2023-07-07,000005,23.23,8999963
2023-07-10,000005,23.6,4116325
2023-07-11,000005,23.73,4646156
2023-07-12,000005,23.27,8711073
2023-07-13,000005,23.26,1490385
2023-07-14,000005,23.68,8268039
2023-07-17,000005,23.7,8711843
2023-07-18,000005,24.21,8878713
2023-07-19,000005,24.41,6189863
2023-07-20,000005,23.76,9337178
2023-07-21,000005,23.67,2799120
2023-07-24,000005,23.95,8182589
2023-07-25,000005,23.95,5734053
2023-07-26,000005,23.45,2641749
2023-07-27,000005,22.87,7300064
2023-07-28,000005,23.18,1228102
2023-07-31,000005,23.28,5802919
2023-08-01,000005,22.81,8665471
2023-08-02,000005,22.81,1541498
2023-08-03,000005,23.16,6735400
2023-08-04,000005,22.74,8261507
2023-08-07,000005,22.45,3033432
2023-08-08,000005,22.49,9561768
2023-08-09,000005,22.54,2182746
2023-08-10,000005,22.05,7195481
2023-08-11,000005,21.41,8669193
2023-08-14,000005,21.22,7038935
2023-08-15,000005,20.61,9929314
2023-08-16,000005,20.01,2226084
2023-08-17,000005,20.14,2102491
2023-08-18,000005,19.91,5700138
2023-08-21,000005,20.05,3072337
2023-08-22,000005,20.13,7395412
2023-08-23,000005,19.87,6511078
2023-08-24,000005,19.35,9533724
2023-08-25,000005,18.95,1940639
2023-08-28,000005,18.65,3861788
2023-08-29,000005,18.45,3590411
2023-08-30,000005,18.17,4976315
2023-08-31,000005,18.46,5061667
2023-09-01,000005,18.69,6067178
2023-09-04,000005,18.46,2388075
2023-09-05,000005,17.92,5559766
2023-09-06,000005,17.98,7836515
2023-09-07,000005,18.23,2709492
2023-09-08,000005,18.13,6926308
2023-09-11,000005,18.07,1564621
2023-09-12,000005,18.47,5695737
2023-09-13,000005,18.27,3599659
2023-09-14,000005,18.07,2230528
2023-09-15,000005,17.88,4051261
2023-09-18,000005,18.19,7291683
2023-09-19,000005,18.32,9678235
2023-09-20,000005,18.37,2900184
2023-09-21,000005,17.96,2296987
2023-09-22,000005,17.72,3672141
2023-09-25,000005,17.47,8131952
2023-09-26,000005,17.49,9080880
2023-09-27,000005,17.79,5958367
2023-09-28,000005,17.48,9200605
2023-09-29,000005,17.85,1670659
2023-10-02,000005,17.96,7887959
2023-10-03,000005,18.16,7106166
2023-10-04,000005,18.69,5867096
2023-10-05,000005,18.17,7275362
2023-10-06,000005,18.05,4128227
2023-10-09,000005,17.97,9149412
2023-10-10,000005,17.47,9288024
2023-10-11,000005,17.25,2718704
2023-10-12,000005,17.09,7476600
2023-10-13,000005,16.68,2380527
2023-10-16,000005,16.67,3352488
2023-10-17,000005,16.9,8714649
2023-10-18,000005,16.7,8655513
2023-10-19,000005,16.48,5952606
2023-10-20,000005,16.05,3973140
2023-10-23,000005,15.62,6406455
2023-10-24,000005,15.32,1785830
2023-10-25,000005,15.6,7972909
2023-10-26,000005,15.23,6726196
2023-10-27,000005,15.65,4649025
2023-10-30,000005,15.81,9601155
2023-10-31,000005,15.58,2556817
2023-11-01,000005,15.98,9152061
2023-11-02,000005,15.98,7330758
2023-11-03,000005,15.83,5852131
2023-11-06,000005,15.87,7763684
2023-11-07,000005,15.69,9233509
2023-11-08,000005,15.63,6927496
2023-11-09,000005,15.46,1290903
2023-11-10,000005,15.25,4154795
2023-11-13,000005,15.57,4380092
2023-11-14,000005,15.29,7311908
2023-11-15,000005,15.18,1431016
2023-11-16,000005,15.18,3261279
2023-11-17,000005,15.01,4608808
2023-11-20,000005,14.84,7912143
2023-11-21,000005,14.55,6074666
2023-11-22,000005,14.12,9832289
2023-11-23,000005,13.77,2115950
2023-11-24,000005,13.9,4240248
2023-11-27,000005,14.26,1995491
2023-11-28,000005,14.17,9622515
2023-11-29,000005,14.56,2997370
2023-11-30,000005,14.96,9565293
2023-12-01,000005,14.72,9116089
2022-01-03,000006,48.63,8022503
2022-01-04,000006,49.85,3509622
2022-01-05,000006,50.58,3418161
2022-01-06,000006,50.23,8283679
2022-01-07,000006,50.21,6962262
2022-01-10,000006,50.53,7934464
2022-01-11,000006,51.63,2356278
2022-01-12,000006,51.26,6984688
2022-01-13,000006,51.64,6008631
2022-01-14,000006,52.97,1091744
2022-01-17,000006,54.47,1940570
2022-01-18,000006,55.99,7863766
2022-01-19,000006,56.09,1648085
2022-01-20,000006,56.55,7498191
2022-01-21,000006,55.57,8656645
2022-01-24,000006,56.34,1133716
2022-01-25,000006,56.56,6982227
2022-01-26,000006,56.23,5752915
2022-01-27,000006,54.66,6537310
2022-01-28,000006,54.9,1097484
2022-01-31,000006,55.96,6482175
2022-02-01,000006,54.97,8511569
2022-02-02,000006,56.61,5019190
2022-02-03,000006,57.19,6605375
2022-02-04,000006,58.42,4046666
2022-02-07,000006,60.15,9906456
2022-02-08,000006,60.36,2609423
2022-02-09,000006,61.37,9738649
2022-02-10,000006,60.68,6852926
2022-02-11,000006,62.44,9556707
2022-02-14,000006,61.52,1442128
2022-02-15,000006,61.44,6411368
2022-02-16,000006,59.92,1061877
2022-02-17,000006,60.85,5373395
2022-02-18,000006,60.3,6367849
2022-02-21,000006,60.8,3087237
2022-02-22,000006,60.42,1028195
2022-02-23,000006,60.36,7927665
2022-02-24,000006,61.6,1304460
2022-02-25,000006,63.45,2270573
2022-02-28,000006,62.64,6968645
2022-03-01,000006,62.35,6748569
2022-03-02,000006,62.01,4141164
2022-03-03,000006,60.9,5131116
2022-03-04,000006,61.01,5693947
2022-03-07,000006,62.64,5524637
2022-03-08,000006,61.28,1532674
2022-03-09,000006,61.88,5545635
2022-03-10,000006,61.29,5976788
2022-03-11,000006,61.38,6416950
2022-03-14,000006,60.76,6020279
2022-03-15,000006,61.57,2016170
2022-03-16,000006,61.6,9761264
2022-03-17,000006,60.57,2779457
2022-03-18,000006,59.28,1060794
2022-03-21,000006,60.12,1584796
2022-03-22,000006,59.0,4886928
2022-03-23,000006,59.87,8499375
2022-03-24,000006,61.23,4937311
2022-03-25,000006,63.02,7151064
2022-03-28,000006,64.89,4063908
2022-03-29,000006,62.95,2340635
2022-03-30,000006,63.07,7364840
2022-03-31,000006,63.81,9967469
2022-04-01,000006,62.54,6395815
2022-04-04,000006,60.72,3304262
2022-04-05,000006,59.8,3795571
2022-04-06,000006,59.13,5237632
2022-04-07,000006,58.38,4951908
2022-04-08,000006,57.05,4782563
2022-04-11,000006,57.1,2359547
2022-04-12,000006,55.74,7558486
2022-04-13,000006,55.57,3621290
2022-04-14,000006,55.38,2804905
2022-04-15,000006,54.97,1871789
2022-04-18,000006,55.61,3852883
2022-04-19,000006,55.18,6964646
2022-04-20,000006,55.75,2867562
2022-04-21,000006,56.06,2423694
2022-04-22,000006,56.73,9498083
2022-04-25,000006,56.37,7987487
2022-04-26,000006,54.91,1645407
2022-04-27,000006,53.91,1266853
2022-04-28,000006,53.05,3175214
2022-04-29,000006,52.16,6769143
2022-05-02,000006,51.28,5632056
2022-05-03,000006,50.58,2072513
2022-05-04,000006,51.52,7118409
2022-05-05,000006,50.89,5144794
2022-05-06,000006,50.45,6190829
2022-05-09,000006,51.77,9821341
2022-05-10,000006,50.67,6010299
2022-05-11,000006,51.6,8134413
2022-05-12,000006,52.5,3193152
2022-05-13,000006,51.02,3549317
2022-05-16,000006,51.75,6521412
2022-05-17,000006,51.09,9188212
2022-05-18,000006,52.28,6812613
2022-05-19,000006,52.16,4908236
2022-05-20,000006,53.47,9004997
2022-05-23,000006,52.51,9824222
2022-05-24,000006,51.0,8091517
2022-05-25,000006,51.22,1468903
2022-05-26,000006,51.81,2440378
2022-05-27,000006,52.42,1018578
2022-05-30,000006,53.91,1519966
2022-05-31,000006,52.97,1544905
2022-06-01,000006,51.77,1397150
2022-06-02,000006,50.84,8602097
2022-06-03,000006,49.8,8842807
2022-06-06,000006,51.02,1697508
2022-06-07,000006,52.27,2851398
2022-06-08,000006,53.51,6682257
2022-06-09,000006,52.13,5403066
2022-06-10,000006,53.04,4963904
2022-06-13,000006,53.92,1068302
2022-06-14,000006,55.37,8106074
2022-06-15,000006,55.03,1860167
2022-06-16,000006,55.63,1600975
2022-06-17,000006,56.79,2899750
2022-06-20,000006,57.36,4551794
2022-06-21,000006,56.7,8811525
2022-06-22,000006,57.23,6497506
2022-06-23,000006,56.86,3273578
2022-06-24,000006,55.65,5002369
2022-06-27,000006,55.01,1857355
2022-06-28,000006,55.65,9788387
2022-06-29,000006,57.13,3681893
2022-06-30,000006,58.67,8202409
2022-07-01,000006,58.38,1055772
2022-07-04,000006,57.64,2032401
2022-07-05,000006,57.16,6056902
2022-07-06,000006,58.31,4387459
2022-07-07,000006,57.08,4557964
2022-07-08,000006,58.08,3430241
2022-07-11,000006,58.89,3699293
2022-07-12,000006,60.04,8632703
2022-07-13,000006,58.64,8261546
2022-07-14,000006,59.96,9461044
2022-07-15,000006,60.65,7259884
2022-07-18,000006,60.62,5577456
2022-07-19,000006,62.09,7206885
2022-07-20,000006,61.65,5718095
2022-07-21,000006,62.72,8924875
2022-07-22,000006,61.43,5697233
2022-07-25,000006,61.6,1697983
2022-07-26,000006,62.7,2801252
2022-07-27,000006,64.23,2986309
2022-07-28,000006,64.42,1671667
2022-07-29,000006,63.71,7126082
2022-08-01,000006,64.31,2592812
2022-08-02,000006,66.17,6922131
2022-08-03,000006,65.98,7157392
2022-08-04,000006,64.22,9237926
2022-08-05,000006,63.95,2247539
2022-08-08,000006,64.73,7135477
2022-08-09,000006,65.07,7180937
2022-08-10,000006,63.57,9135547
2022-08-11,000006,65.2,8131219
2022-08-12,000006,66.82,5399674
2022-08-15,000006,66.62,8881508
2022-08-16,000006,66.27,8316608
2022-08-17,000006,65.39,7309343
2022-08-18,000006,66.04,6785617
2022-08-19,000006,67.6,6198773
2022-08-22,000006,66.08,6591914
2022-08-23,000006,64.5,3752921
2022-08-24,000006,66.31,2067986
2022-08-25,000006,65.13,8324431
2022-08-26,000006,66.25,3777766
2022-08-29,000006,64.32,2154133
2022-08-30,000006,66.1,1115349
2022-08-31,000006,67.49,5906554
2022-09-01,000006,65.72,7411824
2022-09-02,000006,66.29,1882528
2022-09-05,000006,65.18,6113973
2022-09-06,000006,63.86,7172241
2022-09-07,000006,62.34,8421252
2022-09-08,000006,61.55,4274816
2022-09-09,000006,60.71,1383847
2022-09-12,000006,58.98,6880610
2022-09-13,000006,58.11,5313522
2022-09-14,000006,58.05,7677443
2022-09-15,000006,56.59,3720884
2022-09-16,000006,57.07,8933564
2022-09-19,000006,57.51,4412558
2022-09-20,000006,57.08,2199974
2022-09-21,000006,57.15,2005084
2022-09-22,000006,57.48,5969323
2022-09-23,000006,59.06,1187621
2022-09-26,000006,59.0,8569225
2022-09-27,000006,58.97,7632738
2022-09-28,000006,60.31,4539437
2022-09-29,000006,61.1,4886838
2022-09-30,000006,60.12,7698660
2022-10-03,000006,61.57,9545610
2022-10-04,000006,61.84,7039394
2022-10-05,000006,60.2,7185493
2022-10-06,000006,61.76,5045452
2022-10-07,000006,60.37,9185779
2022-10-10,000006,58.64,4071691
2022-10-11,000006,58.77,7770101
2022-10-12,000006,57.8,1430673
2022-10-13,000006,57.57,2735208
2022-10-14,000006,58.66,6457909
2022-10-17,000006,60.13,3580651
2022-10-18,000006,58.46,9764140
2022-10-19,000006,59.04,3050931
2022-10-20,000006,59.16,3240502
2022-10-21,000006,58.99,3689002
2022-10-24,000006,60.28,2915304
2022-10-25,000006,58.65,1588944
2022-10-26,000006,59.49,9590995
2022-10-27,000006,59.48,8227040
2022-10-28,000006,60.97,4465267
2022-10-31,000006,59.35,7752829
2022-11-01,000006,59.06,4217734
2022-11-02,000006,58.92,6059145
2022-11-03,000006,58.51,2693586
2022-11-04,000006,56.83,3830023
2022-11-07,000006,55.16,8052499
2022-11-08,000006,56.1,8973524
2022-11-09,000006,56.65,4200886
2022-11-10,000006,56.8,6520437
2022-11-11,000006,57.38,2113258
2022-11-14,000006,58.43,2095280
2022-11-15,000006,58.15,7263943
2022-11-16,000006,57.39,3846290
2022-11-17,000006,57.87,8638720
2022-11-18,000006,58.13,4429942
2022-11-21,000006,56.65,7229994
2022-11-22,000006,58.22,3527969
2022-11-23,000006,59.37,2256814
2022-11-24,000006,60.37,3348167
2022-11-25,000006,61.14,8161137
2022-11-28,000006,62.88,1555675
2022-11-29,000006,62.23,3164495
2022-11-30,000006,62.08,4871688
2022-12-01,000006,62.95,3205026
2022-12-02,000006,61.47,5587446
2022-12-05,000006,62.69,2363608
2022-12-06,000006,63.29,2025657
2022-12-07,000006,61.86,1177380
2022-12-08,000006,61.85,5946586
2022-12-09,000006,63.36,8249927
2022-12-12,000006,63.08,4678028
2022-12-13,000006,62.04,4247602
2022-12-14,000006,62.44,8939063
2022-12-15,000006,63.25,7487350
2022-12-16,000006,62.55,9655149
2022-12-19,000006,61.23,8705642
2022-12-20,000006,59.86,8546076
2022-12-21,000006,60.7,5140700
2022-12-22,000006,61.6,9164043
2022-12-23,000006,62.67,6883928
2022-12-26,000006,64.37,6306804
2022-12-27,000006,62.91,5847972
2022-12-28,000006,62.56,8330020
2022-12-29,000006,63.73,3988602
2022-12-30,000006,63.38,1761521
2023-01-02,000006,63.03,8056490
2023-01-03,000006,62.91,2560592
2023-01-04,000006,63.51,2566869
2023-01-05,000006,64.68,5507115
2023-01-06,000006,62.79,7263334
2023-01-09,000006,62.82,9792390
2023-01-10,000006,64.15,2936440
2023-01-11,000006,63.27,4224510
2023-01-12,000006,63.52,4515407
2023-01-13,000006,65.15,8086371
2023-01-16,000006,66.13,5588127
2023-01-17,000006,65.89,2315299
2023-01-18,000006,64.94,9597572
2023-01-19,000006,66.45,2368325
2023-01-20,000006,65.82,1956590
2023-01-23,000006,64.3,4102459
2023-01-24,000006,63.08,9057967
2023-01-25,000006,61.99,6883063
2023-01-26,000006,62.43,3292509
2023-01-27,000006,63.89,9021669
2023-01-30,000006,64.85,5806820
2023-01-31,000006,65.25,7009584
2023-02-01,000006,63.85,4412543
2023-02-02,000006,64.33,1199057
2023-02-03,000006,66.19,3995311
2023-02-06,000006,66.27,6039555
2023-02-07,000006,65.81,8145195
2023-02-08,000006,66.96,2317370
2023-02-09,000006,65.18,5709310
2023-02-10,000006,65.07,8096292
2023-02-13,000006,63.76,6795472
2023-02-14,000006,65.61,1835757
2023-02-15,000006,65.41,4908689
2023-02-16,000006,63.69,4675430
2023-02-17,000006,64.91,2671695
2023-02-20,000006,63.3,2233241
2023-02-21,000006,61.46,1101293
2023-02-22,000006,62.1,6708340
2023-02-23,000006,61.96,9368419
2023-02-24,000006,61.99,3582328
2023-02-27,000006,60.47,4841763
2023-02-28,000006,60.03,1776731
2023-03-01,000006,60.47,5510889
2023-03-02,000006,61.78,2140878
2023-03-03,000006,62.4,9695274
2023-03-06,000006,62.78,8063429
2023-03-07,000006,61.87,2517859
2023-03-08,000006,62.63,2015450
2023-03-09,000006,62.08,7571432
2023-03-10,000006,63.52,3391971
2023-03-13,000006,64.7,6078957
2023-03-14,000006,65.86,5638297
2023-03-15,000006,67.69,6049027
2023-03-16,000006,68.99,1971964
2023-03-17,000006,68.67,7363779
2023-03-20,000006,67.21,5544451
2023-03-21,000006,68.39,4991951
2023-03-22,000006,69.01,5528410
2023-03-23,000006,69.72,9551855
2023-03-24,000006,69.04,7335090
2023-03-27,000006,70.56,8858553
2023-03-28,000006,71.57,2250882
2023-03-29,000006,72.26,3974728
2023-03-30,000006,71.64,6724416
2023-03-31,000006,70.8,6158209
2023-04-03,000006,72.18,1870972
2023-04-04,000006,71.79,9296944
2023-04-05,000006,69.96,2375965
2023-04-06,000006,68.86,6456952
2023-04-07,000006,66.96,1327415
2023-04-10,000006,68.41,3329033
2023-04-11,000006,66.73,9938985
2023-04-12,000006,67.78,1286891
2023-04-13,000006,67.04,2206556
2023-04-14,000006,66.04,7639710
2023-04-17,000006,65.25,2256897
2023-04-18,000006,65.09,1155803
2023-04-19,000006,64.22,4970539
2023-04-20,000006,65.72,5252520
2023-04-21,000006,64.73,2583350
2023-04-24,000006,65.57,7057705
2023-04-25,000006,65.94,4826023
2023-04-26,000006,65.54,1643509
2023-04-27,000006,67.11,7287916
2023-04-28,000006,66.92,3546309
2023-05-01,000006,67.07,6050599
2023-05-02,000006,68.24,6076865
2023-05-03,000006,66.48,4346325
2023-05-04,000006,65.18,9206505
2023-05-05,000006,66.66,8894535
2023-05-08,000006,68.06,9273992
2023-05-09,000006,69.49,5427414
2023-05-10,000006,70.27,9828449
2023-05-11,000006,68.62,2194869
2023-05-12,000006,67.32,5166953
2023-05-15,000006,66.42,8584108
2023-05-16,000006,66.49,3108684
2023-05-17,000006,64.68,8375359
2023-05-18,000006,64.21,3461033
2023-05-19,000006,65.68,4923643
2023-05-22,000006,63.99,1562902
2023-05-23,000006,64.37,9387562
2023-05-24,000006,64.8,6474368
2023-05-25,000006,63.04,8743380
2023-05-26,000006,64.43,3485948
2023-05-29,000006,62.66,6864813
2023-05-30,000006,62.6,1917216
2023-05-31,000006,63.26,8113330
2023-06-01,000006,62.22,9791495
2023-06-02,000006,63.95,6260226
2023-06-05,000006,64.27,1865198
2023-06-06,000006,64.87,7596813
2023-06-07,000006,64.24,6456058
2023-06-08,000006,64.64,8727206
2023-06-09,000006,65.82,8777789
2023-06-12,000006,64.97,3953853
2023-06-13,000006,65.28,2876036
2023-06-14,000006,66.96,6974134
2023-06-15,000006,68.69,4985069
2023-06-16,000006,68.81,3759152
2023-06-19,000006,70.47,4001068
2023-06-20,000006,71.87,2989099
2023-06-21,000006,69.98,1563147
2023-06-22,000006,68.03,7991333
2023-06-23,000006,68.1,1199770
2023-06-26,000006,66.59,5208847
2023-06-27,000006,67.68,4667258
2023-06-28,000006,67.28,6545858
2023-06-29,000006,69.16,8079779
2023-06-30,000006,68.04,7220196
2023-07-03,000006,69.12,1160735
2023-07-04,000006,68.8,4394026
2023-07-05,000006,67.02,9528769
2023-07-06,000006,66.61,8139969
2023-07-07,000006,64.79,3614156
2023-07-10,000006,63.1,7172886
2023-07-11,000006,64.77,1082715
2023-07-12,000006,65.83,4965080
2023-07-13,000006,64.32,9418815
2023-07-14,000006,63.66,8987519
2023-07-17,000006,64.41,9362712
2023-07-18,000006,63.8,4839525
2023-07-19,000006,62.78,2366712
2023-07-20,000006,61.14,6530145
2023-07-21,000006,61.42,8125485
2023-07-24,000006,62.95,2565772
2023-07-25,000006,63.56,3618923
2023-07-26,000006,62.31,7554846
2023-07-27,000006,60.82,8778070
2023-07-28,000006,60.09,5976089
2023-07-31,000006,60.19,5247508
2023-08-01,000006,58.85,9604238
2023-08-02,000006,57.12,2445935
2023-08-03,000006,56.83,8406127
2023-08-04,000006,57.91,8258134
2023-08-07,000006,57.24,9453148
2023-08-08,000006,58.2,7800218
2023-08-09,000006,57.16,9717708
2023-08-10,000006,55.65,1612148
2023-08-11,000006,55.66,9180437
2023-08-14,000006,55.63,2378695
2023-08-15,000006,54.93,7138444
2023-08-16,000006,54.43,3825574
2023-08-17,000006,55.64,5019359
2023-08-18,000006,56.97,8972496
2023-08-21,000006,58.61,7670796
2023-08-22,000006,58.48,9648947
2023-08-23,000006,57.77,8318257
2023-08-24,000006,56.79,6333274
2023-08-25,000006,57.71,4461631
2023-08-28,000006,57.21,8322743
2023-08-29,000006,56.35,6224836
2023-08-30,000006,56.15,5769948
2023-08-31,000006,57.45,8890238
2023-09-01,000006,58.79,5063558
2023-09-04,000006,59.13,7370869
2023-09-05,000006,57.79,7162831
2023-09-06,000006,59.21,6265644
2023-09-07,000006,60.94,3099091
2023-09-08,000006,61.96,3464238
2023-09-11,000006,61.64,4023528
2023-09-12,000006,61.63,2940124
2023-09-13,000006,63.07,8729233
2023-09-14,000006,62.92,3167670
2023-09-15,000006,61.38,9172312
2023-09-18,000006,61.41,3896397
2023-09-19,000006,60.41,7766549
2023-09-20,000006,60.76,1462343
2023-09-21,000006,61.32,9125871
2023-09-22,000006,60.14,4246822
2023-09-25,000006,59.39,9236887
2023-09-26,000006,58.6,1121668
2023-09-27,000006,58.25,1713829
2023-09-28,000006,57.41,2718288
2023-09-29,000006,56.14,9267891
2023-10-02,000006,56.0,7763229
2023-10-03,000006,56.45,8502565
2023-10-04,000006,57.5,4250610
2023-10-05,000006,59.01,1854720
2023-10-06,000006,57.84,6101554
2023-10-09,000006,56.71,3890928
2023-10-10,000006,57.09,9847139
2023-10-11,000006,58.34,2057321
2023-10-12,000006,56.68,2620944
2023-10-13,000006,55.64,9878740
2023-10-16,000006,54.98,7679565
2023-10-17,000006,54.72,9428469
2023-10-18,000006,55.26,6912762
2023-10-19,000006,53.97,1408044
2023-10-20,000006,54.3,7717605
2023-10-23,000006,55.61,4542907
2023-10-24,000006,55.25,1485030
2023-10-25,000006,56.57,8502511
2023-10-26,000006,55.9,2030387
2023-10-27,000006,54.73,3744340
2023-10-30,000006,53.33,8413102
2023-10-31,000006,51.92,2411202
2023-11-01,000006,51.09,6672580
2023-11-02,000006,51.94,8915789
2023-11-03,000006,51.98,1077334
2023-11-06,000006,53.36,4807607
2023-11-07,000006,53.08,8030417
2023-11-08,000006,51.52,5068664
2023-11-09,000006,53.02,9140116
2023-11-10,000006,52.57,1019608
2023-11-13,000006,53.4,6565454
2023-11-14,000006,54.62,5745124
2023-11-15,000006,54.3,3291929
2023-11-16,000006,54.61,3509065
2023-11-17,000006,55.45,8147582
2023-11-20,000006,56.49,9042575
2023-11-21,000006,56.85,7682372
2023-11-22,000006,55.17,7567114
2023-11-23,000006,53.97,9546109
2023-11-24,000006,55.49,5141330
2023-11-27,000006,55.43,4498997
2023-11-28,000006,55.47,5566096
2023-11-29,000006,55.5,9458204
2023-11-30,000006,56.77,1551151
2023-12-01,000006,57.56,2648064
2022-01-03,000007,49.04,6973542
2022-01-04,000007,49.96,6255077
2022-01-05,000007,49.46,7349959
2022-01-06,000007,50.41,2722128
2022-01-07,000007,51.18,8498098
2022-01-10,000007,50.75,1363218
2022-01-11,000007,49.52,7985817
2022-01-12,000007,50.81,4892206
2022-01-13,000007,49.59,1752119
2022-01-14,000007,49.45,3309141
2022-01-17,000007,50.33,8755860
2022-01-18,000007,51.42,1837346
2022-01-19,000007,51.9,7890891
2022-01-20,000007,51.83,7223734
2022-01-21,000007,51.83,9654067
2022-01-24,000007,51.56,7857027
2022-01-25,000007,52.12,5419416
2022-01-26,000007,52.06,9799603
2022-01-27,000007,50.89,5851802
2022-01-28,000007,49.48,6072031
2022-01-31,000007,48.42,3613404
2022-02-01,000007,49.42,1084421
2022-02-02,000007,48.43,1573199
2022-02-03,000007,48.09,8022680
2022-02-04,000007,48.66,8164271
2022-02-07,000007,48.58,8182731
2022-02-08,000007,48.85,2430165
2022-02-09,000007,48.41,6575719
2022-02-10,000007,48.01,7732178
2022-02-11,000007,49.42,7880261
2022-02-14,000007,48.05,8921947
2022-02-15,000007,48.75,5491974
2022-02-16,000007,49.34,6448423
2022-02-17,000007,49.5,6507124
2022-02-18,000007,49.76,7768810
2022-02-21,000007,48.73,6881571
2022-02-22,000007,47.3,3019961
2022-02-23,000007,47.38,7969828
2022-02-24,000007,48.29,5222111
2022-02-25,000007,47.17,9649861
2022-02-28,000007,46.47,5930408
2022-03-01,000007,47.6,7312880
2022-03-02,000007,48.88,8102669
2022-03-03,000007,48.9,1244780
2022-03-04,000007,50.33,4350121
2022-03-07,000007,50.29,9688978
2022-03-08,000007,50.48,5214299
2022-03-09,000007,50.98,9540630
2022-03-10,000007,51.5,8493239
2022-03-11,000007,52.71,1141076
2022-03-14,000007,53.05,3821104
2022-03-15,000007,52.7,4051739
2022-03-16,000007,53.71,3994405
2022-03-17,000007,55.07,4321331
2022-03-18,000007,53.51,4295588
2022-03-21,000007,55.04,7147574
2022-03-22,000007,56.44,4853325
2022-03-23,000007,55.68,9346420
2022-03-24,000007,54.64,3655533
2022-03-25,000007,55.38,7859045
2022-03-28,000007,55.36,5869845
2022-03-29,000007,53.88,2258183
2022-03-30,000007,52.57,6084008
2022-03-31,000007,53.84,1317361
2022-04-01,000007,53.75,5308518
2022-04-04,000007,54.69,6758838
2022-04-05,000007,54.65,6835669
2022-04-06,000007,54.76,9946189
2022-04-07,000007,55.81,2991077
2022-04-08,000007,54.81,4552558
2022-04-11,000007,55.0,3645847
2022-04-12,000007,54.99,3528349
2022-04-13,000007,54.79,1602109
2022-04-14,000007,53.29,6408296
2022-04-15,000007,51.86,8829421
2022-04-18,000007,52.3,7932368
2022-04-19,000007,50.97,7890016
2022-04-20,000007,51.41,9004213
2022-04-21,000007,51.14,1224355
2022-04-22,000007,50.62,7239936
2022-04-25,000007,49.2,6065768
2022-04-26,000007,50.32,3654860
2022-04-27,000007,49.8,6096072
2022-04-28,000007,50.54,4960795
2022-04-29,000007,49.05,1212793
2022-05-02,000007,49.84,2269857
2022-05-03,000007,49.52,5481690
2022-05-04,000007,49.77,3510860
2022-05-05,000007,48.94,1674584
2022-05-06,000007,50.39,2825161
2022-05-09,000007,51.27,4400593
2022-05-10,000007,51.37,2100526
2022-05-11,000007,52.02,9463102
2022-05-12,000007,52.15,2676113
2022-05-13,000007,52.48,2177782
2022-05-16,000007,51.36,9892545
2022-05-17,000007,49.98,5636374
2022-05-18,000007,50.41,2967196
2022-05-19,000007,49.39,9957388
2022-05-20,000007,50.61,6656513
2022-05-23,000007,49.46,4658654
2022-05-24,000007,49.52,2033059
2022-05-25,000007,48.74,7555117
2022-05-26,000007,49.94,6376803
2022-05-27,000007,51.16,2592649
2022-05-30,000007,51.62,6779071
2022-05-31,000007,51.57,1970650
2022-06-01,000007,51.19,2353551
2022-06-02,000007,52.47,5877566
2022-06-03,000007,51.14,6288761
2022-06-06,000007,51.45,2368899
2022-06-07,000007,50.23,5340583
2022-06-08,000007,50.82,3400584
2022-06-09,000007,50.44,1732204
2022-06-10,000007,50.04,2044460
2022-06-13,000007,51.53,1550740
2022-06-14,000007,52.39,4678595
2022-06-15,000007,52.12,1389895
2022-06-16,000007,53.35,1776850
2022-06-17,000007,54.51,9502497
2022-06-20,000007,55.99,1884972
2022-06-21,000007,56.19,5847323
2022-06-22,000007,56.25,5349583
2022-06-23,000007,55.52,6798551
2022-06-24,000007,55.84,8656676
2022-06-27,000007,56.9,6102530
2022-06-28,000007,57.9,4914169
2022-06-29,000007,57.13,7690404
2022-06-30,000007,56.24,9889190
2022-07-01,000007,55.7,4887307
2022-07-04,000007,56.85,4535261
2022-07-05,000007,58.08,1832936
2022-07-06,000007,58.17,3661801
2022-07-07,000007,59.49,4025831
2022-07-08,000007,59.34,1104232
2022-07-11,000007,58.18,4781591
2022-07-12,000007,58.71,7503706
2022-07-13,000007,58.75,7309608
2022-07-14,000007,60.19,3742394
2022-07-15,000007,59.18,9268095
2022-07-18,000007,58.34,7742934
2022-07-19,000007,58.47,7562667
2022-07-20,000007,60.01,2374570
2022-07-21,000007,59.32,8612345
2022-07-22,000007,59.84,2098404
2022-07-25,000007,61.1,8781522
2022-07-26,000007,60.47,2477788
2022-07-27,000007,60.72,9198984
2022-07-28,000007,58.93,1367474
2022-07-29,000007,57.62,7901967
2022-08-01,000007,56.36,4763894
2022-08-02,000007,56.79,5795705
2022-08-03,000007,57.29,2401048
2022-08-04,000007,57.94,1333877
2022-08-05,000007,58.61,8234862
2022-08-08,000007,58.7,6939077
2022-08-09,000007,57.0,3739079
2022-08-10,000007,55.52,4994673
2022-08-11,000007,55.02,4570882
2022-08-12,000007,55.15,9900555
2022-08-15,000007,54.21,6297967
2022-08-16,000007,54.01,1441833
2022-08-17,000007,54.03,6858469
2022-08-18,000007,52.78,9920726
2022-08-19,000007,51.27,9341874
2022-08-22,000007,52.55,1410665
2022-08-23,000007,52.43,4217244
2022-08-24,000007,53.29,7884576
2022-08-25,000007,52.9,8656778
2022-08-26,000007,52.56,3579002
2022-08-29,000007,51.51,4380105
2022-08-30,000007,52.37,3389340
2022-08-31,000007,52.19,8053841
2022-09-01,000007,53.26,4325120
2022-09-02,000007,54.66,8035775
2022-09-05,000007,53.52,4681836
2022-09-06,000007,53.97,8694404
2022-09-07,000007,53.02,7797612
2022-09-08,000007,52.04,4862580
2022-09-09,000007,51.01,2904944
2022-09-12,000007,50.35,9216203
2022-09-13,000007,50.47,5513542
2022-09-14,000007,51.54,7423155
2022-09-15,000007,52.12,1777557
2022-09-16,000007,51.64,7290742
2022-09-19,000007,52.67,3485039
2022-09-20,000007,51.27,9140628
2022-09-21,000007,50.48,6894574
2022-09-22,000007,50.54,1828599
2022-09-23,000007,49.21,1636500
2022-09-26,000007,49.39,6768332
2022-09-27,000007,49.83,6162633
2022-09-28,000007,49.93,2370199
2022-09-29,000007,50.87,2496366
2022-09-30,000007,51.87,9316548
2022-10-03,000007,52.7,8264606
2022-10-04,000007,53.22,9476595
2022-10-05,000007,52.24,2798130
2022-10-06,000007,51.74,3713383
2022-10-07,000007,52.42,5432673
2022-10-10,000007,51.39,4837686
2022-10-11,000007,52.66,6263926
2022-10-12,000007,51.67,1531824
2022-10-13,000007,51.82,3267937
2022-10-14,000007,50.77,9566741
2022-10-17,000007,49.88,5596676
2022-10-18,000007,48.89,6225060
2022-10-19,000007,48.04,8377070
2022-10-20,000007,48.28,8128084
2022-10-21,000007,48.16,7448908
2022-10-24,000007,46.78,1286708
2022-10-25,000007,46.88,6406242
2022-10-26,000007,45.91,3824755
2022-10-27,000007,45.15,8628618
2022-10-28,000007,45.22,3712980
2022-10-31,000007,44.02,6582571
2022-11-01,000007,43.32,1537326
2022-11-02,000007,43.68,3350861
2022-11-03,000007,43.12,9289691
2022-11-04,000007,43.86,1540815
2022-11-07,000007,43.83,5977246
2022-11-08,000007,44.3,4836159
2022-11-09,000007,42.99,2764744
2022-11-10,000007,42.91,7612067
2022-11-11,000007,44.16,9430213
2022-11-14,000007,43.16,8088139
2022-11-15,000007,42.22,4171304
2022-11-16,000007,42.32,8491650
2022-11-17,000007,42.1,7141723
2022-11-18,000007,41.25,2383022
2022-11-21,000007,42.45,1359475
2022-11-22,000007,42.76,1793013
2022-11-23,000007,42.65,4586098
2022-11-24,000007,43.28,9487435
2022-11-25,000007,44.47,1476031
2022-11-28,000007,43.61,5265294
2022-11-29,000007,43.61,6305278
2022-11-30,000007,44.33,4013791
2022-12-01,000007,44.15,2937917
2022-12-02,000007,43.35,1465080
2022-12-05,000007,42.83,4048091
2022-12-06,000007,42.38,1323729
2022-12-07,000007,43.08,3742146
2022-12-08,000007,42.78,4703313
2022-12-09,000007,43.77,2407481
2022-12-12,000007,45.04,3921609
2022-12-13,000007,45.06,6466562
2022-12-14,000007,43.95,1154841
2022-12-15,000007,44.93,3411348
2022-12-16,000007,45.59,9543851
2022-12-19,000007,45.7,1325250
2022-12-20,000007,46.52,2152406
2022-12-21,000007,46.22,2138753
2022-12-22,000007,45.67,7464967
2022-12-23,000007,46.2,1628660
2022-12-26,000007,45.6,5397193
2022-12-27,000007,44.89,8008143
2022-12-28,000007,46.12,3490862
2022-12-29,000007,46.5,5614118
2022-12-30,000007,47.68,3978770
2023-01-02,000007,47.86,3837559
2023-01-03,000007,47.15,8933568
2023-01-04,000007,47.91,8160126
2023-01-05,000007,48.79,7957003
2023-01-06,000007,48.9,1984394
2023-01-09,000007,48.48,1813178
2023-01-10,000007,48.88,1708265
2023-01-11,000007,47.49,5362132
2023-01-12,000007,48.47,4674171
2023-01-13,000007,48.67,2003771
2023-01-16,000007,48.74,7504715
2023-01-17,000007,47.59,6977026
2023-01-18,000007,48.54,1220811
2023-01-19,000007,47.71,7741429
2023-01-20,000007,48.4,3417850
2023-01-23,000007,47.72,8103711
2023-01-24,000007,47.38,4806173
2023-01-25,000007,47.43,6477817
2023-01-26,000007,46.32,3894026
2023-01-27,000007,46.22,2835594
2023-01-30,000007,45.58,4034805
2023-01-31,000007,45.79,4686856
2023-02-01,000007,44.93,4533387
2023-02-02,000007,45.41,4235508
2023-02-03,000007,45.6,3506995
2023-02-06,000007,45.91,1311392
2023-02-07,000007,45.59,2652015
2023-02-08,000007,45.11,2207506
2023-02-09,000007,43.87,6837342
2023-02-10,000007,44.59,9173667
2023-02-13,000007,45.17,4330870
2023-02-14,000007,45.79,8200821
2023-02-15,000007,44.78,1212021
2023-02-16,000007,44.54,8740710
2023-02-17,000007,44.65,7051254
2023-02-20,000007,45.15,7588146
2023-02-21,000007,45.35,8400954
2023-02-22,000007,44.9,5650012
2023-02-23,000007,45.51,9882399
2023-02-24,000007,45.09,7730217
2023-02-27,000007,44.14,3475556
2023-02-28,000007,43.34,3296583
2023-03-01,000007,44.62,3439666
2023-03-02,000007,44.99,6504517
2023-03-03,000007,45.02,1971378
2023-03-06,000007,44.89,1640689
2023-03-07,000007,43.77,7771738
2023-03-08,000007,43.87,6557162
2023-03-09,000007,43.6,7534049
2023-03-10,000007,44.14,3369459
2023-03-13,000007,43.23,3369563
2023-03-14,000007,42.79,2237541
2023-03-15,000007,43.06,2990428
2023-03-16,000007,43.91,9975248
2023-03-17,000007,43.2,6729913
2023-03-20,000007,42.19,3421927
2023-03-21,000007,41.33,4822759
2023-03-22,000007,41.98,8799348
2023-03-23,000007,42.35,9495719
2023-03-24,000007,42.67,2960527
2023-03-27,000007,43.37,3611190
2023-03-28,000007,44.1,4947437
2023-03-29,000007,44.32,8994729
2023-03-30,000007,44.83,1193965
2023-03-31,000007,44.81,4539529
2023-04-03,000007,44.42,2142586
2023-04-04,000007,44.98,3621572
2023-04-05,000007,45.72,7330512
2023-04-06,000007,45.53,6544368
2023-04-07,000007,46.37,3627730
2023-04-10,000007,45.45,1151366
2023-04-11,000007,46.53,6385384
2023-04-12,000007,46.75,4269222
2023-04-13,000007,45.45,1870975
2023-04-14,000007,44.65,8943799
2023-04-17,000007,44.54,4680745
2023-04-18,000007,43.39,2747564
2023-04-19,000007,43.01,6287216
2023-04-20,000007,43.63,5290026
2023-04-21,000007,43.19,9271902
2023-04-24,000007,43.67,4104832
2023-04-25,000007,42.96,2799808
2023-04-26,000007,43.94,9765730
2023-04-27,000007,43.72,1330528
2023-04-28,000007,42.87,3772086
2023-05-01,000007,43.97,5814747
2023-05-02,000007,42.94,5781957
2023-05-03,000007,42.59,9902091
2023-05-04,000007,43.68,7806667
2023-05-05,000007,44.48,1689061
2023-05-08,000007,43.64,4464340
2023-05-09,000007,42.6,8306777
2023-05-10,000007,41.58,6344142
2023-05-11,000007,41.09,5935754
2023-05-12,000007,40.42,5225158
2023-05-15,000007,39.96,2655960
2023-05-16,000007,40.27,4769394
2023-05-17,000007,41.22,1786390
2023-05-18,000007,42.1,9005796
2023-05-19,000007,42.53,3785664
2023-05-22,000007,42.35,1079428
2023-05-23,000007,42.72,9529925
2023-05-24,000007,42.59,4017851
2023-05-25,000007,43.66,8552527
2023-05-26,000007,43.37,2619295
2023-05-29,000007,44.34,8337654
2023-05-30,000007,43.35,6190034
2023-05-31,000007,42.53,1045657
2023-06-01,000007,41.84,5333552
2023-06-02,000007,40.68,4732777
2023-06-05,000007,41.3,7733523
2023-06-06,000007,40.76,8302205
2023-06-07,000007,39.95,4687107
2023-06-08,000007,39.09,9966763
2023-06-09,000007,39.16,6244535
2023-06-12,000007,39.89,5166423
2023-06-13,000007,39.1,3052417
2023-06-14,000007,39.49,3386452
2023-06-15,000007,39.13,7227807
2023-06-16,000007,38.84,8837880
2023-06-19,000007,38.09,5003740
2023-06-20,000007,38.51,3834175
2023-06-21,000007,39.04,4756064
2023-06-22,000007,39.81,8173894
2023-06-23,000007,38.98,9503311
2023-06-26,000007,38.94,5931164
2023-06-27,000007,38.85,3330390
2023-06-28,000007,38.56,3135569
2023-06-29,000007,37.71,8273106
2023-06-30,000007,37.35,8301782
2023-07-03,000007,36.69,1306959
2023-07-04,000007,36.87,8124506
2023-07-05,000007,36.99,7443391
2023-07-06,000007,36.23,5353199
2023-07-07,000007,36.25,5394565
2023-07-10,000007,35.81,3894325
2023-07-11,000007,35.37,9532739
2023-07-12,000007,35.69,8012208
2023-07-13,000007,36.02,4491590
2023-07-14,000007,36.27,3003490
2023-07-17,000007,35.42,2753832
2023-07-18,000007,35.97,8057855
2023-07-19,000007,35.71,8520841
2023-07-20,000007,35.71,1572950
2023-07-21,000007,35.06,2043548
2023-07-24,000007,35.93,5854651
2023-07-25,000007,35.37,8327644
2023-07-26,000007,35.09,6911767
2023-07-27,000007,35.64,6577289
2023-07-28,000007,35.11,7173973
2023-07-31,000007,35.59,2308470
2023-08-01,000007,35.92,2256596
2023-08-02,000007,35.46,3303002
2023-08-03,000007,35.73,5946273
2023-08-04,000007,35.1,2611722
2023-08-07,000007,34.25,3621849
2023-08-08,000007,34.35,2876117
2023-08-09,000007,34.82,4544708
2023-08-10,000007,34.25,6661562
2023-08-11,000007,33.59,5433901
2023-08-14,000007,33.23,3634548
2023-08-15,000007,32.92,9750253
2023-08-16,000007,32.26,4037666
2023-08-17,000007,31.46,6208423
2023-08-18,000007,30.85,4876306
2023-08-21,000007,30.77,1685299
2023-08-22,000007,30.26,7076374
2023-08-23,000007,29.88,2915692
2023-08-24,000007,28.99,9218647
2023-08-25,000007,28.67,3592154
2023-08-28,000007,28.27,8547576
2023-08-29,000007,28.62,7460667
2023-08-30,000007,28.35,3929732
2023-08-31,000007,28.04,8370817
2023-09-01,000007,28.58,9633592
2023-09-04,000007,28.41,5418612
2023-09-05,000007,28.82,6518203
2023-09-06,000007,29.33,5253804
2023-09-07,000007,28.75,9133313
2023-09-08,000007,29.09,2916006
2023-09-11,000007,29.16,2989663
2023-09-12,000007,29.5,9354716
2023-09-13,000007,29.89,1781596
2023-09-14,000007,30.43,6113914
2023-09-15,000007,30.3,7155363
2023-09-18,000007,30.31,1817823
2023-09-19,000007,29.76,7025793
2023-09-20,000007,29.5,4600608
2023-09-21,000007,30.2,1763678
2023-09-22,000007,30.62,1681376
2023-09-25,000007,30.27,4789036
2023-09-26,000007,29.79,5198730
2023-09-27,000007,29.86,7462625
2023-09-28,000007,29.73,1151039
2023-09-29,000007,29.6,3289819
2023-10-02,000007,30.07,6029059
2023-10-03,000007,29.97,9749858
2023-10-04,000007,30.48,6548528
2023-10-05,000007,30.6,6673450
2023-10-06,000007,31.0,4007306
2023-10-09,000007,31.79,4634603
2023-10-10,000007,31.75,8668967
2023-10-11,000007,32.38,3172468
2023-10-12,000007,33.27,8163199
2023-10-13,000007,33.19,1211367
2023-10-16,000007,33.53,3049455
2023-10-17,000007,34.12,1084529
2023-10-18,000007,34.3,4488160
2023-10-19,000007,33.9,5039420
2023-10-20,000007,34.4,3090479
2023-10-23,000007,35.34,7553050
2023-10-24,000007,34.56,7686124
2023-10-25,000007,34.48,2677576
2023-10-26,000007,34.6,6376183
2023-10-27,000007,33.57,7661945
2023-10-30,000007,34.27,1036649
2023-10-31,000007,33.63,6915192
2023-11-01,000007,34.0,9568048
2023-11-02,000007,33.76,2377373
2023-11-03,000007,33.63,9001813
2023-11-06,000007,33.85,9833707
2023-11-07,000007,33.22,2316841
2023-11-08,000007,32.29,8712469
2023-11-09,000007,31.85,2173735
2023-11-10,000007,31.12,9481962
2023-11-13,000007,30.93,9621382
2023-11-14,000007,31.31,7874662
2023-11-15,000007,31.29,6896573
2023-11-16,000007,31.18,9425632
2023-11-17,000007,31.35,8620309
2023-11-20,000007,31.79,8737175
2023-11-21,000007,31.32,9809725
2023-11-22,000007,30.65,1963676
2023-11-23,000007,31.36,1971423
2023-11-24,000007,32.3,2260569
2023-11-27,000007,33.0,7599806
2023-11-28,000007,33.25,3611524
2023-11-29,000007,33.71,9416129
2023-11-30,000007,32.94,6120524
2023-12-01,000007,32.94,3407332
2022-01-03,000008,49.76,6007960
2022-01-04,000008,51.23,9733101
2022-01-05,000008,50.03,3095874
2022-01-06,000008,50.36,9088516
2022-01-07,000008,50.61,8604674
2022-01-10,000008,49.39,7012388
2022-01-11,000008,48.94,6663441
2022-01-12,000008,49.11,9786152
2022-01-13,000008,47.85,9254133
2022-01-14,000008,47.97,4792282
2022-01-17,000008,48.14,4005052
2022-01-18,000008,48.16,2466322
2022-01-19,000008,46.92,8024822
2022-01-20,000008,47.25,6942356
2022-01-21,000008,47.35,8723480
2022-01-24,000008,47.26,9511898
2022-01-25,000008,47.35,3930220
2022-01-26,000008,46.46,7898850
2022-01-27,000008,45.94,1560671
2022-01-28,000008,46.9,2811696
2022-01-31,000008,46.44,1820346
2022-02-01,000008,47.24,6447168
2022-02-02,000008,46.62,8215167
2022-02-03,000008,47.37,1692015
2022-02-04,000008,46.67,7803500
2022-02-07,000008,46.48,4858817
2022-02-08,000008,45.41,7763250
2022-02-09,000008,46.25,4948620
2022-02-10,000008,45.12,3166105
2022-02-11,000008,45.81,4227959
2022-02-14,000008,46.38,8123336
2022-02-15,000008,45.91,8031471
2022-02-16,000008,46.94,1371102
2022-02-17,000008,46.32,9920691
2022-02-18,000008,45.72,6239779
2022-02-21,000008,46.86,1419700
2022-02-22,000008,46.78,4720674
2022-02-23,000008,47.23,4725330
2022-02-24,000008,46.66,9832415
2022-02-25,000008,46.95,3033276
2022-02-28,000008,47.27,6300682
2022-03-01,000008,46.57,5678580
2022-03-02,000008,45.96,2597547
2022-03-03,000008,47.08,3020351
2022-03-04,000008,45.96,7166278
2022-03-07,000008,46.06,2485945
2022-03-08,000008,45.85,2502169
2022-03-09,000008,45.34,8725135
2022-03-10,000008,44.34,2293355
2022-03-11,000008,43.11,4654748
2022-03-14,000008,42.96,4375338
2022-03-15,000008,44.16,6326946
2022-03-16,000008,43.4,4227872
2022-03-17,000008,44.22,3032485
2022-03-18,000008,43.09,9664645
2022-03-21,000008,42.28,4849420
2022-03-22,000008,42.84,2962791
2022-03-23,000008,42.82,7424927
2022-03-24,000008,41.99,9569907
2022-03-25,000008,42.4,4009301
2022-03-28,000008,43.65,3928087
2022-03-29,000008,44.88,3342844
2022-03-30,000008,46.06,1710706
2022-03-31,000008,46.97,9642504
2022-04-01,000008,46.87,1370088
2022-04-04,000008,45.47,5435910
2022-04-05,000008,44.74,9247767
2022-04-06,000008,45.73,3975587
2022-04-07,000008,44.42,3526484
2022-04-08,000008,44.55,9841823
2022-04-11,000008,45.03,4696227
2022-04-12,000008,45.86,8146430
2022-04-13,000008,46.29,4616035
2022-04-14,000008,45.75,8247320
2022-04-15,000008,44.57,4888789
2022-04-18,000008,44.77,5544731
2022-04-19,000008,43.93,5209108
2022-04-20,000008,43.63,1344394
2022-04-21,000008,43.49,3356671
2022-04-22,000008,43.49,9236147
2022-04-25,000008,43.95,1750558
2022-04-26,000008,43.2,2718527
2022-04-27,000008,42.46,7221246
2022-04-28,000008,41.33,2949490
2022-04-29,000008,40.53,9632893
2022-05-02,000008,39.43,8842091
2022-05-03,000008,40.24,7124295
2022-05-04,000008,39.56,6516084
2022-05-05,000008,39.46,1404228
2022-05-06,000008,40.34,2756385
2022-05-09,000008,39.5,4163639
2022-05-10,000008,39.81,3918874
2022-05-11,000008,38.7,8665464
2022-05-12,000008,38.48,6425557
2022-05-13,000008,38.89,5117130
2022-05-16,000008,37.91,1482038
2022-05-17,000008,37.29,5425730
2022-05-18,000008,36.79,6906647
2022-05-19,000008,36.91,7146237
2022-05-20,000008,36.21,6558520
2022-05-23,000008,36.68,4663747
2022-05-24,000008,37.31,7572415
2022-05-25,000008,38.03,2703666
2022-05-26,000008,37.55,5487381
2022-05-27,000008,37.65,6598409
2022-05-30,000008,36.94,5288019
2022-05-31,000008,37.67,8385660
2022-06-01,000008,37.24,3426242
2022-06-02,000008,36.22,7659080
2022-06-03,000008,37.3,7334672
2022-06-06,000008,37.88,2568502
2022-06-07,000008,37.76,1451867
2022-06-08,000008,36.74,8647296
2022-06-09,000008,35.66,8797168
2022-06-10,000008,34.97,6929906
2022-06-13,000008,35.78,9641145
2022-06-14,000008,35.56,6671803
2022-06-15,000008,35.23,3962847
2022-06-16,000008,36.24,9138857
2022-06-17,000008,36.99,8784213
2022-06-20,000008,36.28,8918007
2022-06-21,000008,37.08,2186528
2022-06-22,000008,37.75,9183951
2022-06-23,000008,38.18,3631590
2022-06-24,000008,38.66,5365763
2022-06-27,000008,37.87,5491875
2022-06-28,000008,38.97,9690020
2022-06-29,000008,39.73,2839576
2022-06-30,000008,39.71,3704191
2022-07-01,000008,39.79,7245624
2022-07-04,000008,39.29,3353807
2022-07-05,000008,38.84,7383710
2022-07-06,000008,37.98,8664358
2022-07-07,000008,38.84,3001736
2022-07-08,000008,38.1,8025002
2022-07-11,000008,37.52,3615422
2022-07-12,000008,37.37,6891199
2022-07-13,000008,37.47,2694666
2022-07-14,000008,37.71,7014045
2022-07-15,000008,37.54,1558078
2022-07-18,000008,38.34,2254903
2022-07-19,000008,37.41,4630347
2022-07-20,000008,38.21,1944026
2022-07-21,000008,37.92,9183371
2022-07-22,000008,37.24,2431948
2022-07-25,000008,37.58,9779168
2022-07-26,000008,37.94,6925889
2022-07-27,000008,38.76,5921387
2022-07-28,000008,38.22,1139172
2022-07-29,000008,38.44,4073045
2022-08-01,000008,38.18,3884806
2022-08-02,000008,39.08,5188592
2022-08-03,000008,38.37,1847137
2022-08-04,000008,38.44,3115886
2022-08-05,000008,38.5,5681262
2022-08-08,000008,37.58,7378137
2022-08-09,000008,38.64,6392360
2022-08-10,000008,38.16,6512897
2022-08-11,000008,37.74,4242019
2022-08-12,000008,37.52,3463720
2022-08-15,000008,37.24,9281648
2022-08-16,000008,36.74,7163333
2022-08-17,000008,36.03,3933062
2022-08-18,000008,36.58,9656062
2022-08-19,000008,36.42,4568076
2022-08-22,000008,36.87,9993320
2022-08-23,000008,36.96,2509251
2022-08-24,000008,37.12,3227120
2022-08-25,000008,36.32,6122847
2022-08-26,000008,35.95,4705099
2022-08-29,000008,35.36,3091781
2022-08-30,000008,35.75,3309912
2022-08-31,000008,36.79,2558097
2022-09-01,000008,36.67,4511890
2022-09-02,000008,35.57,8454735
2022-09-05,000008,35.81,7668639
2022-09-06,000008,35.96,5013088
2022-09-07,000008,36.77,5978795
2022-09-08,000008,36.58,5945809
2022-09-09,000008,37.19,2511026
2022-09-12,000008,37.25,4121241
2022-09-13,000008,37.05,3184909
2022-09-14,000008,36.74,8590584
2022-09-15,000008,37.1,6442776
2022-09-16,000008,36.94,9027301
2022-09-19,000008,37.03,2613627
2022-09-20,000008,37.05,7629240
2022-09-21,000008,37.62,6871569
2022-09-22,000008,37.98,6897678
2022-09-23,000008,37.7,9366629
2022-09-26,000008,38.25,9782264
2022-09-27,000008,39.07,1145103
2022-09-28,000008,39.78,5245343
2022-09-29,000008,39.28,4514590
2022-09-30,000008,38.95,4328742
2022-10-03,000008,38.42,2071276
2022-10-04,000008,38.33,9784420
2022-10-05,000008,38.32,4729864
2022-10-06,000008,38.43,4239957
2022-10-07,000008,37.29,8596425
2022-10-10,000008,36.87,2874851
2022-10-11,000008,37.26,2246766
2022-10-12,000008,37.53,3902453
2022-10-13,000008,37.3,6042477
2022-10-14,000008,37.21,5432556
2022-10-17,000008,38.24,6876519
2022-10-18,000008,37.14,2943669
2022-10-19,000008,38.19,6939122
2022-10-20,000008,38.11,7279713
2022-10-21,000008,38.82,2557467
2022-10-24,000008,39.0,7449363
2022-10-25,000008,38.24,1758937
2022-10-26,000008,37.27,4097401
2022-10-27,000008,37.53,7883392
2022-10-28,000008,38.55,9541429
2022-10-31,000008,38.31,9390998
2022-11-01,000008,38.99,2705896
2022-11-02,000008,40.14,8904182
2022-11-03,000008,39.66,2123765
2022-11-04,000008,40.38,4376238
2022-11-07,000008,39.62,8295126
2022-11-08,000008,40.59,4290109
2022-11-09,000008,39.44,9033108
2022-11-10,000008,40.24,6275628
2022-11-11,000008,40.31,4333262
2022-11-14,000008,39.9,3288131
2022-11-15,000008,38.81,5305879
2022-11-16,000008,39.06,8181172
2022-11-17,000008,39.7,3112658
2022-11-18,000008,39.22,4944264
2022-11-21,000008,39.2,1634262
2022-11-22,000008,38.79,4506386
2022-11-23,000008,37.71,3392575
2022-11-24,000008,37.93,2543092
2022-11-25,000008,37.21,5540811
2022-11-28,000008,36.83,1195208
2022-11-29,000008,36.6,4940633
2022-11-30,000008,36.89,5587360
2022-12-01,000008,36.44,2576114
2022-12-02,000008,36.64,4836121
2022-12-05,000008,36.98,2677539
2022-12-06,000008,37.19,1758873
2022-12-07,000008,36.35,5386494
2022-12-08,000008,36.17,6645542
2022-12-09,000008,36.89,3508948
2022-12-12,000008,37.45,7300539
2022-12-13,000008,37.36,3208431
2022-12-14,000008,37.62,8637755
2022-12-15,000008,37.9,5060784
2022-12-16,000008,37.59,5518354
2022-12-19,000008,37.52,8933661
2022-12-20,000008,37.35,5424855
2022-12-21,000008,36.75,9450365
2022-12-22,000008,36.1,8433407
2022-12-23,000008,36.9,8128470
2022-12-26,000008,36.76,1915657
2022-12-27,000008,36.98,4851689
2022-12-28,000008,36.74,3253848
2022-12-29,000008,37.17,4158021
2022-12-30,000008,37.22,4653478
2023-01-02,000008,36.77,8249942
2023-01-03,000008,37.0,8600328
2023-01-04,000008,36.97,5767061
2023-01-05,000008,37.93,6410873
2023-01-06,000008,37.49,4276523
2023-01-09,000008,37.68,5879008
2023-01-10,000008,36.93,6772060
2023-01-11,000008,36.15,5842305
2023-01-12,000008,37.06,2309154
2023-01-13,000008,37.03,8663853
2023-01-16,000008,38.11,3012524
2023-01-17,000008,37.01,1719958
2023-01-18,000008,36.39,1067899
2023-01-19,000008,37.33,9941724
2023-01-20,000008,37.23,1804221
2023-01-23,000008,36.93,4988616
2023-01-24,000008,35.84,3802168
2023-01-25,000008,36.13,6820881
2023-01-26,000008,35.84,3719853
2023-01-27,000008,36.04,8416674
2023-01-30,000008,35.95,9022002
2023-01-31,000008,35.11,4725836
2023-02-01,000008,35.71,3365789
2023-02-02,000008,35.55,7864849
2023-02-03,000008,36.12,6490971
2023-02-06,000008,36.1,8734424
2023-02-07,000008,35.52,6453797
2023-02-08,000008,35.91,4497733
2023-02-09,000008,35.63,2568870
2023-02-10,000008,35.29,7476174
2023-02-13,000008,35.1,6593366
2023-02-14,000008,35.54,8137192
2023-02-15,000008,36.22,6755552
2023-02-16,000008,36.86,3788664
2023-02-17,000008,36.77,5239312
2023-02-20,000008,37.57,2049431
2023-02-21,000008,37.49,9395514
2023-02-22,000008,37.79,4710286
2023-02-23,000008,37.86,4381129
2023-02-24,000008,36.94,2199159
2023-02-27,000008,36.0,8992751
2023-02-28,000008,35.95,7035937
2023-03-01,000008,36.7,6031592
2023-03-02,000008,36.16,3728047
2023-03-03,000008,36.18,4570926
2023-03-06,000008,35.33,7705577
2023-03-07,000008,35.93,6172395
2023-03-08,000008,36.94,9996961
2023-03-09,000008,36.77,1626253
2023-03-10,000008,35.77,9135687
2023-03-13,000008,36.6,9548659
2023-03-14,000008,35.69,7358879
2023-03-15,000008,36.75,5819125
2023-03-16,000008,36.92,2237849
2023-03-17,000008,36.53,5177812
2023-03-20,000008,36.14,3503690
2023-03-21,000008,35.5,5313803
2023-03-22,000008,35.5,5463500
2023-03-23,000008,36.16,3675237
2023-03-24,000008,36.99,4927796
2023-03-27,000008,37.81,3061044
2023-03-28,000008,37.46,4961752
2023-03-29,000008,37.9,6888652
2023-03-30,000008,37.28,2019656
2023-03-31,000008,36.48,4968738
2023-04-03,000008,35.85,3925905
2023-04-04,000008,36.1,7999764
2023-04-05,000008,35.36,6054919
2023-04-06,000008,35.09,3844642
2023-04-07,000008,35.61,6411044
2023-04-10,000008,35.07,2898262
2023-04-11,000008,34.37,7803297
2023-04-12,000008,34.45,8856528
2023-04-13,000008,35.29,1238259
2023-04-14,000008,35.12,6634997
2023-04-17,000008,35.14,5618839
2023-04-18,000008,35.1,3435410
2023-04-19,000008,35.1,9213996
2023-04-20,000008,35.27,5584814
2023-04-21,000008,34.24,4198015
2023-04-24,000008,35.12,6426024
2023-04-25,000008,34.91,9547745
2023-04-26,000008,35.18,1359531
2023-04-27,000008,34.84,3680119
2023-04-28,000008,35.34,1459096
2023-05-01,000008,36.29,8273708
2023-05-02,000008,35.36,5822370
2023-05-03,000008,36.12,7026869
2023-05-04,000008,36.65,4042689
2023-05-05,000008,37.59,3868794
2023-05-08,000008,37.84,6437816
2023-05-09,000008,38.04,1231491
2023-05-10,000008,38.02,7252440
2023-05-11,000008,37.51,2383120
2023-05-12,000008,37.16,6440540
2023-05-15,000008,37.32,3902445
2023-05-16,000008,36.41,2628328
2023-05-17,000008,36.25,3159061
2023-05-18,000008,37.1,2017905
2023-05-19,000008,36.44,3050187
2023-05-22,000008,37.0,3180439
2023-05-23,000008,36.29,7500343
2023-05-24,000008,35.59,3145575
2023-05-25,000008,35.34,2470328
2023-05-26,000008,35.04,8476817
2023-05-29,000008,34.37,5184678
2023-05-30,000008,33.85,4126405
2023-05-31,000008,33.16,7751494
2023-06-01,000008,34.13,7167929
2023-06-02,000008,33.71,2029387
2023-06-05,000008,34.45,1492535
2023-06-06,000008,34.91,1234217
2023-06-07,000008,35.33,3600293
2023-06-08,000008,35.52,6484671
2023-06-09,000008,36.31,4913487
2023-06-12,000008,35.48,5770384
2023-06-13,000008,34.55,6476632
2023-06-14,000008,33.82,3911206
2023-06-15,000008,33.9,7670636
2023-06-16,000008,34.1,6342217
2023-06-19,000008,34.31,5423735
2023-06-20,000008,33.83,8442912
2023-06-21,000008,33.83,8512621
2023-06-22,000008,34.35,3845163
2023-06-23,000008,35.28,1275819
2023-06-26,000008,34.53,9625881
2023-06-27,000008,33.53,2189084
2023-06-28,000008,32.9,1854663
2023-06-29,000008,32.45,8996388
2023-06-30,000008,32.52,4210343
2023-07-03,000008,32.53,9938162
2023-07-04,000008,31.64,7535477
2023-07-05,000008,32.41,4472002
2023-07-06,000008,33.34,6585509
2023-07-07,000008,33.5,6306011
2023-07-10,000008,33.96,4388163
2023-07-11,000008,34.22,4948842
2023-07-12,000008,35.14,4372508
2023-07-13,000008,35.14,9280417
2023-07-14,000008,35.65,4738516
2023-07-17,000008,35.02,7235338
2023-07-18,000008,34.86,1086028
2023-07-19,000008,33.92,9553006
2023-07-20,000008,33.06,7823718
2023-07-21,000008,32.53,8007677
2023-07-24,000008,32.43,4556646
2023-07-25,000008,32.76,7563771
2023-07-26,000008,31.9,8923406
2023-07-27,000008,31.11,2677859
2023-07-28,000008,30.33,1002885
2023-07-31,000008,30.66,2770440
2023-08-01,000008,31.25,2500243
2023-08-02,000008,30.37,5667912
2023-08-03,000008,29.95,1295266
2023-08-04,000008,30.8,7785535
2023-08-07,000008,30.25,4217626
2023-08-08,000008,30.35,3108509
2023-08-09,000008,30.91,1422675
2023-08-10,000008,31.63,6134033
2023-08-11,000008,31.75,5583777
2023-08-14,000008,31.22,9076033
2023-08-15,000008,31.71,1888931
2023-08-16,000008,31.68,4521261
2023-08-17,000008,32.08,6573050
2023-08-18,000008,31.26,1364628
2023-08-21,000008,31.33,3664527
2023-08-22,000008,30.96,7289128
2023-08-23,000008,30.77,6822916
2023-08-24,000008,29.95,5441793
2023-08-25,000008,29.45,1074287
2023-08-28,000008,28.7,7648627
2023-08-29,000008,28.69,4264965
2023-08-30,000008,27.88,3423339
2023-08-31,000008,27.93,6930778
2023-09-01,000008,28.34,8837538
2023-09-04,000008,28.32,1493943
2023-09-05,000008,28.87,4795743
2023-09-06,000008,28.81,3606640
2023-09-07,000008,29.42,5838469
2023-09-08,000008,28.58,4775729
2023-09-11,000008,28.77,5863686
2023-09-12,000008,29.53,9625429
2023-09-13,000008,28.8,8757677
2023-09-14,000008,28.56,5648473
2023-09-15,000008,27.87,9676153
2023-09-18,000008,27.06,3523398
2023-09-19,000008,27.68,8515339
2023-09-20,000008,27.53,8842160
2023-09-21,000008,27.12,8779481
2023-09-22,000008,27.57,9743154
2023-09-25,000008,26.84,5961719
2023-09-26,000008,27.18,9463962
2023-09-27,000008,27.23,9247876
2023-09-28,000008,27.13,9968492
2023-09-29,000008,26.5,8502591
2023-10-02,000008,26.51,5918549
2023-10-03,000008,26.34,8415817
2023-10-04,000008,26.26,3865774
2023-10-05,000008,26.92,2101655
2023-10-06,000008,26.22,4997752
2023-10-09,000008,25.68,7587050
2023-10-10,000008,25.75,3421862
2023-10-11,000008,25.07,2468585
2023-10-12,000008,24.96,8323661
2023-10-13,000008,24.89,8422802
2023-10-16,000008,25.15,8731482
2023-10-17,000008,24.68,1742817
2023-10-18,000008,24.05,3066394
2023-10-19,000008,24.74,6859965
2023-10-20,000008,25.48,6590499
2023-10-23,000008,25.68,7333101
2023-10-24,000008,25.72,9872518
2023-10-25,000008,25.86,1435566
2023-10-26,000008,25.74,8324975
2023-10-27,000008,25.74,4154917
2023-10-30,000008,26.45,3328003
2023-10-31,000008,26.88,2408068
2023-11-01,000008,26.32,5984751
2023-11-02,000008,25.95,5514951
2023-11-03,000008,25.98,3799534
2023-11-06,000008,26.64,1379600
2023-11-07,000008,27.05,3440265
2023-11-08,000008,27.73,7591353
2023-11-09,000008,27.33,6767214
2023-11-10,000008,27.1,9159891
2023-11-13,000008,26.91,1543239
2023-11-14,000008,27.37,8438787
2023-11-15,000008,26.57,9358282
2023-11-16,000008,26.26,7257379
2023-11-17,000008,26.33,6831026
2023-11-20,000008,26.93,7899977
2023-11-21,000008,27.38,1328519
2023-11-22,000008,27.2,4077331
2023-11-23,000008,27.1,6221907
2023-11-24,000008,26.44,4584194
2023-11-27,000008,25.74,9128490
2023-11-28,000008,26.2,5133478
2023-11-29,000008,26.87,7813696
2023-11-30,000008,26.12,3672488
2023-12-01,000008,26.71,8310018
2022-01-03,000009,50.3,3064844
2022-01-04,000009,50.14,7787954
2022-01-05,000009,50.96,3656310
2022-01-06,000009,49.58,3077304
2022-01-07,000009,48.28,9246462
2022-01-10,000009,49.02,3462655
2022-01-11,000009,49.84,3498308
2022-01-12,000009,49.84,7077498
2022-01-13,000009,49.86,9834573
2022-01-14,000009,51.2,7398030
2022-01-17,000009,50.2,2526647
2022-01-18,000009,50.62,5455869
2022-01-19,000009,51.79,6728618
2022-01-20,000009,51.13,2803958
2022-01-21,000009,51.68,1437854
2022-01-24,000009,53.05,6822893
2022-01-25,000009,52.11,5103832
2022-01-26,000009,53.39,6199137
2022-01-27,000009,53.67,4044323
2022-01-28,000009,52.08,7803906
2022-01-31,000009,51.16,9657006
2022-02-01,000009,52.01,1763217
2022-02-02,000009,51.43,5355517
2022-02-03,000009,50.15,7945692
2022-02-04,000009,50.04,3383689
2022-02-07,000009,49.6,7437811
2022-02-08,000009,49.59,7858819
2022-02-09,000009,50.06,8539432
2022-02-10,000009,49.77,7797115
2022-02-11,000009,49.59,1895828
2022-02-14,000009,49.5,2729996
2022-02-15,000009,49.9,5227528
2022-02-16,000009,49.94,7425454
2022-02-17,000009,48.87,3225476
2022-02-18,000009,49.4,3747243
2022-02-21,000009,50.83,9552703
2022-02-22,000009,49.57,4973867
2022-02-23,000009,50.0,3818844
2022-02-24,000009,50.94,1668404
2022-02-25,000009,52.47,5467010
2022-02-28,000009,51.45,8406598
2022-03-01,000009,52.72,6963890
2022-03-02,000009,52.2,3597699
2022-03-03,000009,53.44,7139216
2022-03-04,000009,52.32,6930899
2022-03-07,000009,52.6,4604931
2022-03-08,000009,53.23,8383930
2022-03-09,000009,54.58,4849757
2022-03-10,000009,53.49,8076318
2022-03-11,000009,52.32,8278025
2022-03-14,000009,53.57,1605610
2022-03-15,000009,54.85,4338448
2022-03-16,000009,54.2,9662840
2022-03-17,000009,52.92,1872113
2022-03-18,000009,53.85,7744251
2022-03-21,000009,53.79,2369886
2022-03-22,000009,55.33,9700414
2022-03-23,000009,54.81,7022503
2022-03-24,000009,54.53,3375260
2022-03-25,000009,53.63,1339797
2022-03-28,000009,52.07,1366313
2022-03-29,000009,50.64,3034698
2022-03-30,000009,52.12,6652620
2022-03-31,000009,52.17,4475461
2022-04-01,000009,50.64,1683970
2022-04-04,000009,51.7,3576932
2022-04-05,000009,51.86,2297463
2022-04-06,000009,52.19,4287285
2022-04-07,000009,53.06,9520429
2022-04-08,000009,51.47,5955647
2022-04-11,000009,51.11,1675008
2022-04-12,000009,49.58,9459842
2022-04-13,000009,50.88,7776845
2022-04-14,000009,52.07,2147189
2022-04-15,000009,50.63,1752530
2022-04-18,000009,49.18,2053773
2022-04-19,000009,50.24,6417132
2022-04-20,000009,49.13,4500866
2022-04-21,000009,50.43,5016856
2022-04-22,000009,49.22,3326675
2022-04-25,000009,49.67,1629856
2022-04-26,000009,49.62,2680486
2022-04-27,000009,49.62,6032767
2022-04-28,000009,49.28,3694893
2022-04-29,000009,48.86,9583193
2022-05-02,000009,48.91,5145515
2022-05-03,000009,48.99,7752289
2022-05-04,000009,49.68,2316566
2022-05-05,000009,50.36,2555515
2022-05-06,000009,51.39,3244867
2022-05-09,000009,52.74,7574911
2022-05-10,000009,54.22,3159250
2022-05-11,000009,52.89,7282042
2022-05-12,000009,54.18,9922144
2022-05-13,000009,55.34,8170997
2022-05-16,000009,55.59,9987726
2022-05-17,000009,55.7,5249749
2022-05-18,000009,55.72,5988859
2022-05-19,000009,55.11,5230376
2022-05-20,000009,55.89,6001923
2022-05-23,000009,56.17,8018746
2022-05-24,000009,54.66,6784444
2022-05-25,000009,54.02,8315605
2022-05-26,000009,54.35,7836806
2022-05-27,000009,53.5,2127344
2022-05-30,000009,53.11,6865917
2022-05-31,000009,53.87,1210775
2022-06-01,000009,54.16,7110091
2022-06-02,000009,55.72,5903145
2022-06-03,000009,57.01,3457317
2022-06-06,000009,55.75,8158609
2022-06-07,000009,55.64,6179672
2022-06-08,000009,54.93,5456595
2022-06-09,000009,55.01,5856187
2022-06-10,000009,53.74,6104680
2022-06-13,000009,54.93,6480144
2022-06-14,000009,53.61,9871006
2022-06-15,000009,54.72,1069840
2022-06-16,000009,55.63,3791197
2022-06-17,000009,55.86,8454860
2022-06-20,000009,54.54,4633172
2022-06-21,000009,55.65,5090221
2022-06-22,000009,54.0,8339903
2022-06-23,000009,54.87,4416451
2022-06-24,000009,53.87,7647727
2022-06-27,000009,52.74,5414108
2022-06-28,000009,51.38,7820340
2022-06-29,000009,51.97,3899609
2022-06-30,000009,51.6,1090141
2022-07-01,000009,51.55,4331530
2022-07-04,000009,52.87,8520633
2022-07-05,000009,52.56,2602242
2022-07-06,000009,51.58,9701642
2022-07-07,000009,52.77,1447672
2022-07-08,000009,53.37,6619654
2022-07-11,000009,53.52,5496566
2022-07-12,000009,52.86,8581277
2022-07-13,000009,53.93,4128655
2022-07-14,000009,55.18,2257819
2022-07-15,000009,54.64,9653509
2022-07-18,000009,54.2,4399873
2022-07-19,000009,52.72,8367336
2022-07-20,000009,53.25,5711815
2022-07-21,000009,53.29,2149506
2022-07-22,000009,54.16,5914990
2022-07-25,000009,54.31,2832669
2022-07-26,000009,54.24,8393751
2022-07-27,000009,55.52,5017479
2022-07-28,000009,57.13,1712336
2022-07-29,000009,57.53,5563746
2022-08-01,000009,57.32,9264971
2022-08-02,000009,56.09,3729652
2022-08-03,000009,57.37,4771391
2022-08-04,000009,57.5,8973734
2022-08-05,000009,58.55,2822047
2022-08-08,000009,58.85,5654833
2022-08-09,000009,57.18,5858289
2022-08-10,000009,56.49,1830240
2022-08-11,000009,56.6,9228684
2022-08-12,000009,55.99,9354438
2022-08-15,000009,55.32,8111623
2022-08-16,000009,54.64,8893048
2022-08-17,000009,55.95,6253294
2022-08-18,000009,56.91,2955090
2022-08-19,000009,56.08,5273932
2022-08-22,000009,56.86,6732800
2022-08-23,000009,58.48,4690154
2022-08-24,000009,58.11,4259506
2022-08-25,000009,57.54,7602388
2022-08-26,000009,56.52,8662816
2022-08-29,000009,57.67,3349016
2022-08-30,000009,56.61,9398745
2022-08-31,000009,57.5,3629577
2022-09-01,000009,58.89,9655352
2022-09-02,000009,60.09,2873376
2022-09-05,000009,59.47,6980386
2022-09-06,000009,61.06,2054204
2022-09-07,000009,62.36,2914400
2022-09-08,000009,64.0,3132963
2022-09-09,000009,63.85,1223109
2022-09-12,000009,65.75,6096676
2022-09-13,000009,65.36,5664479
2022-09-14,000009,63.52,2185690
2022-09-15,000009,61.76,1481558
2022-09-16,000009,61.89,7260450
2022-09-19,000009,63.53,5171055
2022-09-20,000009,64.06,5208591
2022-09-21,000009,62.52,9586355
2022-09-22,000009,62.11,9531106
2022-09-23,000009,63.13,2422158
2022-09-26,000009,64.29,7821281
2022-09-27,000009,62.8,5994702
2022-09-28,000009,62.67,7738146
2022-09-29,000009,61.81,6347943
2022-09-30,000009,63.1,6730513
2022-10-03,000009,61.27,4677957
2022-10-04,000009,62.85,9719228
2022-10-05,000009,64.43,6335829
2022-10-06,000009,65.04,4338581
2022-10-07,000009,65.85,8867590
2022-10-10,000009,66.09,7927866
2022-10-11,000009,66.16,1762462
2022-10-12,000009,67.72,7171105
2022-10-13,000009,69.67,5176701
2022-10-14,000009,69.87,2089461
2022-10-17,000009,69.34,4436979
2022-10-18,000009,69.61,3405641
2022-10-19,000009,67.72,8576108
2022-10-20,000009,67.78,6297144
2022-10-21,000009,66.64,6246421
2022-10-24,000009,67.1,1989152
2022-10-25,000009,69.05,1498826
2022-10-26,000009,70.85,1176522
2022-10-27,000009,69.51,1480149
2022-10-28,000009,69.1,8961876
2022-10-31,000009,69.65,4598437
2022-11-01,000009,69.62,8726482
2022-11-02,000009,71.71,1554287
2022-11-03,000009,73.62,1460534
2022-11-04,000009,72.66,3960136
2022-11-07,000009,72.97,9136235
2022-11-08,000009,71.98,2219374
2022-11-09,000009,70.86,1610832
2022-11-10,000009,70.41,3157338
2022-11-11,000009,68.42,8984688
2022-11-14,000009,68.46,2915011
2022-11-15,000009,68.91,2191611
2022-11-16,000009,70.11,4517884
2022-11-17,000009,69.39,6769055
2022-11-18,000009,70.86,2368248
2022-11-21,000009,70.26,7348817
2022-11-22,000009,69.56,8455508
2022-11-23,000009,69.93,6398227
2022-11-24,000009,67.96,7493327
2022-11-25,000009,68.73,3291528
2022-11-28,000009,67.25,1417523
2022-11-29,000009,68.17,2721254
2022-11-30,000009,67.88,8529393
2022-12-01,000009,69.55,5171390
2022-12-02,000009,69.84,5676906
2022-12-05,000009,69.97,2657153
2022-12-06,000009,71.31,8662336
2022-12-07,000009,69.25,2082650
2022-12-08,000009,68.97,3231425
2022-12-09,000009,70.04,5216218
2022-12-12,000009,67.98,3711252
2022-12-13,000009,68.39,4650259
2022-12-14,000009,68.97,8015365
2022-12-15,000009,68.82,8776139
2022-12-16,000009,70.14,4822788
2022-12-19,000009,69.34,9033665
2022-12-20,000009,69.93,5067526
2022-12-21,000009,71.63,1127094
2022-12-22,000009,71.19,2947775
2022-12-23,000009,71.56,7477694
2022-12-26,000009,72.65,2209271
2022-12-27,000009,72.76,4076355
2022-12-28,000009,71.57,4079369
2022-12-29,000009,72.35,7020884
2022-12-30,000009,71.31,1373022
2023-01-02,000009,71.18,9331163
2023-01-03,000009,70.6,8964289
2023-01-04,000009,69.68,8385195
2023-01-05,000009,71.49,3764538
2023-01-06,000009,72.5,2458824
2023-01-09,000009,73.56,2396227
2023-01-10,000009,72.35,5108981
2023-01-11,000009,72.5,1258928
2023-01-12,000009,70.88,2899803
2023-01-13,000009,69.74,9087201
2023-01-16,000009,71.07,6227604
2023-01-17,000009,72.06,9454010
2023-01-18,000009,71.04,7546031
2023-01-19,000009,70.36,4357452
2023-01-20,000009,69.07,3304339
2023-01-23,000009,68.97,4246102
2023-01-24,000009,70.82,9819918
2023-01-25,000009,70.8,7133013
2023-01-26,000009,69.78,6783248
2023-01-27,000009,71.72,8352689
2023-01-30,000009,70.3,4188154
2023-01-31,000009,68.25,9360097
2023-02-01,000009,70.17,2206526
2023-02-02,000009,69.31,4314344
2023-02-03,000009,70.75,9401045
2023-02-06,000009,69.81,7204921
2023-02-07,000009,71.26,9627769
2023-02-08,000009,70.46,2995466
2023-02-09,000009,72.35,8851735
2023-02-10,000009,73.64,3755604
2023-02-13,000009,73.89,2788805
2023-02-14,000009,73.91,3642127
2023-02-15,000009,73.42,9125351
2023-02-16,000009,71.5,4143706
2023-02-17,000009,70.96,1392570
2023-02-20,000009,69.14,8819054
2023-02-21,000009,69.15,5734979
2023-02-22,000009,68.75,7910417
2023-02-23,000009,69.6,9891106
2023-02-24,000009,68.28,8992110
2023-02-27,000009,69.8,6886282
2023-02-28,000009,70.88,5871880
2023-03-01,000009,71.75,7596568
2023-03-02,000009,71.94,2424452
2023-03-03,000009,73.08,6517988
2023-03-06,000009,71.04,9208077
2023-03-07,000009,72.21,2448488
2023-03-08,000009,73.39,8815655
2023-03-09,000009,71.21,7901083
2023-03-10,000009,72.14,4452025
2023-03-13,000009,72.28,1246101
2023-03-14,000009,73.2,2324084
2023-03-15,000009,72.66,9099194
2023-03-16,000009,71.36,5623981
2023-03-17,000009,70.8,2003710
2023-03-20,000009,70.0,4981077
2023-03-21,000009,68.41,5533449
2023-03-22,000009,68.32,3386567
2023-03-23,000009,68.82,9958101
2023-03-24,000009,69.06,7535004
2023-03-27,000009,67.48,4997603
2023-03-28,000009,69.4,4791881
2023-03-29,000009,69.55,3934353
2023-03-30,000009,67.53,3020989
2023-03-31,000009,68.22,8870727
2023-04-03,000009,67.75,9539629
2023-04-04,000009,68.2,6332682
2023-04-05,000009,68.34,8190112
2023-04-06,000009,67.74,5608953
2023-04-07,000009,66.8,3507819
2023-04-10,000009,67.64,6625476
2023-04-11,000009,65.63,3136281
2023-04-12,000009,66.26,6617839
2023-04-13,000009,68.21,8660862
2023-04-14,000009,69.82,8774059
2023-04-17,000009,71.27,6158664
2023-04-18,000009,70.83,2675574
2023-04-19,000009,69.41,5633401
2023-04-20,000009,68.98,1857149
2023-04-21,000009,68.12,7427779
2023-04-24,000009,66.72,9895575
2023-04-25,000009,64.9,8833179
2023-04-26,000009,66.23,5667137
2023-04-27,000009,66.14,9935690
2023-04-28,000009,64.93,5808321
2023-05-01,000009,64.11,5080746
2023-05-02,000009,65.13,3408640
2023-05-03,000009,64.25,5305986
2023-05-04,000009,62.66,2607694
2023-05-05,000009,61.48,9717820
2023-05-08,000009,59.71,4302485
2023-05-09,000009,59.75,4422312
2023-05-10,000009,60.58,9266738
2023-05-11,000009,61.78,6735774
2023-05-12,000009,61.25,8802445
2023-05-15,000009,59.45,1540620
2023-05-16,000009,59.11,7791298
2023-05-17,000009,59.02,5513898
2023-05-18,000009,58.49,8815805
2023-05-19,000009,56.88,3909689
2023-05-22,000009,58.35,2298947
2023-05-23,000009,58.7,4780839
2023-05-24,000009,59.77,5608475
2023-05-25,000009,58.76,8989620
2023-05-26,000009,59.46,1537442
2023-05-29,000009,58.34,5095096
2023-05-30,000009,56.6,9308917
2023-05-31,000009,56.05,3412833
2023-06-01,000009,55.68,8101113
2023-06-02,000009,56.55,6119940
2023-06-05,000009,58.13,5617240
2023-06-06,000009,58.86,8355140
2023-06-07,000009,57.47,2137744
2023-06-08,000009,57.58,8859784
2023-06-09,000009,56.23,5365851
2023-06-12,000009,56.59,2550501
2023-06-13,000009,57.43,2558580
2023-06-14,000009,57.89,1044406
2023-06-15,000009,59.35,1659304
2023-06-16,000009,59.44,7137921
2023-06-19,000009,59.18,1073147
2023-06-20,000009,57.79,7021418
2023-06-21,000009,58.73,5091904
2023-06-22,000009,57.64,5644400
2023-06-23,000009,58.12,4598334
2023-06-26,000009,58.52,9178599
2023-06-27,000009,57.19,5618946
2023-06-28,000009,56.07,8745920
2023-06-29,000009,54.95,8992855
2023-06-30,000009,56.06,5121564
2023-07-03,000009,57.48,7871621
2023-07-04,000009,57.84,8437873
2023-07-05,000009,58.08,4129592
2023-07-06,000009,57.85,9385925
2023-07-07,000009,59.15,6675944
2023-07-10,000009,60.34,8458490
2023-07-11,000009,59.66,1720344
2023-07-12,000009,60.12,4297854
2023-07-13,000009,58.74,1757553
2023-07-14,000009,57.97,5322423
2023-07-17,000009,58.02,4188060
2023-07-18,000009,58.82,8107618
2023-07-19,000009,57.48,4272225
2023-07-20,000009,58.7,9436408
2023-07-21,000009,56.99,3355573
2023-07-24,000009,57.14,8687087
2023-07-25,000009,57.45,8616874
2023-07-26,000009,58.52,7698822
2023-07-27,000009,59.4,9037533
2023-07-28,000009,58.25,7701459
2023-07-31,000009,57.63,3863999
2023-08-01,000009,57.09,5365537
2023-08-02,000009,55.64,9329125
2023-08-03,000009,54.69,6036018
2023-08-04,000009,55.07,9618730
2023-08-07,000009,56.64,2356942
2023-08-08,000009,56.4,8316656
2023-08-09,000009,55.37,4411692
2023-08-10,000009,54.78,2720943
2023-08-11,000009,53.42,7153238
2023-08-14,000009,54.89,7033762
2023-08-15,000009,53.6,8374488
2023-08-16,000009,53.43,9204717
2023-08-17,000009,53.26,8253962
2023-08-18,000009,53.26,1942629
2023-08-21,000009,52.41,6412103
2023-08-22,000009,52.13,2235325
2023-08-23,000009,51.03,8588210
2023-08-24,000009,52.09,9898174
2023-08-25,000009,53.16,5359748
2023-08-28,000009,54.11,6100882
2023-08-29,000009,54.89,6896013
2023-08-30,000009,55.8,9273369
2023-08-31,000009,56.1,5927317
2023-09-01,000009,55.44,1598678
2023-09-04,000009,56.28,7003858
2023-09-05,000009,57.33,8404890
2023-09-06,000009,57.96,9490909
2023-09-07,000009,58.2,8442440
2023-09-08,000009,59.55,1328040
2023-09-11,000009,59.27,6925691
2023-09-12,000009,59.77,7220007
2023-09-13,000009,59.63,4334147
2023-09-14,000009,60.87,1540302
2023-09-15,000009,62.5,8713312
2023-09-18,000009,61.89,3589297
2023-09-19,000009,63.41,2128946
2023-09-20,000009,61.56,2823554
2023-09-21,000009,60.7,4951997
2023-09-22,000009,60.92,9133045
2023-09-25,000009,59.48,5266373
2023-09-26,000009,61.22,3742756
2023-09-27,000009,59.72,4479603
2023-09-28,000009,59.69,2090262
2023-09-29,000009,58.59,8520549
2023-10-02,000009,59.67,5635575
2023-10-03,000009,60.64,1697641
2023-10-04,000009,61.3,7601443
2023-10-05,000009,60.11,4434459
2023-10-06,000009,61.59,8123973
2023-10-09,000009,61.5,5040398
2023-10-10,000009,60.52,6074521
2023-10-11,000009,60.65,7205767
2023-10-12,000009,62.33,4934644
2023-10-13,000009,63.42,8939085
2023-10-16,000009,61.84,5615655
2023-10-17,000009,61.39,4341500
2023-10-18,000009,62.19,2456238
2023-10-19,000009,60.35,5330371
2023-10-20,000009,62.02,4147164
2023-10-23,000009,61.05,5724373
2023-10-24,000009,59.76,5760505
2023-10-25,000009,61.08,9107852
2023-10-26,000009,61.97,9192085
2023-10-27,000009,63.32,2339830
2023-10-30,000009,63.38,8039247
2023-10-31,000009,65.25,6016509
2023-11-01,000009,63.34,4237993
2023-11-02,000009,61.65,9381099
2023-11-03,000009,60.35,4046734
2023-11-06,000009,61.43,1194366
2023-11-07,000009,59.65,5356903
2023-11-08,000009,59.59,9450209
2023-11-09,000009,60.4,5808400
2023-11-10,000009,61.12,5853441
2023-11-13,000009,61.2,8851869
2023-11-14,000009,59.71,8214721
2023-11-15,000009,58.22,9187561
2023-11-16,000009,58.87,7851600
2023-11-17,000009,57.16,6201572
2023-11-20,000009,58.67,6259248
2023-11-21,000009,57.71,3988169
2023-11-22,000009,56.91,3808657
2023-11-23,000009,56.97,2287187
2023-11-24,000009,55.64,5205347
2023-11-27,000009,55.35,6263644
2023-11-28,000009,55.31,8681630
2023-11-29,000009,55.51,2876805
2023-11-30,000009,55.91,8680276
2023-12-01,000009,57.21,1732915
2022-01-03,000010,50.4,2814727
2022-01-04,000010,51.22,7993958
2022-01-05,000010,52.46,1765268
2022-01-06,000010,53.2,9196697
2022-01-07,000010,52.08,2434465
2022-01-10,000010,51.34,6074771
2022-01-11,000010,50.48,5337534
2022-01-12,000010,50.92,8279816
2022-01-13,000010,50.76,9009305
2022-01-14,000010,51.11,3911269
2022-01-17,000010,50.98,3715927
2022-01-18,000010,51.54,3122167
2022-01-19,000010,51.62,6589152
2022-01-20,000010,52.35,3111772
2022-01-21,000010,53.09,9235974
2022-01-24,000010,54.04,4794405
2022-01-25,000010,52.82,2141065
2022-01-26,000010,53.16,3475330
2022-01-27,000010,54.72,6124967
2022-01-28,000010,53.38,1908414
2022-01-31,000010,53.59,4282825
2022-02-01,000010,55.13,4629367
2022-02-02,000010,54.64,1594544
2022-02-03,000010,55.95,8426861
2022-02-04,000010,55.68,9938682
2022-02-07,000010,55.49,6378680
2022-02-08,000010,55.96,8667802
2022-02-09,000010,56.66,5754647
2022-02-10,000010,55.44,5538493
2022-02-11,000010,56.9,2227043
2022-02-14,000010,55.87,9215098
2022-02-15,000010,56.57,3089811
2022-02-16,000010,55.46,5881294
2022-02-17,000010,54.73,4392597
2022-02-18,000010,54.32,4784646
2022-02-21,000010,53.08,1156234
2022-02-22,000010,54.19,6864594
2022-02-23,000010,53.13,9668208
2022-02-24,000010,53.52,9395659
2022-02-25,000010,54.67,7442163
2022-02-28,000010,54.34,4669078
2022-03-01,000010,53.68,2179500
2022-03-02,000010,54.06,6498095
2022-03-03,000010,54.59,8531178
2022-03-04,000010,55.81,7112117
2022-03-07,000010,54.56,1605677
2022-03-08,000010,53.47,8668641
2022-03-09,000010,54.19,6614795
2022-03-10,000010,54.86,4987746
2022-03-11,000010,55.75,4720008
2022-03-14,000010,55.09,7228987
2022-03-15,000010,54.11,2916872
2022-03-16,000010,53.11,1805608
2022-03-17,000010,53.92,9733068
2022-03-18,000010,52.43,4322110
2022-03-21,000010,53.35,2351131
2022-03-22,000010,52.52,7346406
2022-03-23,000010,53.83,6121709
2022-03-24,000010,54.84,3785388
2022-03-25,000010,55.56,6539617
2022-03-28,000010,54.63,1561380
2022-03-29,000010,53.9,6239749
2022-03-30,000010,54.09,3817654
2022-03-31,000010,53.63,9368788
2022-04-01,000010,53.07,1168310
2022-04-04,000010,51.68,7897874
2022-04-05,000010,52.07,7252888
2022-04-06,000010,52.07,8067788
2022-04-07,000010,52.32,4975956
2022-04-08,000010,51.4,1678632
2022-04-11,000010,50.05,8771217
2022-04-12,000010,48.92,9145051
2022-04-13,000010,50.21,7467325
2022-04-14,000010,50.47,3960122
2022-04-15,000010,51.54,6202607
2022-04-18,000010,50.79,8120813
2022-04-19,000010,52.04,1245389
2022-04-20,000010,52.28,4501928
2022-04-21,000010,53.61,7550011
2022-04-22,000010,52.48,2573957
2022-04-25,000010,54.02,5144683
2022-04-26,000010,53.66,9457802
2022-04-27,000010,54.89,6515068
2022-04-28,000010,54.01,5669075
2022-04-29,000010,53.26,2808723
2022-05-02,000010,53.59,3022623
2022-05-03,000010,54.03,5252794
2022-05-04,000010,54.86,5318003
2022-05-05,000010,54.91,3815051
2022-05-06,000010,54.08,3532328
2022-05-09,000010,54.66,9122423
2022-05-10,000010,54.38,7557687
2022-05-11,000010,55.32,9036439
2022-05-12,000010,54.02,2067474
2022-05-13,000010,54.07,5071664
2022-05-16,000010,54.99,7844171
2022-05-17,000010,55.44,1330113
2022-05-18,000010,57.04,5411640
2022-05-19,000010,57.61,7884123
2022-05-20,000010,57.34,9214153
2022-05-23,000010,57.07,1540759
2022-05-24,000010,55.63,7203678
2022-05-25,000010,54.44,8629645
2022-05-26,000010,55.04,8739024
2022-05-27,000010,56.5,3419692
2022-05-30,000010,57.87,3275143
2022-05-31,000010,58.54,4239628
2022-06-01,000010,57.0,3597444
2022-06-02,000010,58.33,4693053
2022-06-03,000010,58.46,9759430
2022-06-06,000010,58.74,9854181
2022-06-07,000010,59.07,1485351
2022-06-08,000010,59.43,5316040
2022-06-09,000010,61.19,6381912
2022-06-10,000010,61.7,4063637
2022-06-13,000010,61.59,9529628
2022-06-14,000010,61.07,7996283
2022-06-15,000010,59.41,6243477
2022-06-16,000010,59.15,2095064
2022-06-17,000010,57.97,9051015
2022-06-20,000010,57.89,2438803
2022-06-21,000010,58.43,7838011
2022-06-22,000010,57.62,5200445
2022-06-23,000010,57.08,7242062
2022-06-24,000010,56.76,4285088
2022-06-27,000010,55.66,6971361
2022-06-28,000010,55.53,8739231
2022-06-29,000010,55.2,2933596
2022-06-30,000010,53.74,2636030
2022-07-01,000010,52.95,3002007
2022-07-04,000010,52.88,9865957
2022-07-05,000010,53.43,9044140
2022-07-06,000010,54.04,5104090
2022-07-07,000010,53.19,2394918
2022-07-08,000010,54.53,3690354
2022-07-11,000010,54.4,8963587
2022-07-12,000010,53.07,9793540
2022-07-13,000010,52.36,8800624
2022-07-14,000010,52.97,7952642
2022-07-15,000010,51.96,2032392
2022-07-18,000010,53.38,6574715
2022-07-19,000010,52.14,5783634
2022-07-20,000010,53.27,1077427
2022-07-21,000010,53.85,4827680
2022-07-22,000010,53.09,6378242
2022-07-25,000010,52.68,9201289
2022-07-26,000010,52.77,2080088
2022-07-27,000010,53.89,7900906
2022-07-28,000010,55.18,3212941
2022-07-29,000010,54.98,2078558
2022-08-01,000010,54.11,7881913
2022-08-02,000010,53.01,2073379
2022-08-03,000010,51.58,9524885
2022-08-04,000010,51.63,5964769
2022-08-05,000010,52.31,1965473
2022-08-08,000010,51.27,2525344
2022-08-09,000010,50.37,5399877
2022-08-10,000010,50.0,8822788
2022-08-11,000010,51.13,6573634
2022-08-12,000010,51.56,9402484
2022-08-15,000010,50.35,1520533
2022-08-16,000010,49.69,9883945
2022-08-17,000010,49.02,3496161
2022-08-18,000010,47.61,8696949
2022-08-19,000010,46.38,9324354
2022-08-22,000010,46.17,6923884
2022-08-23,000010,46.96,1950942
2022-08-24,000010,46.73,1056538
2022-08-25,000010,47.28,1604366
2022-08-26,000010,46.46,4859446
2022-08-29,000010,45.82,2724110
2022-08-30,000010,46.67,3617337
2022-08-31,000010,47.54,4870082
2022-09-01,000010,48.63,1224514
2022-09-02,000010,49.63,1516816
2022-09-05,000010,48.6,7268656
2022-09-06,000010,48.42,5592772
2022-09-07,000010,47.81,8146154
2022-09-08,000010,49.06,7785377
2022-09-09,000010,50.07,4552627
2022-09-12,000010,50.82,8433677
2022-09-13,000010,52.12,5453911
2022-09-14,000010,53.42,8916302
2022-09-15,000010,54.69,9586254
2022-09-16,000010,53.44,7366812
2022-09-19,000010,53.59,6958792
2022-09-20,000010,53.22,9100739
2022-09-21,000010,53.83,3757752
2022-09-22,000010,52.92,9604119
2022-09-23,000010,52.76,8295105
2022-09-26,000010,53.15,7361872
2022-09-27,000010,52.56,8841152
2022-09-28,000010,53.47,8807749
2022-09-29,000010,54.95,1504916
2022-09-30,000010,54.2,5245642
2022-10-03,000010,52.91,2910316
2022-10-04,000010,51.6,3244746
2022-10-05,000010,50.43,6746063
2022-10-06,000010,49.0,7583454
2022-10-07,000010,49.84,2652017
2022-10-10,000010,50.63,9260727
2022-10-11,000010,50.09,8911506
2022-10-12,000010,49.39,1857130
2022-10-13,000010,48.21,2403702
2022-10-14,000010,47.4,7752004
2022-10-17,000010,46.85,5058294
2022-10-18,000010,46.14,1225383
2022-10-19,000010,44.82,7418911
2022-10-20,000010,43.67,7105479
2022-10-21,000010,43.7,3141605
2022-10-24,000010,44.05,1329800
2022-10-25,000010,44.73,2279249
2022-10-26,000010,45.15,6808549
2022-10-27,000010,45.3,8250919
2022-10-28,000010,45.15,1986203
2022-10-31,000010,43.82,4331361
2022-11-01,000010,44.01,4931494
2022-11-02,000010,42.78,4195176
2022-11-03,000010,43.95,5914200
2022-11-04,000010,45.14,9980858
2022-11-07,000010,46.34,1846722
2022-11-08,000010,47.41,4445486
2022-11-09,000010,48.74,9006721
2022-11-10,000010,48.31,7288282
2022-11-11,000010,48.54,6363567
2022-11-14,000010,47.81,6346606
2022-11-15,000010,46.82,8221662
2022-11-16,000010,45.63,4790761
2022-11-17,000010,44.8,2550232
2022-11-18,000010,44.75,1569128
2022-11-21,000010,43.8,8355176
2022-11-22,000010,43.06,7650850
2022-11-23,000010,41.87,7592175
2022-11-24,000010,41.93,4252907
2022-11-25,000010,43.1,5864384
2022-11-28,000010,43.56,2297247
2022-11-29,000010,44.3,3802196
2022-11-30,000010,43.52,2084180
2022-12-01,000010,44.53,2523293
2022-12-02,000010,43.32,3250702
2022-12-05,000010,43.41,5928894
2022-12-06,000010,42.95,3356658
2022-12-07,000010,42.75,7718642
2022-12-08,000010,43.64,6601005
2022-12-09,000010,43.3,1845014
2022-12-12,000010,42.89,3631806
2022-12-13,000010,43.67,3419051
2022-12-14,000010,43.48,1301246
2022-12-15,000010,43.73,5783525
2022-12-16,000010,43.69,3999926
2022-12-19,000010,43.87,2489853
2022-12-20,000010,44.59,7085926
2022-12-21,000010,43.26,1779644
2022-12-22,000010,42.82,8696611
2022-12-23,000010,41.95,7714649
2022-12-26,000010,42.58,1293121
2022-12-27,000010,43.77,4509025
2022-12-28,000010,42.47,6091805
2022-12-29,000010,41.35,2734083
2022-12-30,000010,41.69,8589508
2023-01-02,000010,42.27,1343558
2023-01-03,000010,43.12,6463384
2023-01-04,000010,44.24,1048817
2023-01-05,000010,45.47,3997588
2023-01-06,000010,45.61,1931470
2023-01-09,000010,44.86,9689232
2023-01-10,000010,45.95,9678404
2023-01-11,000010,44.68,1127516
2023-01-12,000010,44.84,4697256
2023-01-13,000010,46.18,4736399
2023-01-16,000010,47.18,7739849
2023-01-17,000010,46.05,4787508
2023-01-18,000010,45.13,5914195
2023-01-19,000010,45.16,2951720
2023-01-20,000010,46.17,2921971
2023-01-23,000010,45.87,2218520
2023-01-24,000010,45.89,6072235
2023-01-25,000010,46.13,7988565
2023-01-26,000010,46.26,2689719
2023-01-27,000010,46.61,9614092
2023-01-30,000010,47.29,1034507
2023-01-31,000010,46.67,5050217
2023-02-01,000010,46.23,6885013
2023-02-02,000010,45.89,7072461
2023-02-03,000010,46.22,2154039
2023-02-06,000010,46.1,5440070
2023-02-07,000010,47.16,4608446
2023-02-08,000010,48.33,6753816
2023-02-09,000010,49.0,1356633
2023-02-10,000010,49.47,8620810
2023-02-13,000010,50.24,7542498
2023-02-14,000010,50.85,3570990
2023-02-15,000010,51.25,7256152
2023-02-16,000010,52.69,3152795
2023-02-17,000010,54.24,6077203
2023-02-20,000010,55.84,9778653
2023-02-21,000010,56.12,9547665
2023-02-22,000010,56.31,6268896
2023-02-23,000010,55.3,5496192
2023-02-24,000010,54.79,4606970
2023-02-27,000010,55.01,6497927
2023-02-28,000010,55.99,9688523
2023-03-01,000010,56.27,2605242
2023-03-02,000010,57.45,1828440
2023-03-03,000010,58.99,5975391
2023-03-06,000010,59.38,9531486
2023-03-07,000010,60.12,4294883
2023-03-08,000010,61.2,2701520
2023-03-09,000010,60.4,4011114
2023-03-10,000010,61.83,2306019
2023-03-13,000010,62.45,2699394
2023-03-14,000010,64.21,2951092
2023-03-15,000010,62.84,4997013
2023-03-16,000010,61.18,9166235
2023-03-17,000010,59.62,2903538
2023-03-20,000010,60.34,8652724
2023-03-21,000010,61.44,6048043
2023-03-22,000010,59.69,4659193
2023-03-23,000010,57.94,2754289
2023-03-24,000010,57.41,9022818
2023-03-27,000010,58.78,3734671
2023-03-28,000010,59.09,4350699
2023-03-29,000010,57.97,3318594
2023-03-30,000010,57.76,8194536
2023-03-31,000010,58.78,5421045
2023-04-03,000010,58.57,7185237
2023-04-04,000010,58.88,7215372
2023-04-05,000010,57.32,9446181
2023-04-06,000010,56.63,9539231
2023-04-07,000010,58.15,3884699
2023-04-10,000010,59.38,6941457
2023-04-11,000010,57.66,9294637
2023-04-12,000010,57.6,1014512
2023-04-13,000010,56.29,6844324
2023-04-14,000010,55.3,6187310
2023-04-17,000010,56.61,9855029
2023-04-18,000010,56.95,9290986
2023-04-19,000010,57.47,3687632
2023-04-20,000010,58.42,5434903
2023-04-21,000010,58.55,3173289
2023-04-24,000010,59.04,6552796
2023-04-25,000010,58.26,9202829
2023-04-26,000010,58.15,6819090
2023-04-27,000010,57.81,7849402
2023-04-28,000010,56.72,8327889
2023-05-01,000010,56.18,9693143
2023-05-02,000010,56.21,6399692
2023-05-03,000010,55.37,2842382
2023-05-04,000010,54.15,7935073
2023-05-05,000010,53.59,9673916
2023-05-08,000010,53.58,5185196
2023-05-09,000010,53.19,6135065
2023-05-10,000010,53.44,4349722
2023-05-11,000010,53.42,1096936
2023-05-12,000010,52.45,6036979
2023-05-15,000010,53.28,6085879
2023-05-16,000010,53.52,9538311
2023-05-17,000010,52.59,5838052
2023-05-18,000010,52.74,1052608
2023-05-19,000010,53.79,6053831
2023-05-22,000010,53.5,1129942
2023-05-23,000010,54.0,1079275
2023-05-24,000010,54.62,2876469
2023-05-25,000010,55.97,4371090
2023-05-26,000010,54.51,7239636
2023-05-29,000010,54.75,4497359
2023-05-30,000010,55.02,9167456
2023-05-31,000010,56.37,7022909
2023-06-01,000010,57.85,9477999
2023-06-02,000010,58.0,7640359
2023-06-05,000010,56.89,8397279
2023-06-06,000010,55.89,5471690
2023-06-07,000010,55.59,4282496
2023-06-08,000010,55.81,4268431
2023-06-09,000010,55.42,3179048
2023-06-12,000010,53.9,9972458
2023-06-13,000010,53.49,9183718
2023-06-14,000010,54.12,6178600
2023-06-15,000010,53.09,6379223
2023-06-16,000010,53.06,6837246
2023-06-19,000010,51.66,6806236
2023-06-20,000010,53.11,7706175
2023-06-21,000010,52.46,2462229
2023-06-22,000010,53.97,2684468
2023-06-23,000010,55.07,2794982
2023-06-26,000010,55.76,3169212
2023-06-27,000010,56.59,1323465
2023-06-28,000010,57.5,1740109
2023-06-29,000010,59.13,1436594
2023-06-30,000010,59.83,8897521
2023-07-03,000010,60.11,6764731
2023-07-04,000010,60.87,4408480
2023-07-05,000010,60.06,4234252
2023-07-06,000010,59.15,9680146
2023-07-07,000010,58.17,7733748
2023-07-10,000010,57.69,8689047
2023-07-11,000010,56.79,1735915
2023-07-12,000010,56.29,7486125
2023-07-13,000010,55.57,6151174
2023-07-14,000010,54.8,3477664
2023-07-17,000010,54.69,3520145
2023-07-18,000010,55.05,3782032
2023-07-19,000010,56.52,2788570
2023-07-20,000010,55.84,5900172
2023-07-21,000010,56.58,2039763
2023-07-24,000010,58.23,5280824
2023-07-25,000010,59.6,3995718
2023-07-26,000010,59.32,1718449
2023-07-27,000010,59.02,9257801
2023-07-28,000010,60.19,8196561
2023-07-31,000010,60.06,4845917
2023-08-01,000010,61.18,5197236
2023-08-02,000010,59.98,5377245
2023-08-03,000010,60.27,6586148
2023-08-04,000010,59.12,8750574
2023-08-07,000010,60.46,9386682
2023-08-08,000010,61.52,7398300
2023-08-09,000010,62.61,7391311
2023-08-10,000010,61.56,2439500
2023-08-11,000010,60.64,5020043
2023-08-14,000010,59.25,4451122
2023-08-15,000010,58.62,1718528
2023-08-16,000010,60.28,4256599
2023-08-17,000010,58.76,9056698
2023-08-18,000010,59.28,5976166
2023-08-21,000010,60.01,3014875
2023-08-22,000010,61.05,9776877
2023-08-23,000010,59.23,1285829
2023-08-24,000010,60.33,1494383
2023-08-25,000010,59.45,1312738
2023-08-28,000010,58.55,3085619
2023-08-29,000010,57.84,1348190
2023-08-30,000010,56.51,5934076
2023-08-31,000010,57.57,2987123
2023-09-01,000010,57.49,6655457
2023-09-04,000010,57.78,8076980
2023-09-05,000010,57.4,7937555
2023-09-06,000010,57.79,5263098
2023-09-07,000010,56.97,9591705
2023-09-08,000010,57.38,9115336
2023-09-11,000010,58.24,1742018
2023-09-12,000010,57.89,8839916
2023-09-13,000010,59.3,5702399
2023-09-14,000010,57.58,3531509
2023-09-15,000010,57.55,7451462
2023-09-18,000010,56.11,9380288
2023-09-19,000010,56.37,9090255
2023-09-20,000010,57.98,8381584
2023-09-21,000010,57.04,6082624
2023-09-22,000010,56.25,5847064
2023-09-25,000010,57.31,9965342
2023-09-26,000010,55.76,9676315
2023-09-27,000010,56.25,3315978
2023-09-28,000010,55.29,9303853
2023-09-29,000010,54.37,8481723
2023-10-02,000010,54.21,5364895
2023-10-03,000010,53.04,2715238
2023-10-04,000010,52.37,5673182
2023-10-05,000010,52.52,8610500
2023-10-06,000010,51.12,8718932
2023-10-09,000010,50.84,7448436
2023-10-10,000010,49.89,2633563
2023-10-11,000010,50.17,5689360
2023-10-12,000010,51.45,1082944
2023-10-13,000010,51.9,3916140
2023-10-16,000010,50.81,3360749
2023-10-17,000010,50.57,5313480
2023-10-18,000010,50.0,9357405
2023-10-19,000010,50.28,7763067
2023-10-20,000010,49.83,6367722
2023-10-23,000010,50.22,8086503
2023-10-24,000010,50.32,5797991
2023-10-25,000010,49.95,3262922
2023-10-26,000010,49.74,6922263
2023-10-27,000010,51.06,3536860
2023-10-30,000010,50.28,8830259
2023-10-31,000010,49.82,8438950
2023-11-01,000010,50.91,7149968
2023-11-02,000010,51.94,1690944
2023-11-03,000010,53.02,3416683
2023-11-06,000010,52.26,5214779
2023-11-07,000010,51.63,5964985
2023-11-08,000010,52.74,9844597
2023-11-09,000010,54.18,5588814
2023-11-10,000010,53.27,4220782
2023-11-13,000010,52.4,2220149
2023-11-14,000010,52.36,5489681
2023-11-15,000010,52.12,1299717
2023-11-16,000010,51.82,4565347
2023-11-17,000010,51.16,5643372
2023-11-20,000010,50.35,8906114
2023-11-21,000010,49.24,5491773
2023-11-22,000010,50.61,2312221
2023-11-23,000010,51.34,1166613
2023-11-24,000010,52.47,1866402
2023-11-27,000010,53.91,4870401
2023-11-28,000010,53.38,8620452
2023-11-29,000010,53.53,5330118
2023-11-30,000010,53.7,7730782
2023-12-01,000010,53.97,6801255
2022-01-03,000011,49.79,5993174
2022-01-04,000011,49.78,3072562
2022-01-05,000011,50.56,9879077
2022-01-06,000011,51.69,2153859
2022-01-07,000011,51.77,4511274
2022-01-10,000011,50.34,2720794
2022-01-11,000011,49.42,5284658
2022-01-12,000011,48.47,7558645
2022-01-13,000011,47.64,2733832
2022-01-14,000011,48.88,3093091
2022-01-17,000011,49.56,9693147
2022-01-18,000011,50.57,7553718
2022-01-19,000011,51.78,6109480
2022-01-20,000011,52.24,8007018
2022-01-21,000011,52.04,8657058
2022-01-24,000011,52.08,7538101
2022-01-25,000011,52.25,4967843
2022-01-26,000011,51.48,3198840
2022-01-27,000011,52.03,5163730
2022-01-28,000011,50.51,7741432
2022-01-31,000011,49.6,6588622
2022-02-01,000011,49.27,1693560
2022-02-02,000011,49.27,5549831
2022-02-03,000011,49.96,5820358
2022-02-04,000011,49.81,6336713
2022-02-07,000011,49.79,2073055
2022-02-08,000011,50.7,7570899
2022-02-09,000011,49.74,7684983
2022-02-10,000011,49.06,2774086
2022-02-11,000011,50.03,7017424
2022-02-14,000011,48.63,4097779
2022-02-15,000011,49.76,1945539
2022-02-16,000011,49.98,8434750
2022-02-17,000011,50.59,5213425
2022-02-18,000011,49.14,5400195
2022-02-21,000011,49.52,6662674
2022-02-22,000011,50.44,6033501
2022-02-23,000011,49.2,9275509
2022-02-24,000011,49.47,3379673
2022-02-25,000011,49.78,1512059
2022-02-28,000011,50.95,9305915
2022-03-01,000011,51.53,4024590
2022-03-02,000011,51.73,2363220
2022-03-03,000011,51.6,1870227
2022-03-04,000011,51.2,9292427
2022-03-07,000011,51.77,3623109
2022-03-08,000011,51.29,3245905
2022-03-09,000011,51.51,2126837
2022-03-10,000011,52.28,8219649
2022-03-11,000011,51.34,7171188
2022-03-14,000011,51.21,1822929
2022-03-15,000011,51.31,2839786
2022-03-16,000011,49.99,6287739
2022-03-17,000011,51.4,1626816
2022-03-18,000011,51.02,8005877
2022-03-21,000011,49.92,2834092
2022-03-22,000011,49.75,3518434
2022-03-23,000011,49.47,1568359
2022-03-24,000011,48.66,1715870
2022-03-25,000011,47.72,5891239
2022-03-28,000011,48.6,6917222
2022-03-29,000011,47.19,4903255
2022-03-30,000011,47.82,6175467
2022-03-31,000011,48.97,8136806
2022-04-01,000011,49.73,9406323
2022-04-04,000011,49.16,7200030
2022-04-05,000011,50.59,2197782
2022-04-06,000011,51.95,4493533
2022-04-07,000011,53.01,2461061
2022-04-08,000011,54.41,9667520
2022-04-11,000011,55.25,4214063
2022-04-12,000011,55.7,9349527
2022-04-13,000011,55.82,9594137
2022-04-14,000011,56.33,6006806
2022-04-15,000011,56.14,3421549
2022-04-18,000011,55.46,9195115
2022-04-19,000011,56.63,6655692
2022-04-20,000011,56.74,3031822
2022-04-21,000011,55.71,4489023
2022-04-22,000011,56.6,5693335
2022-04-25,000011,57.32,8534877
2022-04-26,000011,55.93,9207150
2022-04-27,000011,56.73,9697634
2022-04-28,000011,57.74,4957063
2022-04-29,000011,56.2,6404828
2022-05-02,000011,55.69,9061839
2022-05-03,000011,55.79,6800285
2022-05-04,000011,54.89,2925095
2022-05-05,000011,54.38,1275236
2022-05-06,000011,54.31,9483909
2022-05-09,000011,55.5,1209614
2022-05-10,000011,53.85,8894150
2022-05-11,000011,55.33,3498813
2022-05-12,000011,55.76,1420619
2022-05-13,000011,55.38,6890780
2022-05-16,000011,56.52,3848337
2022-05-17,000011,57.33,5037926
2022-05-18,000011,56.31,7618304
2022-05-19,000011,56.44,2041338
2022-05-20,000011,57.1,1903338
2022-05-23,000011,56.89,4763212
2022-05-24,000011,57.9,3524731
2022-05-25,000011,57.86,8338530
2022-05-26,000011,57.81,1491833
2022-05-27,000011,58.15,1412607
2022-05-30,000011,57.87,1189516
2022-05-31,000011,56.32,6335088
2022-06-01,000011,55.93,1937408
2022-06-02,000011,55.71,8701153
2022-06-03,000011,55.59,6890581
2022-06-06,000011,56.14,3847944
2022-06-07,000011,57.54,1974243
2022-06-08,000011,57.52,2885106
2022-06-09,000011,57.54,7282780
2022-06-10,000011,56.77,3625659
2022-06-13,000011,58.07,6619494
2022-06-14,000011,59.21,8307748
2022-06-15,000011,59.54,6702609
2022-06-16,000011,59.93,5043921
2022-06-17,000011,58.89,5062597
2022-06-20,000011,58.5,1754996
2022-06-21,000011,57.83,1948116
2022-06-22,000011,58.37,5396293
2022-06-23,000011,57.08,3419468
2022-06-24,000011,56.46,9407200
2022-06-27,000011,57.91,9424408
2022-06-28,000011,58.22,8076136
2022-06-29,000011,59.61,4624668
2022-06-30,000011,59.13,8547920
2022-07-01,000011,60.77,8021705
2022-07-04,000011,60.59,6576782
2022-07-05,000011,60.95,4640347
2022-07-06,000011,60.42,7487999
2022-07-07,000011,59.51,1972602
2022-07-08,000011,58.24,4731136
2022-07-11,000011,58.02,4500459
2022-07-12,000011,56.77,4481803
2022-07-13,000011,55.21,7827700
2022-07-14,000011,56.39,5653137
2022-07-15,000011,55.64,4842015
2022-07-18,000011,55.51,2696010
2022-07-19,000011,54.27,5773481
2022-07-20,000011,52.84,3852668
2022-07-21,000011,52.09,4856787
2022-07-22,000011,50.67,9915781
2022-07-25,000011,49.61,6011642
2022-07-26,000011,49.85,5893355
2022-07-27,000011,48.45,6563172
2022-07-28,000011,47.39,5807540
2022-07-29,000011,47.88,9764664
2022-08-01,000011,47.69,5229883
2022-08-02,000011,46.89,2899019
2022-08-03,000011,46.35,9027397
2022-08-04,000011,45.61,1576080
2022-08-05,000011,45.68,8291372
2022-08-08,000011,45.35,8485679
2022-08-09,000011,45.19,4281970
2022-08-10,000011,44.95,1572857
2022-08-11,000011,45.89,7203377
2022-08-12,000011,46.57,1724464
2022-08-15,000011,47.7,5253332
2022-08-16,000011,49.0,9870062
2022-08-17,000011,47.88,4244876
2022-08-18,000011,48.41,8685368
2022-08-19,000011,49.09,3756506
2022-08-22,000011,48.79,3650100
2022-08-23,000011,47.67,6540948
2022-08-24,000011,48.57,5455528
2022-08-25,000011,47.64,4905026
2022-08-26,000011,46.32,1296298
2022-08-29,000011,46.51,4998658
2022-08-30,000011,46.74,6382987
2022-08-31,000011,47.6,7683816
2022-09-01,000011,47.17,2436099
2022-09-02,000011,46.07,8683933
2022-09-05,000011,45.61,9091837
2022-09-06,000011,45.88,1747063
2022-09-07,000011,46.22,8556456
2022-09-08,000011,46.14,9593294
2022-09-09,000011,47.16,2026180
2022-09-12,000011,47.88,5492204
2022-09-13,000011,48.8,7759338
2022-09-14,000011,48.11,3112047
2022-09-15,000011,49.19,7995103
2022-09-16,000011,47.85,6290406
2022-09-19,000011,46.86,7177083
2022-09-20,000011,46.24,8120259
2022-09-21,000011,46.55,6243058
2022-09-22,000011,46.0,3914461
2022-09-23,000011,47.34,5339588
2022-09-26,000011,48.07,1961450
2022-09-27,000011,48.08,4560339
2022-09-28,000011,49.25,1715160
2022-09-29,000011,50.01,4063846
2022-09-30,000011,50.07,8227441
2022-10-03,000011,49.88,4704608
2022-10-04,000011,50.2,8193782
2022-10-05,000011,51.48,1756602
2022-10-06,000011,51.62,6568317
2022-10-07,000011,51.4,5917836
2022-10-10,000011,49.98,9138930
2022-10-11,000011,49.3,8780460
2022-10-12,000011,48.7,2098624
2022-10-13,000011,48.51,1451057
2022-10-14,000011,48.98,7222955
2022-10-17,000011,47.99,8014505
2022-10-18,000011,46.72,1340532
2022-10-19,000011,45.64,6612643
2022-10-20,000011,44.65,5776597
2022-10-21,000011,45.24,5507389
2022-10-24,000011,46.52,1191075
2022-10-25,000011,46.74,8271573
2022-10-26,000011,46.31,1261747
2022-10-27,000011,47.19,9370245
2022-10-28,000011,46.94,1588558
2022-10-31,000011,46.37,1130921
2022-11-01,000011,45.19,3190879
2022-11-02,000011,45.41,7648899
2022-11-03,000011,44.55,7636840
2022-11-04,000011,45.57,3903067
2022-11-07,000011,44.71,3721491
2022-11-08,000011,44.16,7818133
2022-11-09,000011,43.63,3583254
2022-11-10,000011,42.5,5191982
2022-11-11,000011,41.49,7449894
2022-11-14,000011,40.97,2640279
2022-11-15,000011,40.94,5090870
2022-11-16,000011,40.98,3773273
2022-11-17,000011,41.85,2415386
2022-11-18,000011,42.37,5359413
2022-11-21,000011,42.21,3264488
2022-11-22,000011,42.71,9117786
2022-11-23,000011,42.43,7471099
2022-11-24,000011,43.28,2909434
2022-11-25,000011,43.12,2159003
2022-11-28,000011,43.23,2757631
2022-11-29,000011,43.79,9906402
2022-11-30,000011,45.04,7128431
2022-12-01,000011,46.19,7093212
2022-12-02,000011,45.63,5261809
2022-12-05,000011,45.32,7431965
2022-12-06,000011,44.45,5447291
2022-12-07,000011,44.76,6706752
2022-12-08,000011,44.08,8136874
2022-12-09,000011,45.22,9933652
2022-12-12,000011,46.51,8684085
2022-12-13,000011,46.46,2608075
2022-12-14,000011,45.53,5094787
2022-12-15,000011,46.81,4214787
2022-12-16,000011,47.69,6725602
2022-12-19,000011,47.68,5396055
2022-12-20,000011,48.12,1964047
2022-12-21,000011,48.67,4329097
2022-12-22,000011,47.83,7703904
2022-12-23,000011,46.67,5957467
2022-12-26,000011,47.19,5630489
2022-12-27,000011,47.81,2810553
2022-12-28,000011,46.9,2074673
2022-12-29,000011,47.94,9849266
2022-12-30,000011,47.75,2108170
2023-01-02,000011,47.58,9124623
2023-01-03,000011,47.23,4760440
2023-01-04,000011,47.42,8487920
2023-01-05,000011,46.23,6371679
2023-01-06,000011,46.52,3813475
2023-01-09,000011,47.36,6980894
2023-01-10,000011,46.13,2831244
2023-01-11,000011,46.43,7070854
2023-01-12,000011,47.32,7176642
2023-01-13,000011,48.14,6492459
2023-01-16,000011,46.72,3524003
2023-01-17,000011,45.93,2489552
2023-01-18,000011,45.83,7038848
2023-01-19,000011,44.56,4102278
2023-01-20,000011,44.48,9441625
2023-01-23,000011,43.85,4780922
2023-01-24,000011,43.08,7055088
2023-01-25,000011,43.62,9877544
2023-01-26,000011,42.78,9152917
2023-01-27,000011,43.97,2406038
2023-01-30,000011,43.02,1934064
2023-01-31,000011,41.92,1535682
2023-02-01,000011,40.74,3808049
2023-02-02,000011,39.52,7385612
2023-02-03,000011,40.26,8704400
2023-02-06,000011,41.15,4377171
2023-02-07,000011,40.14,3307216
2023-02-08,000011,39.3,1973146
2023-02-09,000011,40.45,2055020
2023-02-10,000011,41.16,1143288
2023-02-13,000011,40.68,1899582
2023-02-14,000011,39.55,3875807
2023-02-15,000011,40.17,9131277
2023-02-16,000011,39.38,1946186
2023-02-17,000011,38.37,2659324
2023-02-20,000011,37.85,9826111
2023-02-21,000011,36.85,6436739
2023-02-22,000011,36.55,5705555
2023-02-23,000011,37.43,4021201
2023-02-24,000011,37.13,1055193
2023-02-27,000011,36.9,8249065
2023-02-28,000011,37.68,9595864
2023-03-01,000011,37.64,5455786
2023-03-02,000011,37.41,9178743
2023-03-03,000011,38.16,9498556
2023-03-06,000011,38.72,6742290
2023-03-07,000011,39.59,2903714
2023-03-08,000011,39.86,8937930
2023-03-09,000011,41.02,9499133
2023-03-10,000011,40.64,2402459
2023-03-13,000011,39.95,5288338
2023-03-14,000011,39.66,1118647
2023-03-15,000011,38.82,6124043
2023-03-16,000011,38.04,9420586
2023-03-17,000011,39.18,2869313
2023-03-20,000011,39.14,4191903
2023-03-21,000011,38.46,4282077
2023-03-22,000011,38.18,3057324
2023-03-23,000011,37.95,3781164
2023-03-24,000011,38.01,2370829
2023-03-27,000011,37.32,8036179
2023-03-28,000011,36.75,8207206
2023-03-29,000011,37.2,4711515
2023-03-30,000011,37.86,2085114
2023-03-31,000011,37.26,3424950
2023-04-03,000011,38.07,2041732
2023-04-04,000011,37.23,1671375
2023-04-05,000011,36.17,4966432
2023-04-06,000011,35.64,3506445
2023-04-07,000011,35.78,3585969
2023-04-10,000011,36.1,4875334
2023-04-11,000011,36.19,5982825
2023-04-12,000011,36.85,9422129
2023-04-13,000011,37.67,6709595
2023-04-14,000011,36.68,4416846
2023-04-17,000011,37.61,1186768
2023-04-18,000011,37.45,7579604
2023-04-19,000011,36.53,9453930
2023-04-20,000011,37.27,4616519
2023-04-21,000011,37.72,3541217
2023-04-24,000011,37.77,6885317
2023-04-25,000011,38.85,9884374
2023-04-26,000011,38.83,4570424
2023-04-27,000011,39.84,6148472
2023-04-28,000011,39.23,8617604
2023-05-01,000011,39.1,3338979
2023-05-02,000011,38.24,2355221
2023-05-03,000011,38.12,2652122
2023-05-04,000011,39.18,6517242
2023-05-05,000011,38.6,1012380
2023-05-08,000011,39.68,9934804
2023-05-09,000011,39.53,9553560
2023-05-10,000011,39.57,1231435
2023-05-11,000011,39.36,9918861
2023-05-12,000011,38.82,3821792
2023-05-15,000011,39.17,9436683
2023-05-16,000011,38.52,8162097
2023-05-17,000011,38.99,1173796
2023-05-18,000011,38.29,1015846
2023-05-19,000011,38.14,1869473
2023-05-22,000011,37.13,7451031
2023-05-23,000011,36.8,7835158
2023-05-24,000011,37.17,6717151
2023-05-25,000011,37.94,6204293
2023-05-26,000011,37.46,2931899
2023-05-29,000011,36.53,6033133
2023-05-30,000011,36.95,9672745
2023-05-31,000011,38.05,1379067
2023-06-01,000011,37.42,2181484
2023-06-02,000011,37.52,6445104
2023-06-05,000011,37.92,2181786
2023-06-06,000011,38.86,8474952
2023-06-07,000011,38.28,5533208
2023-06-08,000011,37.78,4423895
2023-06-09,000011,37.39,8104521
2023-06-12,000011,37.79,5569569
2023-06-13,000011,38.41,5774107
2023-06-14,000011,38.84,7481427
2023-06-15,000011,39.14,5024114
2023-06-16,000011,39.12,6323448
2023-06-19,000011,40.08,2712101
2023-06-20,000011,40.87,2717188
2023-06-21,000011,40.49,3719100
2023-06-22,000011,40.71,9525902
2023-06-23,000011,41.05,2796904
2023-06-26,000011,41.47,8611534
2023-06-27,000011,40.45,3807843
2023-06-28,000011,40.4,7748374
2023-06-29,000011,41.23,3950192
2023-06-30,000011,41.47,7323808
2023-07-03,000011,41.36,3677639
2023-07-04,000011,41.03,1431473
2023-07-05,000011,40.85,7339075
2023-07-06,000011,40.7,8507609
2023-07-07,000011,41.78,1143184
2023-07-10,000011,42.65,7842987
2023-07-11,000011,41.4,9350567
2023-07-12,000011,40.88,1429494
2023-07-13,000011,40.65,5245108
2023-07-14,000011,40.22,3095857
2023-07-17,000011,40.68,9070571
2023-07-18,000011,41.17,5615866
2023-07-19,000011,41.84,9675229
2023-07-20,000011,42.55,3139391
2023-07-21,000011,42.35,9843084
2023-07-24,000011,41.92,9795654
2023-07-25,000011,40.73,9467185
2023-07-26,000011,40.51,5789686
2023-07-27,000011,41.51,8756141
2023-07-28,000011,40.45,5993702
2023-07-31,000011,39.7,4380574
2023-08-01,000011,39.37,6399162
2023-08-02,000011,38.73,5952536
2023-08-03,000011,39.13,3382676
2023-08-04,000011,38.9,2848897
2023-08-07,000011,39.91,8062989
2023-08-08,000011,41.09,3449271
2023-08-09,000011,40.89,8594883
2023-08-10,000011,41.71,7141342
2023-08-11,000011,40.54,7024172
2023-08-14,000011,41.46,3131558
2023-08-15,000011,42.11,3290610
2023-08-16,000011,42.89,3564943
2023-08-17,000011,43.49,7466997
2023-08-18,000011,43.75,9010649
2023-08-21,000011,44.28,6024610
2023-08-22,000011,43.72,6637464
2023-08-23,000011,44.26,4796238
2023-08-24,000011,43.21,8530632
2023-08-25,000011,42.91,2570857
2023-08-28,000011,43.82,3611822
2023-08-29,000011,42.62,2885176
2023-08-30,000011,42.5,7079869
2023-08-31,000011,42.7,4037172
2023-09-01,000011,43.56,2821711
2023-09-04,000011,42.42,2971244
2023-09-05,000011,42.4,3306637
2023-09-06,000011,43.23,9254789
2023-09-07,000011,42.21,1628454
2023-09-08,000011,41.12,5307234
2023-09-11,000011,40.19,6398019
2023-09-12,000011,40.67,2132778
2023-09-13,000011,39.52,6861827
2023-09-14,000011,39.09,8790525
2023-09-15,000011,39.48,8289941
2023-09-18,000011,38.64,2731436
2023-09-19,000011,39.65,8753751
2023-09-20,000011,40.0,7721591
2023-09-21,000011,39.33,6027926
2023-09-22,000011,39.78,3116960
2023-09-25,000011,38.75,6215060
2023-09-26,000011,39.86,8401022
2023-09-27,000011,39.25,5292070
2023-09-28,000011,39.71,9532318
2023-09-29,000011,39.28,6683718
2023-10-02,000011,38.81,6728176
2023-10-03,000011,39.22,2983679
2023-10-04,000011,38.59,9206004
2023-10-05,000011,38.88,4693870
2023-10-06,000011,39.44,8203343
2023-10-09,000011,40.29,4836396
2023-10-10,000011,40.96,9142183
2023-10-11,000011,41.3,8146533
2023-10-12,000011,41.59,9027467
2023-10-13,000011,41.5,4957382
2023-10-16,000011,42.25,5179169
2023-10-17,000011,42.33,2001298
2023-10-18,000011,41.21,1056682
2023-10-19,000011,41.12,9275104
2023-10-20,000011,41.11,4389056
2023-10-23,000011,41.92,5921223
2023-10-24,000011,42.12,1162784
2023-10-25,000011,41.83,3919495
2023-10-26,000011,40.83,7529826
2023-10-27,000011,41.31,8433782
2023-10-30,000011,40.72,4112596
2023-10-31,000011,40.78,5780461
2023-11-01,000011,40.01,7334706
2023-11-02,000011,40.11,8991127
2023-11-03,000011,40.55,4367366
2023-11-06,000011,41.22,2493175
2023-11-07,000011,41.94,6060634
2023-11-08,000011,41.62,3642843
2023-11-09,000011,40.38,4381592
2023-11-10,000011,39.82,1872552
2023-11-13,000011,39.35,9972492
2023-11-14,000011,40.2,1236130
2023-11-15,000011,41.28,4548090
2023-11-16,000011,40.63,2749288
2023-11-17,000011,40.84,7574644
2023-11-20,000011,40.89,9125896
2023-11-21,000011,39.66,2293285
2023-11-22,000011,40.45,7708832
2023-11-23,000011,41.24,7285451
2023-11-24,000011,42.37,2042377
2023-11-27,000011,41.68,1605289
2023-11-28,000011,41.01,6477412
2023-11-29,000011,39.94,9368679
2023-11-30,000011,39.36,6851048
2023-12-01,000011,39.7,7376054
2022-01-03,000012,48.61,3914995
2022-01-04,000012,49.45,9556649
2022-01-05,000012,48.05,7880874
2022-01-06,000012,47.38,2272100
2022-01-07,000012,46.69,3233793
2022-01-10,000012,45.47,2256186
2022-01-11,000012,46.05,6841604
2022-01-12,000012,46.9,8222006
2022-01-13,000012,47.08,8763299
2022-01-14,000012,47.6,3646671
2022-01-17,000012,47.12,4222202
2022-01-18,000012,46.07,9563604
2022-01-19,000012,46.71,1342946
2022-01-20,000012,46.67,6150134
2022-01-21,000012,47.82,6368333
2022-01-24,000012,48.39,9996685
2022-01-25,000012,49.05,1990708
2022-01-26,000012,49.63,8512698
2022-01-27,000012,50.98,7150629
2022-01-28,000012,51.48,5022549
2022-01-31,000012,52.31,3296642
2022-02-01,000012,53.87,7859283
2022-02-02,000012,55.38,5103377
2022-02-03,000012,53.93,5011390
2022-02-04,000012,52.6,7071973
2022-02-07,000012,51.84,2974565
2022-02-08,000012,51.85,9328936
2022-02-09,000012,50.64,2165270
2022-02-10,000012,49.99,3747091
2022-02-11,000012,48.64,4559460
2022-02-14,000012,48.99,1206558
2022-02-15,000012,48.46,3434625
2022-02-16,000012,49.43,4903200
2022-02-17,000012,48.51,7840267
2022-02-18,000012,48.87,4276195
2022-02-21,000012,48.77,1128480
2022-02-22,000012,50.2,9073745
2022-02-23,000012,49.08,2331959
2022-02-24,000012,48.31,1488024
2022-02-25,000012,49.14,9668714
2022-02-28,000012,48.72,4863177
2022-03-01,000012,47.94,4312873
2022-03-02,000012,47.17,8772410
2022-03-03,000012,46.56,7832392
2022-03-04,000012,47.8,8629093
2022-03-07,000012,47.77,3736956
2022-03-08,000012,47.66,4774648
2022-03-09,000012,46.71,3393675
2022-03-10,000012,45.83,9589521
2022-03-11,000012,46.54,4128068
2022-03-14,000012,45.52,4101031
2022-03-15,000012,44.23,3388905
2022-03-16,000012,42.94,5923148
2022-03-17,000012,43.99,1984021
2022-03-18,000012,43.15,1034428
2022-03-21,000012,44.39,4045705
2022-03-22,000012,44.41,2689420
2022-03-23,000012,44.49,5422324
2022-03-24,000012,44.3,7599043
2022-03-25,000012,43.92,6630255
2022-03-28,000012,43.33,5941216
2022-03-29,000012,43.71,2322127
2022-03-30,000012,43.0,9691216
2022-03-31,000012,43.5,6130845
2022-04-01,000012,44.36,3211504
2022-04-04,000012,45.04,4396494
2022-04-05,000012,44.67,1194168
2022-04-06,000012,45.41,3566959
2022-04-07,000012,44.65,5546798
2022-04-08,000012,45.49,1908415
2022-04-11,000012,44.28,9608625
2022-04-12,000012,45.04,7927329
2022-04-13,000012,44.46,3747637
2022-04-14,000012,44.92,2206018
2022-04-15,000012,44.39,6937369
2022-04-18,000012,44.96,2773020
2022-04-19,000012,44.43,4647573
2022-04-20,000012,45.15,3436600
2022-04-21,000012,45.62,6579720
2022-04-22,000012,46.3,4526331
2022-04-25,000012,46.94,9666957
2022-04-26,000012,45.97,1666028
2022-04-27,000012,44.82,8423699
2022-04-28,000012,44.74,3205784
2022-04-29,000012,45.39,7240365
2022-05-02,000012,45.38,9416116
2022-05-03,000012,45.03,4505783
2022-05-04,000012,44.62,2714921
2022-05-05,000012,43.42,3837074
2022-05-06,000012,43.63,4027089
2022-05-09,000012,44.82,8046385
2022-05-10,000012,46.09,1572384
2022-05-11,000012,47.31,8762595
2022-05-12,000012,46.77,2037856
2022-05-13,000012,45.39,3398741
2022-05-16,000012,45.46,7010497
2022-05-17,000012,44.73,5801488
2022-05-18,000012,44.8,3792861
2022-05-19,000012,45.67,9813292
2022-05-20,000012,44.48,2720511
2022-05-23,000012,44.07,7944564
2022-05-24,000012,43.35,4043417
2022-05-25,000012,43.38,2322672
2022-05-26,000012,44.29,5602879
2022-05-27,000012,44.76,5229818
2022-05-30,000012,44.31,7192229
2022-05-31,000012,45.52,2257900
2022-06-01,000012,44.25,5686459
2022-06-02,000012,44.7,6745282
2022-06-03,000012,44.12,2251300
2022-06-06,000012,43.44,6411639
2022-06-07,000012,43.8,8949782
2022-06-08,000012,43.45,3765562
2022-06-09,000012,43.01,9324380
2022-06-10,000012,43.25,3507834
2022-06-13,000012,42.4,9899924
2022-06-14,000012,42.54,8188123
2022-06-15,000012,43.43,4455453
2022-06-16,000012,44.4,2251071
2022-06-17,000012,44.99,8597980
2022-06-20,000012,45.26,2850229
2022-06-21,000012,45.23,2969238
2022-06-22,000012,44.72,5152806
2022-06-23,000012,43.86,2194766
2022-06-24,000012,44.42,6194183
2022-06-27,000012,44.8,9284282
2022-06-28,000012,45.57,4930032
2022-06-29,000012,45.02,1714292
2022-06-30,000012,44.6,2031851
2022-07-01,000012,43.8,1865127
2022-07-04,000012,44.89,6542357
2022-07-05,000012,43.64,5312379
2022-07-06,000012,43.99,5485495
2022-07-07,000012,44.34,4599690
2022-07-08,000012,44.49,3867352
2022-07-11,000012,43.59,9599674
2022-07-12,000012,43.64,1041587
2022-07-13,000012,43.33,9954600
2022-07-14,000012,43.12,6769549
2022-07-15,000012,43.41,8660337
2022-07-18,000012,44.39,7601918
2022-07-19,000012,43.59,2914363
2022-07-20,000012,43.95,2448581
2022-07-21,000012,44.05,6396704
2022-07-22,000012,44.72,7265058
2022-07-25,000012,44.82,6000583
2022-07-26,000012,46.01,5214222
2022-07-27,000012,46.08,5863621
2022-07-28,000012,45.17,1265637
2022-07-29,000012,46.47,3701836
2022-08-01,000012,45.32,5146384
2022-08-02,000012,45.47,8015652
2022-08-03,000012,44.6,4445938
2022-08-04,000012,45.04,7135084
2022-08-05,000012,43.92,1019261
2022-08-08,000012,44.7,3087367
2022-08-09,000012,45.46,2413589
2022-08-10,000012,45.79,7185558
2022-08-11,000012,46.59,4765493
2022-08-12,000012,47.48,3631224
2022-08-15,000012,46.46,7060801
2022-08-16,000012,46.26,9687341
2022-08-17,000012,45.51,4212252
2022-08-18,000012,44.33,2866229
2022-08-19,000012,43.43,7744934
2022-08-22,000012,44.18,1992104
2022-08-23,000012,44.72,8255194
2022-08-24,000012,44.15,9376921
2022-08-25,000012,44.54,1891526
2022-08-26,000012,45.33,1738295
2022-08-29,000012,44.19,9421255
2022-08-30,000012,43.31,4292396
2022-08-31,000012,43.03,2973178
2022-09-01,000012,41.99,4569654
2022-09-02,000012,41.51,8166822
2022-09-05,000012,40.59,4888467
2022-09-06,000012,40.44,6537702
2022-09-07,000012,40.68,1398472
2022-09-08,000012,39.67,4945800
2022-09-09,000012,39.22,4566782
2022-09-12,000012,39.1,4742697
2022-09-13,000012,38.94,7691524
2022-09-14,000012,39.46,1484896
2022-09-15,000012,39.1,4572195
2022-09-16,000012,38.76,6300158
2022-09-19,000012,38.93,1867683
2022-09-20,000012,38.49,5284538
2022-09-21,000012,37.7,7596918
2022-09-22,000012,37.38,3345372
2022-09-23,000012,36.48,9912068
2022-09-26,000012,37.41,4231069
2022-09-27,000012,38.34,4248982
2022-09-28,000012,38.69,5451933
2022-09-29,000012,37.82,3207905
2022-09-30,000012,37.24,9372108
2022-10-03,000012,38.29,9216538
2022-10-04,000012,37.37,5071907
2022-10-05,000012,37.93,2551952
2022-10-06,000012,38.34,2555318
2022-10-07,000012,38.73,7569394
2022-10-10,000012,38.14,2631955
2022-10-11,000012,37.08,9307053
2022-10-12,000012,37.38,8805329
2022-10-13,000012,36.64,5951822
2022-10-14,000012,37.73,9007468
2022-10-17,000012,37.16,3493658
2022-10-18,000012,37.57,7956053
2022-10-19,000012,37.14,5641163
2022-10-20,000012,36.27,7520269
2022-10-21,000012,36.21,2300457
2022-10-24,000012,35.47,4579575
2022-10-25,000012,34.78,4171548
2022-10-26,000012,33.97,5155819
2022-10-27,000012,34.28,3809180
2022-10-28,000012,34.5,5152946
2022-10-31,000012,34.02,2428831
2022-11-01,000012,34.58,4032420
2022-11-02,000012,34.79,7733327
2022-11-03,000012,35.57,6008233
2022-11-04,000012,35.36,7076992
2022-11-07,000012,36.37,7745405
2022-11-08,000012,37.01,7802314
2022-11-09,000012,36.05,7843382
2022-11-10,000012,36.45,9701812
2022-11-11,000012,36.51,4447147
2022-11-14,000012,35.77,7787317
2022-11-15,000012,34.78,8736258
2022-11-16,000012,34.36,5119292
2022-11-17,000012,33.38,4598223
2022-11-18,000012,33.73,9242649
2022-11-21,000012,34.41,8703444
2022-11-22,000012,34.91,3497397
2022-11-23,000012,35.42,4007282
2022-11-24,000012,34.4,6467026
2022-11-25,000012,33.64,6679555
2022-11-28,000012,34.55,7375600
2022-11-29,000012,34.14,2181253
2022-11-30,000012,34.7,8705652
2022-12-01,000012,34.79,6771585
2022-12-02,000012,34.18,2851426
2022-12-05,000012,33.74,8820947
2022-12-06,000012,34.4,2557211
2022-12-07,000012,34.66,6767152
2022-12-08,000012,35.2,1498132
2022-12-09,000012,35.83,9653727
2022-12-12,000012,36.87,6448581
2022-12-13,000012,37.08,6019785
2022-12-14,000012,36.36,5922552
2022-12-15,000012,36.59,8984050
2022-12-16,000012,36.22,7775519
2022-12-19,000012,35.3,3064632
2022-12-20,000012,35.61,7162674
2022-12-21,000012,35.59,1830552
2022-12-22,000012,36.46,9130169
2022-12-23,000012,37.53,9940067
2022-12-26,000012,37.04,1569474
2022-12-27,000012,37.62,5565525
2022-12-28,000012,38.75,1645335
2022-12-29,000012,38.07,3665408
2022-12-30,000012,38.42,2565195
2023-01-02,000012,37.79,3931452
2023-01-03,000012,37.96,4345894
2023-01-04,000012,37.95,2467901
2023-01-05,000012,38.36,9868930
2023-01-06,000012,38.57,9813199
2023-01-09,000012,38.66,1380332
2023-01-10,000012,38.33,8073997
2023-01-11,000012,38.39,6538779
2023-01-12,000012,38.31,2518180
2023-01-13,000012,38.59,6397541
2023-01-16,000012,38.37,4910306
2023-01-17,000012,37.82,9053805
2023-01-18,000012,38.71,4707159
2023-01-19,000012,38.99,6659585
2023-01-20,000012,39.79,2013625
2023-01-23,000012,40.12,9415100
2023-01-24,000012,41.21,9925507
2023-01-25,000012,41.37,6940020
2023-01-26,000012,42.12,4401553
2023-01-27,000012,41.27,7427263
2023-01-30,000012,40.51,7503957
2023-01-31,000012,40.28,7000116
2023-02-01,000012,40.14,7115792
2023-02-02,000012,39.53,9283898
2023-02-03,000012,39.42,6650461
2023-02-06,000012,40.2,3203865
2023-02-07,000012,39.27,8224238
2023-02-08,000012,39.84,3379002
2023-02-09,000012,38.65,6592125
2023-02-10,000012,37.72,4824559
2023-02-13,000012,37.58,6414235
2023-02-14,000012,37.86,5374713
2023-02-15,000012,38.22,1573812
2023-02-16,000012,38.6,2945798
2023-02-17,000012,39.67,3464336
2023-02-20,000012,40.16,6856645
2023-02-21,000012,40.13,8361899
2023-02-22,000012,41.14,6638602
2023-02-23,000012,41.15,3088638
2023-02-24,000012,40.62,4837184
2023-02-27,000012,41.51,9306154
2023-02-28,000012,42.35,3541672
2023-03-01,000012,42.69,2098178
2023-03-02,000012,41.92,7459194
2023-03-03,000012,42.82,5921750
2023-03-06,000012,43.98,9131875
2023-03-07,000012,44.02,7461282
2023-03-08,000012,44.38,1165469
2023-03-09,000012,44.06,4872960
2023-03-10,000012,43.62,2538371
2023-03-13,000012,42.56,6781621
2023-03-14,000012,42.01,3321467
2023-03-15,000012,42.17,9104770
2023-03-16,000012,42.21,8303626
2023-03-17,000012,43.07,2081645
2023-03-20,000012,42.51,5628400
2023-03-21,000012,43.43,7085700
2023-03-22,000012,44.37,7623692
2023-03-23,000012,45.56,5237885
2023-03-24,000012,44.31,4703890
2023-03-27,000012,43.49,6122742
2023-03-28,000012,44.13,4829842
2023-03-29,000012,44.92,9615403
2023-03-30,000012,44.48,1640925
2023-03-31,000012,43.77,2072349
2023-04-03,000012,42.47,4635187
2023-04-04,000012,42.84,1299494
2023-04-05,000012,42.86,4562115
2023-04-06,000012,43.39,2675430
2023-04-07,000012,42.1,1608397
2023-04-10,000012,43.01,3038493
2023-04-11,000012,43.22,7619245
2023-04-12,000012,42.02,5476820
2023-04-13,000012,43.12,3204773
2023-04-14,000012,44.01,8943119
2023-04-17,000012,44.0,1692908
2023-04-18,000012,42.86,6974335
2023-04-19,000012,43.93,3797969
2023-04-20,000012,43.5,7775240
2023-04-21,000012,44.32,1462249
2023-04-24,000012,43.39,5911844
2023-04-25,000012,42.2,8189924
2023-04-26,000012,41.82,3891316
2023-04-27,000012,42.89,2666546
2023-04-28,000012,42.22,2830988
2023-05-01,000012,41.47,5954619
2023-05-02,000012,41.57,8361571
2023-05-03,000012,40.83,1254410
2023-05-04,000012,40.01,8958506
2023-05-05,000012,38.89,3991175
2023-05-08,000012,39.69,4495997
2023-05-09,000012,38.9,3446070
2023-05-10,000012,37.79,2782616
2023-05-11,000012,36.83,3642197
2023-05-12,000012,36.54,6424960
2023-05-15,000012,37.4,2435059
2023-05-16,000012,38.49,9905907
2023-05-17,000012,39.51,7859973
2023-05-18,000012,39.53,8956421
2023-05-19,000012,38.68,8872624
2023-05-22,000012,38.35,1542545
2023-05-23,000012,38.78,7157003
2023-05-24,000012,39.05,7605107
2023-05-25,000012,39.81,7180404
2023-05-26,000012,38.66,9104565
2023-05-29,000012,39.19,1181988
2023-05-30,000012,38.28,6912697
2023-05-31,000012,37.98,1528443
2023-06-01,000012,38.95,2772980
2023-06-02,000012,40.09,7689030
2023-06-05,000012,39.1,2251990
2023-06-06,000012,40.02,1599388
2023-06-07,000012,41.18,8771017
2023-06-08,000012,40.46,6610539
2023-06-09,000012,39.55,9206187
2023-06-12,000012,38.38,8141233
2023-06-13,000012,38.93,2860731
2023-06-14,000012,38.49,6647717
2023-06-15,000012,39.11,4522794
2023-06-16,000012,39.11,6742749
2023-06-19,000012,39.46,1558689
2023-06-20,000012,39.21,9262117
2023-06-21,000012,38.15,2175043
2023-06-22,000012,38.56,5086117
2023-06-23,000012,38.1,6384168
2023-06-26,000012,37.02,9539515
2023-06-27,000012,36.15,9923944
2023-06-28,000012,35.86,3221802
2023-06-29,000012,35.96,7977701
2023-06-30,000012,35.31,4711214
2023-07-03,000012,36.32,3467855
2023-07-04,000012,35.31,3061322
2023-07-05,000012,34.85,3939491
2023-07-06,000012,34.37,6946500
2023-07-07,000012,34.2,4135485
2023-07-10,000012,34.16,8521775
2023-07-11,000012,33.95,8996576
2023-07-12,000012,33.06,2603367
2023-07-13,000012,33.13,4916850
2023-07-14,000012,33.35,2267216
2023-07-17,000012,33.04,6857799
2023-07-18,000012,32.75,7078654
2023-07-19,000012,32.71,9362885
2023-07-20,000012,33.64,4495748
2023-07-21,000012,34.61,9596312
2023-07-24,000012,34.98,3666049
2023-07-25,000012,34.75,7494660
2023-07-26,000012,35.18,2926028
2023-07-27,000012,35.75,3726926
2023-07-28,000012,35.7,8212535
2023-07-31,000012,35.31,4788935
2023-08-01,000012,35.92,2317350
2023-08-02,000012,35.87,4915386
2023-08-03,000012,36.42,3547364
2023-08-04,000012,36.76,5661962
2023-08-07,000012,36.04,1418334
2023-08-08,000012,35.38,7509763
2023-08-09,000012,36.11,5837710
2023-08-10,000012,35.97,1990519
2023-08-11,000012,35.43,7047259
2023-08-14,000012,35.46,1385978
2023-08-15,000012,36.34,5001677
2023-08-16,000012,35.84,4827489
2023-08-17,000012,35.73,8466042
2023-08-18,000012,36.32,6505026
2023-08-21,000012,36.8,2493651
2023-08-22,000012,35.93,4850263
2023-08-23,000012,35.76,1394375
2023-08-24,000012,36.65,9022771
2023-08-25,000012,37.65,2209654
2023-08-28,000012,36.73,5236995
2023-08-29,000012,35.7,2354558
2023-08-30,000012,35.32,4355625
2023-08-31,000012,35.67,1375372
2023-09-01,000012,34.92,1495710
2023-09-04,000012,34.02,6324628
2023-09-05,000012,33.53,4977223
2023-09-06,000012,33.79,7066694
2023-09-07,000012,33.41,7702956
2023-09-08,000012,34.07,3260267
2023-09-11,000012,34.44,1318277
2023-09-12,000012,34.32,1206521
2023-09-13,000012,34.18,3700068
2023-09-14,000012,34.18,9076079
2023-09-15,000012,34.9,8998533
2023-09-18,000012,35.74,8666007
2023-09-19,000012,36.46,9539913
2023-09-20,000012,35.66,3766736
2023-09-21,000012,34.7,6351095
2023-09-22,000012,33.93,2516209
2023-09-25,000012,33.53,7099743
2023-09-26,000012,34.01,6770420
2023-09-27,000012,34.65,6092532
2023-09-28,000012,35.29,2151275
2023-09-29,000012,34.37,3253556
2023-10-02,000012,34.6,9324253
2023-10-03,000012,35.1,3844037
2023-10-04,000012,35.8,3339785
2023-10-05,000012,36.52,4505770
2023-10-06,000012,35.86,5267882
2023-10-09,000012,36.65,8852537
2023-10-10,000012,37.17,8077874
2023-10-11,000012,36.34,9126201
2023-10-12,000012,37.09,3767421
2023-10-13,000012,36.27,8854611
2023-10-16,000012,36.15,5946155
2023-10-17,000012,35.79,4401048
2023-10-18,000012,35.39,2068756
2023-10-19,000012,34.73,6880325
2023-10-20,000012,35.23,6852652
2023-10-23,000012,35.72,9523201
2023-10-24,000012,36.0,4345755
2023-10-25,000012,36.87,4119979
2023-10-26,000012,36.51,7213082
2023-10-27,000012,35.97,9110614
2023-10-30,000012,36.12,3536631
2023-10-31,000012,35.16,5915282
2023-11-01,000012,34.9,7903224
2023-11-02,000012,35.63,8407754
2023-11-03,000012,35.23,7224948
2023-11-06,000012,34.19,8062513
2023-11-07,000012,33.85,5592481
2023-11-08,000012,34.11,8474029
2023-11-09,000012,34.01,9565165
2023-11-10,000012,33.63,2367514
2023-11-13,000012,33.6,2164375
2023-11-14,000012,34.24,3979953
2023-11-15,000012,33.44,1119879
2023-11-16,000012,33.21,2764987
2023-11-17,000012,33.73,6863174
2023-11-20,000012,34.49,3312412
2023-11-21,000012,33.55,2942181
2023-11-22,000012,32.74,2755436
2023-11-23,000012,32.47,2531589
2023-11-24,000012,32.57,6038544
2023-11-27,000012,32.19,8959853
2023-11-28,000012,32.75,3106722
2023-11-29,000012,32.36,5324382
2023-11-30,000012,32.21,9676469
2023-12-01,000012,32.45,4502589
2022-01-03,000013,50.7,6672653
2022-01-04,000013,49.43,5706658
2022-01-05,000013,49.13,8315036
2022-01-06,000013,48.84,4468840
2022-01-07,000013,47.94,8332986
2022-01-10,000013,46.83,5846117
2022-01-11,000013,45.92,8176030
2022-01-12,000013,46.38,6664434
2022-01-13,000013,46.9,4113583
2022-01-14,000013,47.08,1018608
2022-01-17,000013,46.24,6099790
2022-01-18,000013,45.44,6992538
2022-01-19,000013,44.19,3994918
2022-01-20,000013,43.83,2354452
2022-01-21,000013,44.65,7410040
2022-01-24,000013,45.56,9697019
2022-01-25,000013,45.25,6329156
2022-01-26,000013,44.12,7535728
2022-01-27,000013,44.54,7383080
2022-01-28,000013,45.55,2688947
2022-01-31,000013,44.87,2953660
2022-02-01,000013,44.12,8394626
2022-02-02,000013,43.96,2090641
2022-02-03,000013,44.94,3301323
2022-02-04,000013,44.57,6642635
2022-02-07,000013,45.65,1414527
2022-02-08,000013,45.22,9489574
2022-02-09,000013,46.34,8238767
2022-02-10,000013,46.47,8321557
2022-02-11,000013,46.84,8630983
2022-02-14,000013,45.93,6266543
2022-02-15,000013,45.81,4523163
2022-02-16,000013,45.48,1528207
2022-02-17,000013,44.8,2653185
2022-02-18,000013,44.36,4833700
2022-02-21,000013,45.42,2033524
2022-02-22,000013,45.84,9244099
2022-02-23,000013,45.57,6446124
2022-02-24,000013,46.9,2109058
2022-02-25,000013,46.85,1376507
2022-02-28,000013,47.48,2663364
2022-03-01,000013,46.06,4470176
2022-03-02,000013,46.46,7669499
2022-03-03,000013,46.44,4823993
2022-03-04,000013,47.75,2918697
2022-03-07,000013,47.66,4542708
2022-03-08,000013,47.47,2946860
2022-03-09,000013,48.28,3244346
2022-03-10,000013,48.06,3174951
2022-03-11,000013,48.48,2082272
2022-03-14,000013,48.35,6276359
2022-03-15,000013,48.64,5461165
2022-03-16,000013,48.03,3329474
2022-03-17,000013,47.86,7056955
2022-03-18,000013,47.36,7605435
2022-03-21,000013,46.29,3123303
2022-03-22,000013,45.21,7802240
2022-03-23,000013,46.27,7163075
2022-03-24,000013,46.0,3812169
2022-03-25,000013,47.31,5510319
2022-03-28,000013,46.62,2761126
2022-03-29,000013,45.76,1929017
2022-03-30,000013,46.46,6456250
2022-03-31,000013,45.34,3156395
2022-04-01,000013,44.61,6767431
2022-04-04,000013,45.21,3401679
2022-04-05,000013,45.72,7504931
2022-04-06,000013,46.5,2221350
2022-04-07,000013,46.11,3128046
2022-04-08,000013,46.28,3925598
2022-04-11,000013,47.61,7201505
2022-04-12,000013,48.55,9261221
2022-04-13,000013,49.72,8493758
2022-04-14,000013,51.02,5797146
2022-04-15,000013,50.2,5048604
2022-04-18,000013,49.64,2974440
2022-04-19,000013,48.25,3309521
2022-04-20,000013,48.95,7963101
2022-04-21,000013,47.79,8901781
2022-04-22,000013,48.04,1561796
2022-04-25,000013,49.3,6588248
2022-04-26,000013,48.96,8783335
2022-04-27,000013,47.84,4041425
2022-04-28,000013,48.34,8234614
2022-04-29,000013,46.92,8934804
2022-05-02,000013,47.57,8088430
2022-05-03,000013,47.55,4026562
2022-05-04,000013,48.61,6133314
2022-05-05,000013,49.19,9920122
2022-05-06,000013,48.45,9457487
2022-05-09,000013,48.7,8111474
2022-05-10,000013,47.98,9414672
2022-05-11,000013,49.27,7293444
2022-05-12,000013,48.51,8465946
2022-05-13,000013,49.31,8348512
2022-05-16,000013,48.51,8585992
2022-05-17,000013,48.64,9454435
2022-05-18,000013,48.47,8660761
2022-05-19,000013,47.51,1127870
2022-05-20,000013,47.95,1217226
2022-05-23,000013,48.53,9617246
2022-05-24,000013,49.41,8877507
2022-05-25,000013,48.37,7122748
2022-05-26,000013,49.63,1027903
2022-05-27,000013,49.74,4317462
2022-05-30,000013,50.67,5392036
2022-05-31,000013,50.58,8711589
2022-06-01,000013,50.24,9087536
2022-06-02,000013,48.87,3893525
2022-06-03,000013,49.25,6301277
2022-06-06,000013,49.52,7355633
2022-06-07,000013,50.21,9108257
2022-06-08,000013,51.25,2419978
2022-06-09,000013,50.62,5161154
2022-06-10,000013,52.13,1875518
2022-06-13,000013,52.07,9839840
2022-06-14,000013,50.83,8409338
2022-06-15,000013,50.87,3065151
2022-06-16,000013,50.57,1904046
2022-06-17,000013,51.65,3582783
2022-06-20,000013,50.15,6725264
2022-06-21,000013,49.38,6072687
2022-06-22,000013,50.56,9942044
2022-06-23,000013,49.58,2213749
2022-06-24,000013,50.75,5988633
2022-06-27,000013,50.2,3334357
2022-06-28,000013,50.35,2367693
2022-06-29,000013,51.7,4634972
2022-06-30,000013,52.92,2072793
2022-07-01,000013,51.46,2310791
2022-07-04,000013,52.6,4391981
2022-07-05,000013,53.02,4103408
2022-07-06,000013,53.78,6760120
2022-07-07,000013,54.76,1545255
2022-07-08,000013,53.56,2250829
2022-07-11,000013,52.68,3578469
2022-07-12,000013,51.47,9519514
2022-07-13,000013,51.49,8107591
2022-07-14,000013,50.27,4043467
2022-07-15,000013,50.44,2126444
2022-07-18,000013,49.62,7568476
2022-07-19,000013,50.61,6357070
2022-07-20,000013,50.0,2790386
2022-07-21,000013,49.19,8699970
2022-07-22,000013,50.3,2213048
2022-07-25,000013,50.21,2875909
2022-07-26,000013,51.55,3824234
2022-07-27,000013,52.71,2998075
2022-07-28,000013,51.76,4484431
2022-07-29,000013,51.95,7400397
2022-08-01,000013,51.99,6997670
2022-08-02,000013,52.92,9487661
2022-08-03,000013,52.36,9150641
2022-08-04,000013,53.56,7945765
2022-08-05,000013,52.66,3823362
2022-08-08,000013,53.73,4678436
2022-08-09,000013,55.21,7692579
2022-08-10,000013,56.75,6946902
2022-08-11,000013,57.48,9054392
2022-08-12,000013,56.33,4717789
2022-08-15,000013,55.09,2102558
2022-08-16,000013,54.23,4510006
2022-08-17,000013,53.15,6552618
2022-08-18,000013,53.92,9959290
2022-08-19,000013,53.71,3699563
2022-08-22,000013,54.54,4202646
2022-08-23,000013,53.43,2209878
2022-08-24,000013,53.79,5922101
2022-08-25,000013,52.63,4796796
2022-08-26,000013,53.36,3175714
2022-08-29,000013,52.34,2001919
2022-08-30,000013,52.59,2186017
2022-08-31,000013,51.59,2942724
2022-09-01,000013,51.55,4522485
2022-09-02,000013,52.8,9256537
2022-09-05,000013,51.55,1839219
2022-09-06,000013,52.03,9585757
2022-09-07,000013,51.51,5876770
2022-09-08,000013,52.17,9656158
2022-09-09,000013,53.18,5692348
2022-09-12,000013,52.18,5013650
2022-09-13,000013,51.02,6269537
2022-09-14,000013,50.69,5033509
2022-09-15,000013,50.35,5426160
2022-09-16,000013,49.26,2524042
2022-09-19,000013,49.77,7648128
2022-09-20,000013,49.27,7536497
2022-09-21,000013,48.57,7122296
2022-09-22,000013,49.33,6944094
2022-09-23,000013,48.44,8333373
2022-09-26,000013,49.76,3381524
2022-09-27,000013,49.4,3371834
2022-09-28,000013,49.65,4559802
2022-09-29,000013,48.56,8310727
2022-09-30,000013,47.21,8190798
2022-10-03,000013,46.14,4896197
2022-10-04,000013,47.37,4398051
2022-10-05,000013,46.28,9636431
2022-10-06,000013,47.23,9090230
2022-10-07,000013,48.27,5337123
2022-10-10,000013,47.06,3432228
2022-10-11,000013,48.23,9116941
2022-10-12,000013,47.58,5924014
2022-10-13,000013,48.88,2352849
2022-10-14,000013,50.19,5761333
2022-10-17,000013,48.84,8943275
2022-10-18,000013,48.39,7513290
2022-10-19,000013,49.68,9418131
2022-10-20,000013,48.45,2840707
2022-10-21,000013,47.54,6310677
2022-10-24,000013,48.4,5119753
2022-10-25,000013,49.82,3950137
2022-10-26,000013,50.76,7517255
2022-10-27,000013,51.57,8723266
2022-10-28,000013,52.79,2592617
2022-10-31,000013,53.82,7070276
2022-11-01,000013,54.86,3929327
2022-11-02,000013,54.46,2459271
2022-11-03,000013,53.47,9605723
2022-11-04,000013,54.36,7423124
2022-11-07,000013,55.45,6003341
2022-11-08,000013,54.34,4659562
2022-11-09,000013,53.02,5326840
2022-11-10,000013,51.82,1450984
2022-11-11,000013,53.11,5836337
2022-11-14,000013,54.07,1201562
2022-11-15,000013,54.09,6154694
2022-11-16,000013,53.32,6687750
2022-11-17,000013,52.41,5941863
2022-11-18,000013,53.13,9307907
2022-11-21,000013,52.73,7812658
2022-11-22,000013,51.25,7003973
2022-11-23,000013,50.69,2253020
2022-11-24,000013,51.39,3389753
2022-11-25,000013,50.54,8393701
2022-11-28,000013,50.8,3557806
2022-11-29,000013,52.18,3510746
2022-11-30,000013,50.92,8500693
2022-12-01,000013,51.66,3865171
2022-12-02,000013,52.86,3587787
2022-12-05,000013,51.79,7387768
2022-12-06,000013,51.3,8245101
2022-12-07,000013,49.98,4265506
2022-12-08,000013,48.62,7211013
2022-12-09,000013,48.91,4181448
2022-12-12,000013,48.62,7690875
2022-12-13,000013,48.33,5098806
2022-12-14,000013,49.17,6080625
2022-12-15,000013,50.27,4666126
2022-12-16,000013,50.61,7671049
2022-12-19,000013,49.65,6898475
2022-12-20,000013,49.23,6884497
2022-12-21,000013,50.29,5261681
2022-12-22,000013,50.46,3556451
2022-12-23,000013,48.99,3818222
2022-12-26,000013,50.03,4614407
2022-12-27,000013,49.71,4334874
2022-12-28,000013,50.5,2553607
2022-12-29,000013,51.63,1139914
2022-12-30,000013,50.71,2732284
2023-01-02,000013,50.64,4560461
2023-01-03,000013,49.58,9906581
2023-01-04,000013,48.16,8653643
2023-01-05,000013,47.52,8735650
2023-01-06,000013,46.63,8121501
2023-01-09,000013,47.45,4022925
2023-01-10,000013,47.04,6527092
2023-01-11,000013,46.95,1711383
2023-01-12,000013,46.0,8724374
2023-01-13,000013,45.83,5022754
2023-01-16,000013,45.21,1712791
2023-01-17,000013,44.24,7026526
2023-01-18,000013,43.6,8999147
2023-01-19,000013,43.8,2512223
2023-01-20,000013,45.05,3105443
2023-01-23,000013,46.36,9645430
2023-01-24,000013,45.4,2428157
2023-01-25,000013,45.91,3619302
2023-01-26,000013,45.74,6502423
2023-01-27,000013,45.45,2467714
2023-01-30,000013,44.2,5152305
2023-01-31,000013,43.15,3393663
2023-02-01,000013,42.57,2316616
2023-02-02,000013,42.22,8558176
2023-02-03,000013,42.51,6086222
2023-02-06,000013,43.61,2508835
2023-02-07,000013,43.71,1212211
2023-02-08,000013,44.34,1077245
2023-02-09,000013,43.62,9015180
2023-02-10,000013,43.31,7810541
2023-02-13,000013,44.26,2379368
2023-02-14,000013,43.67,6192119
2023-02-15,000013,44.26,1449793
2023-02-16,000013,45.07,2534281
2023-02-17,000013,45.72,4070687
2023-02-20,000013,46.2,8512948
2023-02-21,000013,45.54,1979365
2023-02-22,000013,45.86,1477974
2023-02-23,000013,46.48,3250805
2023-02-24,000013,45.96,8302034
2023-02-27,000013,44.92,4581635
2023-02-28,000013,43.95,7769298
2023-03-01,000013,43.61,3834694
2023-03-02,000013,43.6,9353472
2023-03-03,000013,44.57,9946300
2023-03-06,000013,44.35,7635413
2023-03-07,000013,44.53,8832494
2023-03-08,000013,45.41,9520507
2023-03-09,000013,46.61,7835006
2023-03-10,000013,47.39,8802308
2023-03-13,000013,46.18,6381544
2023-03-14,000013,46.8,5457076
2023-03-15,000013,46.98,4748181
2023-03-16,000013,45.73,6762198
2023-03-17,000013,46.67,7691599
2023-03-20,000013,47.6,7959072
2023-03-21,000013,46.83,6504674
2023-03-22,000013,47.39,3502709
2023-03-23,000013,48.1,7371416
2023-03-24,000013,48.39,5875401
2023-03-27,000013,49.62,6264055
2023-03-28,000013,48.15,8589514
2023-03-29,000013,49.18,7158149
2023-03-30,000013,47.85,3510162
2023-03-31,000013,49.12,5757408
2023-04-03,000013,49.55,5670302
2023-04-04,000013,49.35,2467013
2023-04-05,000013,49.73,5328871
2023-04-06,000013,51.18,3922467
2023-04-07,000013,51.69,4212594
2023-04-10,000013,51.79,8551602
2023-04-11,000013,51.09,2823967
2023-04-12,000013,52.14,1386589
2023-04-13,000013,51.59,1203936
2023-04-14,000013,50.87,3558468
2023-04-17,000013,51.27,8972051
2023-04-18,000013,50.01,6361071
2023-04-19,000013,51.42,6010864
2023-04-20,000013,52.66,6757492
2023-04-21,000013,53.92,9940566
2023-04-24,000013,55.18,1641296
2023-04-25,000013,54.96,7901584
2023-04-26,000013,53.48,2933361
2023-04-27,000013,53.78,4435917
2023-04-28,000013,54.86,9101821
2023-05-01,000013,54.16,3549946
2023-05-02,000013,53.6,9647627
2023-05-03,000013,53.93,8638401
2023-05-04,000013,52.55,5759940
2023-05-05,000013,53.26,6950781
2023-05-08,000013,53.27,4711923
2023-05-09,000013,51.94,9047377
2023-05-10,000013,51.11,2204835
2023-05-11,000013,50.58,4610035
2023-05-12,000013,50.56,6316711
2023-05-15,000013,50.45,9384033
2023-05-16,000013,49.73,1415975
2023-05-17,000013,51.17,9986096
2023-05-18,000013,50.75,3954729
2023-05-19,000013,51.03,5727083
2023-05-22,000013,50.76,4414428
2023-05-23,000013,51.57,4441192
2023-05-24,000013,52.42,5519146
2023-05-25,000013,51.82,8416352
2023-05-26,000013,53.23,4572936
2023-05-29,000013,53.39,2610035
2023-05-30,000013,52.65,7338300
2023-05-31,000013,54.06,3562658
2023-06-01,000013,53.74,3236812
2023-06-02,000013,53.09,9724171
2023-06-05,000013,54.55,7674509
2023-06-06,000013,56.11,1583861
2023-06-07,000013,56.17,4696962
2023-06-08,000013,54.63,8604648
2023-06-09,000013,55.35,8452327
2023-06-12,000013,56.29,2169171
2023-06-13,000013,57.42,4559813
2023-06-14,000013,57.07,5723532
2023-06-15,000013,56.62,8744643
2023-06-16,000013,57.09,5119289
2023-06-19,000013,57.49,4215265
2023-06-20,000013,57.49,6316604
2023-06-21,000013,58.82,5174845
2023-06-22,000013,57.14,4663898
2023-06-23,000013,56.34,4150820
2023-06-26,000013,56.4,2431861
2023-06-27,000013,55.73,7382615
2023-06-28,000013,55.7,7131778
2023-06-29,000013,56.0,2825489
2023-06-30,000013,54.59,9794996
2023-07-03,000013,53.8,1285372
2023-07-04,000013,52.53,8028722
2023-07-05,000013,53.52,5442126
2023-07-06,000013,52.48,1311743
2023-07-07,000013,52.72,5474417
2023-07-10,000013,52.27,2127739
2023-07-11,000013,52.43,3086679
2023-07-12,000013,51.37,7547046
2023-07-13,000013,51.74,8371396
2023-07-14,000013,51.56,4777238
2023-07-17,000013,50.31,3883257
2023-07-18,000013,49.4,7814968
2023-07-19,000013,48.64,1523479
2023-07-20,000013,48.48,7116252
2023-07-21,000013,49.73,7814858
2023-07-24,000013,48.63,5784843
2023-07-25,000013,48.46,6846513
2023-07-26,000013,48.86,1020639
2023-07-27,000013,47.97,1788250
2023-07-28,000013,49.06,4845651
2023-07-31,000013,48.5,7636301
2023-08-01,000013,47.38,2231886
2023-08-02,000013,47.33,1005832
2023-08-03,000013,47.01,7597778
2023-08-04,000013,47.21,2224239
2023-08-07,000013,48.52,9581212
2023-08-08,000013,48.19,6337311
2023-08-09,000013,47.35,1146194
2023-08-10,000013,47.38,3405052
2023-08-11,000013,48.25,4973118
2023-08-14,000013,48.26,9146503
2023-08-15,000013,47.84,1338700
2023-08-16,000013,46.42,9747696
2023-08-17,000013,46.28,9900974
2023-08-18,000013,46.61,3030095
2023-08-21,000013,45.9,3381672
2023-08-22,000013,44.99,1646846
2023-08-23,000013,44.93,8135063
2023-08-24,000013,44.36,8144727
2023-08-25,000013,43.08,7268984
2023-08-28,000013,43.71,5898605
2023-08-29,000013,42.64,9672685
2023-08-30,000013,42.81,7204093
2023-08-31,000013,43.36,6853859
2023-09-01,000013,43.13,7982414
2023-09-04,000013,44.42,3797719
2023-09-05,000013,43.63,6157781
2023-09-06,000013,44.61,4206127
2023-09-07,000013,44.17,1733228
2023-09-08,000013,43.78,6643253
2023-09-11,000013,44.81,9431808
2023-09-12,000013,44.09,3353850
2023-09-13,000013,42.82,6224199
2023-09-14,000013,43.84,9476938
2023-09-15,000013,43.91,6147753
2023-09-18,000013,43.78,5517291
2023-09-19,000013,44.81,9823198
2023-09-20,000013,44.15,7583375
2023-09-21,000013,43.97,6587552
2023-09-22,000013,44.04,9289954
2023-09-25,000013,44.54,1603399
2023-09-26,000013,45.16,2229848
2023-09-27,000013,45.54,5634795
2023-09-28,000013,45.69,9075455
2023-09-29,000013,45.36,8927139
2023-10-02,000013,46.06,8213790
2023-10-03,000013,46.16,9037791
2023-10-04,000013,47.41,8829927
2023-10-05,000013,47.28,7032140
2023-10-06,000013,48.6,3972481
2023-10-09,000013,49.14,3366482
2023-10-10,000013,49.59,3764596
2023-10-11,000013,48.79,9989124
2023-10-12,000013,49.22,1331979
2023-10-13,000013,48.86,5121602
2023-10-16,000013,49.9,9647546
2023-10-17,000013,50.68,7055185
2023-10-18,000013,51.86,4214846
2023-10-19,000013,52.69,8679701
2023-10-20,000013,53.74,1859600
2023-10-23,000013,52.13,6336230
2023-10-24,000013,53.23,7945154
2023-10-25,000013,52.28,8579536
2023-10-26,000013,53.82,9079718
2023-10-27,000013,53.15,2541070
2023-10-30,000013,51.94,6984558
2023-10-31,000013,50.64,7530522
2023-11-01,000013,50.04,8835731
2023-11-02,000013,49.23,3006221
2023-11-03,000013,49.21,2460151
2023-11-06,000013,48.36,9782897
2023-11-07,000013,48.01,7685940
2023-11-08,000013,48.24,1740274
2023-11-09,000013,48.5,3647023
2023-11-10,000013,49.76,2929198
2023-11-13,000013,48.69,7591025
2023-11-14,000013,48.96,2583211
2023-11-15,000013,49.92,7093988
2023-11-16,000013,49.47,3516299
2023-11-17,000013,50.58,8975633
2023-11-20,000013,49.99,5506227
2023-11-21,000013,51.12,3896947
2023-11-22,000013,52.54,6237966
2023-11-23,000013,53.07,1073424
2023-11-24,000013,53.2,1834069
2023-11-27,000013,53.66,3774879
2023-11-28,000013,54.33,3082987
2023-11-29,000013,55.12,7506590
2023-11-30,000013,56.14,7287296
2023-12-01,000013,56.73,6259796
2022-01-03,000014,50.79,8111649
2022-01-04,000014,52.24,9712655
2022-01-05,000014,53.13,9130721
2022-01-06,000014,54.58,1920961
2022-01-07,000014,53.83,6682436
2022-01-10,000014,54.0,3668786
2022-01-11,000014,52.88,5759518
2022-01-12,000014,51.38,9376562
2022-01-13,000014,50.32,6692398
2022-01-14,000014,50.47,5515376
2022-01-17,000014,50.66,1951121
2022-01-18,000014,49.55,1141162
2022-01-19,000014,50.6,4341791
2022-01-20,000014,49.16,2669430
2022-01-21,000014,50.27,2030340
2022-01-24,000014,49.25,7337238
2022-01-25,000014,48.93,9688000
2022-01-26,000014,48.35,1063673
2022-01-27,000014,49.47,5230836
2022-01-28,000014,49.53,6257196
2022-01-31,000014,50.71,7885447
2022-02-01,000014,51.31,3608869
2022-02-02,000014,50.48,6884328
2022-02-03,000014,51.41,1522251
2022-02-04,000014,51.54,6892008
2022-02-07,000014,51.74,3957225
2022-02-08,000014,51.11,5305399
2022-02-09,000014,51.94,1747664
2022-02-10,000014,50.94,3520496
2022-02-11,000014,49.97,3166092
2022-02-14,000014,51.36,7505367
2022-02-15,000014,50.03,9049594
2022-02-16,000014,49.86,1530316
2022-02-17,000014,51.01,6981971
2022-02-18,000014,51.47,3451968
2022-02-21,000014,51.66,1471193
2022-02-22,000014,52.83,6534600
2022-02-23,000014,51.63,7407879
2022-02-24,000014,50.51,6059465
2022-02-25,000014,51.37,6780150
2022-02-28,000014,51.98,4231045
2022-03-01,000014,53.12,8575689
2022-03-02,000014,54.32,9023006
2022-03-03,000014,52.81,7028989
2022-03-04,000014,52.87,1467161
2022-03-07,000014,52.43,4170274
2022-03-08,000014,51.58,3312320
2022-03-09,000014,50.78,9693289
2022-03-10,000014,51.83,8102133
2022-03-11,000014,52.98,6805533
2022-03-14,000014,53.64,1644645
2022-03-15,000014,52.22,2657135
2022-03-16,000014,53.05,4714009
2022-03-17,000014,52.2,5195240
2022-03-18,000014,50.87,1536850
2022-03-21,000014,51.13,4331986
2022-03-22,000014,50.74,9025236
2022-03-23,000014,49.23,6720603
2022-03-24,000014,48.1,3789719
2022-03-25,000014,47.77,8620052
2022-03-28,000014,48.34,7717815
2022-03-29,000014,49.66,4842943
2022-03-30,000014,49.51,9833048
2022-03-31,000014,49.18,7472785
2022-04-01,000014,50.53,9549734
2022-04-04,000014,51.13,3602854
2022-04-05,000014,49.79,9183786
2022-04-06,000014,49.11,3590703
2022-04-07,000014,47.78,8115997
2022-04-08,000014,46.7,2577015
2022-04-11,000014,45.79,5851632
2022-04-12,000014,46.19,7009192
2022-04-13,000014,47.25,3423274
2022-04-14,000014,46.82,3978386
2022-04-15,000014,45.77,7992695
2022-04-18,000014,45.54,7764825
2022-04-19,000014,45.64,9231948
2022-04-20,000014,44.38,9566177
2022-04-21,000014,44.44,9003356
2022-04-22,000014,45.26,1362460
2022-04-25,000014,45.79,1322974
2022-04-26,000014,45.13,3144748
2022-04-27,000014,44.26,6067052
2022-04-28,000014,43.99,5814033
2022-04-29,000014,43.76,8521603
2022-05-02,000014,44.61,2535739
2022-05-03,000014,44.29,4702595
2022-05-04,000014,43.14,9949797
2022-05-05,000014,44.13,6503984
2022-05-06,000014,42.94,4409115
2022-05-09,000014,43.77,8415499
2022-05-10,000014,43.41,2527298
2022-05-11,000014,44.23,4592717
2022-05-12,000014,44.85,6808778
2022-05-13,000014,46.14,2785895
2022-05-16,000014,46.64,7840469
2022-05-17,000014,46.74,4394772
2022-05-18,000014,46.65,8122288
2022-05-19,000014,45.46,6492556
2022-05-20,000014,44.51,4467430
2022-05-23,000014,43.87,2757439
2022-05-24,000014,43.57,9250195
2022-05-25,000014,42.69,8495784
2022-05-26,000014,43.32,2963544
2022-05-27,000014,42.55,6464171
2022-05-30,000014,43.5,8840808
2022-05-31,000014,44.31,1139379
2022-06-01,000014,45.64,7221027
2022-06-02,000014,45.46,4486128
2022-06-03,000014,46.06,7033986
2022-06-06,000014,47.33,4629240
2022-06-07,000014,46.33,2014833
2022-06-08,000014,45.27,3744669
2022-06-09,000014,45.94,7179282
2022-06-10,000014,45.52,1788545
2022-06-13,000014,45.86,2563401
2022-06-14,000014,47.15,3384687
2022-06-15,000014,46.66,1883893
2022-06-16,000014,47.81,5947873
2022-06-17,000014,47.32,5840484
2022-06-20,000014,48.63,8364706
2022-06-21,000014,48.43,7549296
2022-06-22,000014,48.01,4990195
2022-06-23,000014,48.83,4814215
2022-06-24,000014,48.08,3206437
2022-06-27,000014,46.74,8357852
2022-06-28,000014,46.2,3092157
2022-06-29,000014,47.24,2542852
2022-06-30,000014,47.49,2107659
2022-07-01,000014,48.45,2279090
2022-07-04,000014,48.47,3636078
2022-07-05,000014,47.43,2530889
2022-07-06,000014,48.7,3114168
2022-07-07,000014,49.75,2324478
2022-07-08,000014,50.98,7037904
2022-07-11,000014,52.3,1516773
2022-07-12,000014,51.6,5129476
2022-07-13,000014,50.63,9806123
2022-07-14,000014,52.11,9682604
2022-07-15,000014,52.82,5941752
2022-07-18,000014,52.91,5527849
2022-07-19,000014,52.46,8421173
2022-07-20,000014,52.33,8902700
2022-07-21,000014,53.63,7684939
2022-07-22,000014,53.97,8635135
2022-07-25,000014,55.09,3369842
2022-07-26,000014,54.61,3854501
2022-07-27,000014,53.86,8466117
2022-07-28,000014,54.97,8588114
2022-07-29,000014,54.6,2478548
2022-08-01,000014,53.27,3624505
2022-08-02,000014,52.35,7383497
2022-08-03,000014,52.7,6231122
2022-08-04,000014,54.09,5686268
2022-08-05,000014,55.55,4977218
2022-08-08,000014,54.21,7586019
2022-08-09,000014,54.62,7205531
2022-08-10,000014,55.92,5140095
2022-08-11,000014,57.21,9896161
2022-08-12,000014,58.49,8802816
2022-08-15,000014,58.1,6228555
2022-08-16,000014,56.82,3171659
2022-08-17,000014,57.89,8886116
2022-08-18,000014,56.81,3424292
2022-08-19,000014,57.76,6462558
2022-08-22,000014,58.42,7012929
2022-08-23,000014,59.28,9443562
2022-08-24,000014,61.04,1435499
2022-08-25,000014,62.66,6813741
2022-08-26,000014,64.18,3213839
2022-08-29,000014,64.08,1949511
2022-08-30,000014,63.36,6728475
2022-08-31,000014,65.25,4122523
2022-09-01,000014,63.87,2903595
2022-09-02,000014,65.51,1072580
2022-09-05,000014,66.79,7496442
2022-09-06,000014,68.76,2790001
2022-09-07,000014,69.2,5977916
2022-09-08,000014,68.29,2017381
2022-09-09,000014,66.96,5193590
2022-09-12,000014,68.32,8408768
2022-09-13,000014,68.94,9133396
2022-09-14,000014,70.17,4883347
2022-09-15,000014,69.02,2599715
2022-09-16,000014,70.81,1197094
2022-09-19,000014,70.56,4026908
2022-09-20,000014,72.41,8993848
2022-09-21,000014,74.23,5838276
2022-09-22,000014,72.34,5982326
2022-09-23,000014,72.99,4263313
2022-09-26,000014,73.15,6438580
2022-09-27,000014,74.41,6465171
2022-09-28,000014,76.57,2234145
2022-09-29,000014,76.98,5264254
2022-09-30,000014,76.57,4309549
2022-10-03,000014,78.82,2930472
2022-10-04,000014,77.3,4215865
2022-10-05,000014,76.72,6058168
2022-10-06,000014,77.43,4163615
2022-10-07,000014,75.91,3470471
2022-10-10,000014,77.79,8466258
2022-10-11,000014,78.11,3894564
2022-10-12,000014,78.24,2681201
2022-10-13,000014,79.35,7475269
2022-10-14,000014,77.82,7341746
2022-10-17,000014,76.62,7809678
2022-10-18,000014,76.19,6529281
2022-10-19,000014,74.3,4542902
2022-10-20,000014,75.81,3375225
2022-10-21,000014,75.56,7064667
2022-10-24,000014,76.33,1735630
2022-10-25,000014,78.4,7113406
2022-10-26,000014,76.51,2663570
2022-10-27,000014,76.49,9855183
2022-10-28,000014,75.79,1311711
2022-10-31,000014,76.69,5602250
2022-11-01,000014,77.26,7340009
2022-11-02,000014,76.54,2090066
2022-11-03,000014,75.05,9591181
2022-11-04,000014,74.79,8326543
2022-11-07,000014,75.99,9696357
2022-11-08,000014,74.41,2323461
2022-11-09,000014,73.32,1155823
2022-11-10,000014,73.71,4875945
2022-11-11,000014,74.15,8944578
2022-11-14,000014,72.15,7513067
2022-11-15,000014,73.93,6866152
2022-11-16,000014,75.17,9703028
2022-11-17,000014,72.91,1134676
2022-11-18,000014,71.16,3058046
2022-11-21,000014,70.23,2061676
2022-11-22,000014,69.15,6528291
2022-11-23,000014,69.64,2315251
2022-11-24,000014,69.13,1695585
2022-11-25,000014,71.1,1746274
2022-11-28,000014,69.21,4367638
2022-11-29,000014,67.95,9535938
2022-11-30,000014,67.56,2748423
2022-12-01,000014,67.37,2086616
2022-12-02,000014,67.34,2616942
2022-12-05,000014,66.42,9087686
2022-12-06,000014,67.71,3776362
2022-12-07,000014,66.67,5374276
2022-12-08,000014,66.03,2895071
2022-12-09,000014,66.22,3206704
2022-12-12,000014,66.13,5973560
2022-12-13,000014,66.07,6002797
2022-12-14,000014,64.13,1744929
2022-12-15,000014,62.35,1480989
2022-12-16,000014,63.38,4480624
2022-12-19,000014,63.39,8800548
2022-12-20,000014,64.98,1282910
2022-12-21,000014,63.82,7265083
2022-12-22,000014,63.31,3699142
2022-12-23,000014,62.11,6432921
2022-12-26,000014,62.47,8634048
2022-12-27,000014,60.7,9239898
2022-12-28,000014,59.79,6688776
2022-12-29,000014,60.18,9276709
2022-12-30,000014,60.28,3711146
2023-01-02,000014,58.63,7628986
2023-01-03,000014,59.3,8027695
2023-01-04,000014,57.79,7525324
2023-01-05,000014,56.52,9569321
2023-01-06,000014,55.39,5461459
2023-01-09,000014,56.33,4515433
2023-01-10,000014,54.85,9223593
2023-01-11,000014,53.91,3237077
2023-01-12,000014,53.42,3885441
2023-01-13,000014,52.53,8810450
2023-01-16,000014,53.49,9058724
2023-01-17,000014,53.68,4873271
2023-01-18,000014,53.71,9072975
2023-01-19,000014,54.44,7474814
2023-01-20,000014,54.61,3574255
2023-01-23,000014,53.83,8783793
2023-01-24,000014,53.6,7572435
2023-01-25,000014,53.73,9262206
2023-01-26,000014,53.53,7789656
2023-01-27,000014,51.95,8315018
2023-01-30,000014,53.47,2247952
2023-01-31,000014,54.13,3979947
2023-02-01,000014,52.98,6941256
2023-02-02,000014,53.64,7584670
2023-02-03,000014,52.59,3177956
2023-02-06,000014,53.78,2121692
2023-02-07,000014,52.91,2427555
2023-02-08,000014,54.47,9539131
2023-02-09,000014,54.0,6745279
2023-02-10,000014,54.79,8865262
2023-02-13,000014,56.32,2396857
2023-02-14,000014,55.25,4932298
2023-02-15,000014,55.23,5792663
2023-02-16,000014,56.63,7562157
2023-02-17,000014,56.98,9040693
2023-02-20,000014,55.69,8729149
2023-02-21,000014,54.34,4724046
2023-02-22,000014,54.0,5200858
2023-02-23,000014,53.99,6301467
2023-02-24,000014,53.21,9958004
2023-02-27,000014,53.78,4250571
2023-02-28,000014,52.77,4231060
2023-03-01,000014,53.86,9793533
2023-03-02,000014,54.62,6196059
2023-03-03,000014,53.78,6901344
2023-03-06,000014,53.24,6829173
2023-03-07,000014,52.82,4240283
2023-03-08,000014,52.48,8316874
2023-03-09,000014,53.12,6665152
2023-03-10,000014,53.17,4179546
2023-03-13,000014,53.65,1467945
2023-03-14,000014,52.73,7082090
2023-03-15,000014,51.25,9503186
2023-03-16,000014,50.61,9443657
2023-03-17,000014,49.74,8607298
2023-03-20,000014,51.03,1205973
2023-03-21,000014,50.51,2512830
2023-03-22,000014,49.24,6367230
2023-03-23,000014,49.56,7466276
2023-03-24,000014,49.18,1685969
2023-03-27,000014,48.28,4763670
2023-03-28,000014,48.84,1841943
2023-03-29,000014,47.61,6563478
2023-03-30,000014,48.52,8593281
2023-03-31,000014,47.38,3243594
2023-04-03,000014,46.79,6719732
2023-04-04,000014,47.45,1553825
2023-04-05,000014,47.23,2442639
2023-04-06,000014,48.29,3025322
2023-04-07,000014,47.99,1298990
2023-04-10,000014,47.9,7618966
2023-04-11,000014,48.72,5630872
2023-04-12,000014,49.65,9630445
2023-04-13,000014,49.87,8456834
2023-04-14,000014,48.6,9416909
2023-04-17,000014,48.35,1684212
2023-04-18,000014,47.4,7917092
2023-04-19,000014,46.28,9951323
2023-04-20,000014,45.21,9441755
2023-04-21,000014,46.54,7402844
2023-04-24,000014,47.73,7347372
2023-04-25,000014,46.52,5329973
2023-04-26,000014,47.27,7791502
2023-04-27,000014,46.8,8064885
2023-04-28,000014,46.27,2814026
2023-05-01,000014,46.78,8614369
2023-05-02,000014,47.11,4777077
2023-05-03,000014,48.01,8594938
2023-05-04,000014,47.26,4004575
2023-05-05,000014,47.05,1670960
2023-05-08,000014,46.93,4764487
2023-05-09,000014,45.81,7292364
2023-05-10,000014,46.39,2780457
2023-05-11,000014,47.52,8801827
2023-05-12,000014,48.4,4213853
2023-05-15,000014,49.23,1720088
2023-05-16,000014,49.95,6983473
2023-05-17,000014,49.56,7580821
2023-05-18,000014,50.14,4967816
2023-05-19,000014,51.31,4236391
2023-05-22,000014,50.95,2878949
2023-05-23,000014,49.5,8832091
2023-05-24,000014,50.94,5257789
2023-05-25,000014,50.07,1576868
2023-05-26,000014,49.39,9070615
2023-05-29,000014,47.99,6132302
2023-05-30,000014,47.42,1409617
2023-05-31,000014,46.36,9083728
2023-06-01,000014,45.04,4442310
2023-06-02,000014,44.1,9976697
2023-06-05,000014,44.61,7828964
2023-06-06,000014,44.44,9137069
2023-06-07,000014,43.2,1211183
2023-06-08,000014,42.39,7147247
2023-06-09,000014,42.53,5079688
2023-06-12,000014,43.38,1561611
2023-06-13,000014,44.49,7837173
2023-06-14,000014,45.42,3866185
2023-06-15,000014,45.73,2940463
2023-06-16,000014,46.26,7653475
2023-06-19,000014,47.06,1084143
2023-06-20,000014,48.24,7779114
2023-06-21,000014,47.75,2122491
2023-06-22,000014,48.99,1333705
2023-06-23,000014,47.77,7808015
2023-06-26,000014,49.2,8346963
2023-06-27,000014,49.99,3160657
2023-06-28,000014,50.58,3265403
2023-06-29,000014,49.89,5917040
2023-06-30,000014,49.76,7260997
2023-07-03,000014,49.39,1211426
2023-07-04,000014,50.76,1609313
2023-07-05,000014,51.85,3426199
2023-07-06,000014,52.17,2170093
2023-07-07,000014,53.24,1885656
2023-07-10,000014,52.62,2716605
2023-07-11,000014,51.25,1657150
2023-07-12,000014,49.87,4391782
2023-07-13,000014,50.16,9315132
2023-07-14,000014,48.7,6289139
2023-07-17,000014,49.0,9796867
2023-07-18,000014,49.84,7577293
2023-07-19,000014,51.18,7186788
2023-07-20,000014,51.28,4739466
2023-07-21,000014,52.5,3829954
2023-07-24,000014,53.07,1460291
2023-07-25,000014,52.49,4949144
2023-07-26,000014,52.64,9254977
2023-07-27,000014,53.28,7594418
2023-07-28,000014,53.41,3283399
2023-07-31,000014,52.54,8599069
2023-08-01,000014,52.06,7010696
2023-08-02,000014,52.46,3101312
2023-08-03,000014,51.72,4451283
2023-08-04,000014,51.41,7099516
2023-08-07,000014,52.32,9008665
2023-08-08,000014,51.78,5739288
2023-08-09,000014,53.02,8083115
2023-08-10,000014,52.67,2958586
2023-08-11,000014,51.57,9578093
2023-08-14,000014,50.3,7402485
2023-08-15,000014,49.14,9116317
2023-08-16,000014,49.91,4884977
2023-08-17,000014,50.61,4726680
2023-08-18,000014,50.36,6620414
2023-08-21,000014,49.46,7864600
2023-08-22,000014,50.24,2193479
2023-08-23,000014,48.91,3080325
2023-08-24,000014,48.17,3610262
2023-08-25,000014,46.89,3974755
2023-08-28,000014,45.71,3055095
2023-08-29,000014,47.05,8307284
2023-08-30,000014,48.4,8575198
2023-08-31,000014,48.0,3222050
2023-09-01,000014,48.74,7513380
2023-09-04,000014,48.37,8909566
2023-09-05,000014,49.11,6677637
2023-09-06,000014,49.5,3752868
2023-09-07,000014,49.57,8393955
2023-09-08,000014,49.42,3467660
2023-09-11,000014,48.99,3889894
2023-09-12,000014,47.73,6834507
2023-09-13,000014,47.04,4079886
2023-09-14,000014,47.53,7222378
2023-09-15,000014,48.14,2799023
2023-09-18,000014,46.89,1218675
2023-09-19,000014,45.57,2801236
2023-09-20,000014,46.41,9598373
2023-09-21,000014,47.73,5587171
2023-09-22,000014,47.45,6569783
2023-09-25,000014,46.73,2148839
2023-09-26,000014,47.94,6246107
2023-09-27,000014,48.88,9104301
2023-09-28,000014,50.04,3692518
2023-09-29,000014,49.9,7887990
2023-10-02,000014,51.09,9345364
2023-10-03,000014,50.29,6556182
2023-10-04,000014,50.28,4112512
2023-10-05,000014,49.54,4370307
2023-10-06,000014,50.89,4553782
2023-10-09,000014,51.47,1004940
2023-10-10,000014,50.83,9113048
2023-10-11,000014,49.78,5556704
2023-10-12,000014,50.77,2628303
2023-10-13,000014,50.76,4518036
2023-10-16,000014,51.63,5588498
2023-10-17,000014,52.31,4547445
2023-10-18,000014,53.32,1017227
2023-10-19,000014,53.12,5384232
2023-10-20,000014,53.34,2068570
2023-10-23,000014,51.88,6376018
2023-10-24,000014,53.08,7049596
2023-10-25,000014,52.64,2612437
2023-10-26,000014,52.82,2532927
2023-10-27,000014,53.94,5233345
2023-10-30,000014,55.25,7964167
2023-10-31,000014,54.77,4991564
2023-11-01,000014,54.1,2463189
2023-11-02,000014,54.85,9561210
2023-11-03,000014,55.01,4800129
2023-11-06,000014,54.93,3074314
2023-11-07,000014,53.44,3161010
2023-11-08,000014,54.7,3391025
2023-11-09,000014,54.85,7925490
2023-11-10,000014,54.82,8123238
2023-11-13,000014,54.87,4614571
2023-11-14,000014,54.22,7275830
2023-11-15,000014,54.12,9094289
2023-11-16,000014,52.7,8598346
2023-11-17,000014,52.23,2054943
2023-11-20,000014,51.6,1858848
2023-11-21,000014,50.74,6712336
2023-11-22,000014,49.96,9976295
2023-11-23,000014,51.12,4651641
2023-11-24,000014,51.1,7228373
2023-11-27,000014,50.84,3422946
2023-11-28,000014,50.96,8806581
2023-11-29,000014,49.76,8219610
2023-11-30,000014,48.88,1317343
2023-12-01,000014,49.54,6988848
2022-01-03,000015,49.9,2050060
2022-01-04,000015,51.09,8827625
2022-01-05,000015,51.38,1892186
2022-01-06,000015,50.57,6541701
2022-01-07,000015,50.44,4287332
2022-01-10,000015,51.5,2563652
2022-01-11,000015,51.15,3112824
2022-01-12,000015,50.95,1346729
2022-01-13,000015,50.71,7389434
2022-01-14,000015,49.4,1253711
2022-01-17,000015,49.34,7634934
2022-01-18,000015,50.59,2570138
2022-01-19,000015,49.49,7176967
2022-01-20,000015,49.61,8737171
2022-01-21,000015,48.52,8912001
2022-01-24,000015,47.42,5781765
2022-01-25,000015,48.52,7621673
2022-01-26,000015,49.74,2621863
2022-01-27,000015,50.11,7491800
2022-01-28,000015,48.78,8981243
2022-01-31,000015,49.69,6831304
2022-02-01,000015,49.88,2089222
2022-02-02,000015,49.86,7281386
2022-02-03,000015,50.31,1911823
2022-02-04,000015,50.55,8359189
2022-02-07,000015,49.03,5691140
2022-02-08,000015,49.91,3001973
2022-02-09,000015,48.54,1120211
2022-02-10,000015,49.18,5517461
2022-02-11,000015,48.44,3660062
2022-02-14,000015,47.94,3841305
2022-02-15,000015,49.12,3044266
2022-02-16,000015,49.56,7677784
2022-02-17,000015,50.43,2672098
2022-02-18,000015,50.6,3202562
2022-02-21,000015,50.69,1285421
2022-02-22,000015,50.01,4252809
2022-02-23,000015,50.9,5566221
2022-02-24,000015,50.03,6673451
2022-02-25,000015,49.59,5284367
2022-02-28,000015,50.15,7695136
2022-03-01,000015,48.75,9708722
2022-03-02,000015,49.06,4481260
2022-03-03,000015,49.45,7962089
2022-03-04,000015,48.81,1859162
2022-03-07,000015,47.36,6919551
2022-03-08,000015,47.15,9828192
2022-03-09,000015,47.19,4961861
2022-03-10,000015,47.46,2020652
2022-03-11,000015,46.97,6943396
2022-03-14,000015,45.92,9194098
2022-03-15,000015,44.62,3248972
2022-03-16,000015,45.65,2347301
2022-03-17,000015,44.83,4570391
2022-03-18,000015,44.94,5085496
2022-03-21,000015,46.18,1747856
2022-03-22,000015,45.73,7653305
2022-03-23,000015,46.55,1873422
2022-03-24,000015,46.09,3611786
2022-03-25,000015,46.2,3512156
2022-03-28,000015,46.99,8049044
2022-03-29,000015,47.38,6691380
2022-03-30,000015,48.36,8544369
2022-03-31,000015,47.68,7548791
2022-04-01,000015,48.62,7099473
2022-04-04,000015,47.75,7737999
2022-04-05,000015,48.29,5214874
2022-04-06,000015,49.23,2723855
2022-04-07,000015,48.72,3657709
2022-04-08,000015,48.09,1108385
2022-04-11,000015,47.35,7780266
2022-04-12,000015,46.85,5538759
2022-04-13,000015,45.5,6578074
2022-04-14,000015,46.44,4274349
2022-04-15,000015,47.55,7228910
2022-04-18,000015,46.62,3023077
2022-04-19,000015,46.37,5521106
2022-04-20,000015,46.01,6752692
2022-04-21,000015,45.07,8119437
2022-04-22,000015,44.84,7708465
2022-04-25,000015,45.29,9103192
2022-04-26,000015,46.34,5043702
2022-04-27,000015,45.02,5736795
2022-04-28,000015,45.12,5538433
2022-04-29,000015,45.86,1883974
2022-05-02,000015,45.24,8893251
2022-05-03,000015,45.69,4548988
2022-05-04,000015,45.9,6970244
2022-05-05,000015,44.9,7275850
2022-05-06,000015,45.43,6059743
2022-05-09,000015,45.56,1006880
2022-05-10,000015,46.56,6532406
2022-05-11,000015,47.54,6030915
2022-05-12,000015,48.76,9749057
2022-05-13,000015,49.0,5546319
2022-05-16,000015,49.74,9555771
2022-05-17,000015,50.67,9729003
2022-05-18,000015,51.55,4404383
2022-05-19,000015,51.17,3295815
2022-05-20,000015,50.27,9379656
2022-05-23,000015,51.15,8810566
2022-05-24,000015,52.12,5166284
2022-05-25,000015,53.48,2552882
2022-05-26,000015,54.17,9457474
2022-05-27,000015,54.77,7804922
2022-05-30,000015,55.93,5245286
2022-05-31,000015,54.26,3514162
2022-06-01,000015,55.14,9833160
2022-06-02,000015,56.06,5458696
2022-06-03,000015,57.41,7895784
2022-06-06,000015,55.91,6980789
2022-06-07,000015,54.74,5438084
2022-06-08,000015,55.75,8636101
2022-06-09,000015,55.83,4106833
2022-06-10,000015,55.65,4603436
2022-06-13,000015,56.09,7562081
2022-06-14,000015,55.69,9534257
2022-06-15,000015,55.85,9510943
2022-06-16,000015,57.34,9126085
2022-06-17,000015,56.37,4140280
2022-06-20,000015,56.11,3899806
2022-06-21,000015,56.21,8680836
2022-06-22,000015,56.98,6286065
2022-06-23,000015,56.77,9591944
2022-06-24,000015,55.69,5507508
2022-06-27,000015,57.12,5430777
2022-06-28,000015,58.79,9917340
2022-06-29,000015,57.21,1769198
2022-06-30,000015,55.98,5032912
2022-07-01,000015,56.73,3691320
2022-07-04,000015,55.93,8857556
2022-07-05,000015,56.45,2461608
2022-07-06,000015,57.0,6113390
2022-07-07,000015,57.73,6684370
2022-07-08,000015,58.24,2522094
2022-07-11,000015,58.47,5317820
2022-07-12,000015,59.89,6892258
2022-07-13,000015,58.55,8262531
2022-07-14,000015,57.74,6494566
2022-07-15,000015,56.48,1215325
2022-07-18,000015,55.04,5890074
2022-07-19,000015,55.18,3623643
2022-07-20,000015,55.2,6800216
2022-07-21,000015,55.92,1184326
2022-07-22,000015,55.69,9634863
2022-07-25,000015,56.07,4985119
2022-07-26,000015,55.07,3816029
2022-07-27,000015,54.02,7710564
2022-07-28,000015,55.16,2160665
2022-07-29,000015,53.7,7369965
2022-08-01,000015,53.76,6012482
2022-08-02,000015,54.05,1263689
2022-08-03,000015,53.75,4464675
2022-08-04,000015,53.76,6367725
2022-08-05,000015,54.67,2256656
2022-08-08,000015,53.85,8169215
2022-08-09,000015,55.0,4781645
2022-08-10,000015,53.35,8462354
2022-08-11,000015,53.8,7089070
2022-08-12,000015,52.72,8621945
2022-08-15,000015,51.74,3703030
2022-08-16,000015,53.04,1777692
2022-08-17,000015,54.43,9046571
2022-08-18,000015,53.81,3732330
2022-08-19,000015,53.89,9763230
2022-08-22,000015,53.93,9532803
2022-08-23,000015,52.71,6713965
2022-08-24,000015,52.83,5608370
2022-08-25,000015,54.23,2465046
2022-08-26,000015,53.62,2208231
2022-08-29,000015,52.83,6111445
2022-08-30,000015,52.54,9067605
2022-08-31,000015,53.07,2357298
2022-09-01,000015,53.25,1355022
2022-09-02,000015,54.71,9292860
2022-09-05,000015,54.13,5179171
2022-09-06,000015,55.12,1893430
2022-09-07,000015,55.28,8359821
2022-09-08,000015,54.37,8041736
2022-09-09,000015,54.5,7634051
2022-09-12,000015,52.93,9348527
2022-09-13,000015,53.51,5320908
2022-09-14,000015,54.76,5388381
2022-09-15,000015,55.48,8916960
2022-09-16,000015,54.32,2253005
2022-09-19,000015,54.87,9256540
2022-09-20,000015,54.19,1489906
2022-09-21,000015,53.5,9697375
2022-09-22,000015,52.29,2021481
2022-09-23,000015,53.31,5669744
2022-09-26,000015,54.48,4330431
2022-09-27,000015,54.92,4334604
2022-09-28,000015,55.57,3364246
2022-09-29,000015,54.53,8036321
2022-09-30,000015,55.57,8794242
2022-10-03,000015,55.4,6599728
2022-10-04,000015,54.22,9494303
2022-10-05,000015,53.62,9116024
2022-10-06,000015,52.53,4362947
2022-10-07,000015,52.1,2567068
2022-10-10,000015,50.8,4459452
2022-10-11,000015,51.46,1859799
2022-10-12,000015,51.72,2867641
2022-10-13,000015,51.27,5472691
2022-10-14,000015,51.67,8668284
2022-10-17,000015,52.51,3724654
2022-10-18,000015,52.55,6891035
2022-10-19,000015,51.01,7342879
2022-10-20,000015,50.03,8395109
2022-10-21,000015,51.16,7710671
2022-10-24,000015,52.24,5711365
2022-10-25,000015,53.12,2518209
2022-10-26,000015,51.97,1176518
2022-10-27,000015,52.38,5432034
2022-10-28,000015,51.07,8877199
2022-10-31,000015,49.87,9470470
2022-11-01,000015,49.67,4372059
2022-11-02,000015,49.61,1365099
2022-11-03,000015,49.83,4837998
2022-11-04,000015,49.91,3207568
2022-11-07,000015,48.51,6023628
2022-11-08,000015,47.27,1890506
2022-11-09,000015,48.46,3845763
2022-11-10,000015,48.41,6464060
2022-11-11,000015,47.93,9731930
2022-11-14,000015,48.09,8527992
2022-11-15,000015,47.88,7126504
2022-11-16,000015,47.63,3398664
2022-11-17,000015,47.61,3574481
2022-11-18,000015,46.56,9175717
2022-11-21,000015,47.45,9410757
2022-11-22,000015,48.42,3079650
2022-11-23,000015,48.01,8021334
2022-11-24,000015,47.76,4180944
2022-11-25,000015,47.21,6747347
2022-11-28,000015,46.7,9947869
2022-11-29,000015,46.51,3468629
2022-11-30,000015,46.69,7148416
2022-12-01,000015,46.15,8450441
2022-12-02,000015,44.91,7706556
2022-12-05,000015,45.88,9769519
2022-12-06,000015,46.29,5500544
2022-12-07,000015,46.11,8417801
2022-12-08,000015,45.24,2422898
2022-12-09,000015,45.76,8592556
2022-12-12,000015,46.78,9323539
2022-12-13,000015,46.47,8612998
2022-12-14,000015,47.54,9338755
2022-12-15,000015,46.45,8289931
2022-12-16,000015,46.0,6113053
2022-12-19,000015,45.37,9411856
2022-12-20,000015,44.46,6500671
2022-12-21,000015,44.53,4295607
2022-12-22,000015,44.18,6310851
2022-12-23,000015,44.67,6617593
2022-12-26,000015,43.68,2569395
2022-12-27,000015,43.07,6107384
2022-12-28,000015,43.41,3103557
2022-12-29,000015,42.59,1460587
2022-12-30,000015,42.74,1205789
2023-01-02,000015,43.36,3865555
2023-01-03,000015,43.11,2120423
2023-01-04,000015,42.5,9978927
2023-01-05,000015,42.09,5925525
2023-01-06,000015,41.48,8822674
2023-01-09,000015,40.29,5365661
2023-01-10,000015,40.5,7752106
2023-01-11,000015,40.22,2515581
2023-01-12,000015,40.34,5985117
2023-01-13,000015,41.44,9524821
2023-01-16,000015,41.81,5817816
2023-01-17,000015,41.07,7203613
2023-01-18,000015,40.4,2036869
2023-01-19,000015,40.85,1805038
2023-01-20,000015,40.49,3539823
2023-01-23,000015,39.86,3292194
2023-01-24,000015,40.42,7501003
2023-01-25,000015,40.71,5162415
2023-01-26,000015,39.9,2838202
2023-01-27,000015,39.86,3763326
2023-01-30,000015,38.88,9713653
2023-01-31,000015,40.03,5141581
2023-02-01,000015,40.87,1297795
2023-02-02,000015,41.32,9689019
2023-02-03,000015,42.26,8852510
2023-02-06,000015,42.16,1935567
2023-02-07,000015,42.7,8774464
2023-02-08,000015,42.96,8110672
2023-02-09,000015,42.96,4996476
2023-02-10,000015,43.96,2493678
2023-02-13,000015,43.76,5213354
2023-02-14,000015,43.43,8753537
2023-02-15,000015,43.77,9385376
2023-02-16,000015,43.67,3880199
2023-02-17,000015,43.33,7901363
2023-02-20,000015,43.95,6493657
2023-02-21,000015,44.65,8501457
2023-02-22,000015,43.45,2273254
2023-02-23,000015,43.8,9028018
2023-02-24,000015,44.36,8400150
2023-02-27,000015,45.54,4258804
2023-02-28,000015,45.62,6320852
2023-03-01,000015,45.71,4495710
2023-03-02,000015,45.44,6461295
2023-03-03,000015,44.98,7360932
2023-03-06,000015,44.17,8244137
2023-03-07,000015,44.02,6746549
2023-03-08,000015,45.01,3048284
2023-03-09,000015,46.04,6119163
2023-03-10,000015,46.98,5118146
2023-03-13,000015,47.06,1213586
2023-03-14,000015,46.92,5282219
2023-03-15,000015,47.75,9547436
2023-03-16,000015,46.47,4278165
2023-03-17,000015,46.2,1746108
2023-03-20,000015,45.07,2512396
2023-03-21,000015,45.02,4075528
2023-03-22,000015,44.46,9169840
2023-03-23,000015,43.86,7604492
2023-03-24,000015,44.21,7907020
2023-03-27,000015,43.22,6292701
2023-03-28,000015,42.46,5598331
2023-03-29,000015,43.12,8193782
2023-03-30,000015,44.02,7077458
2023-03-31,000015,44.81,3719472
2023-04-03,000015,44.41,5427673
2023-04-04,000015,44.03,3479741
2023-04-05,000015,43.69,2136923
2023-04-06,000015,43.47,6740016
2023-04-07,000015,42.29,6804721
2023-04-10,000015,41.47,4537946
2023-04-11,000015,41.77,9783362
2023-04-12,000015,40.88,9010596
2023-04-13,000015,39.99,6002918
2023-04-14,000015,39.4,1928573
2023-04-17,000015,38.72,7864820
2023-04-18,000015,38.09,7143618
2023-04-19,000015,37.15,2807836
2023-04-20,000015,36.5,2160894
2023-04-21,000015,36.05,4505858
2023-04-24,000015,36.02,8223596
2023-04-25,000015,37.0,4917200
2023-04-26,000015,36.26,7154216
2023-04-27,000015,36.53,2341562
2023-04-28,000015,36.83,7999377
2023-05-01,000015,36.53,7044131
2023-05-02,000015,37.54,8952532
2023-05-03,000015,36.55,2228260
2023-05-04,000015,37.56,9078002
2023-05-05,000015,36.63,9198720
2023-05-08,000015,36.45,5045045
2023-05-09,000015,36.48,5234072
2023-05-10,000015,37.02,2832592
2023-05-11,000015,37.48,1959384
2023-05-12,000015,37.63,4152641
2023-05-15,000015,37.92,8499470
2023-05-16,000015,37.8,5979817
2023-05-17,000015,37.9,1362708
2023-05-18,000015,38.32,6709493
2023-05-19,000015,38.79,1556177
2023-05-22,000015,38.21,9541014
2023-05-23,000015,37.35,5187652
2023-05-24,000015,37.26,6369975
2023-05-25,000015,37.23,4214619
2023-05-26,000015,36.69,3270777
2023-05-29,000015,36.7,4589471
2023-05-30,000015,36.79,2243046
2023-05-31,000015,37.74,1866320
2023-06-01,000015,38.12,4460365
2023-06-02,000015,37.31,8241259
2023-06-05,000015,37.96,9479961
2023-06-06,000015,38.4,1785496
2023-06-07,000015,37.36,4213276
2023-06-08,000015,38.16,5899062
2023-06-09,000015,37.8,9921182
2023-06-12,000015,37.51,3408254
2023-06-13,000015,38.2,4910979
2023-06-14,000015,38.91,8350110
2023-06-15,000015,39.37,6816393
2023-06-16,000015,40.27,7511737
2023-06-19,000015,40.56,3923108
2023-06-20,000015,39.87,8936186
2023-06-21,000015,40.78,7366579
2023-06-22,000015,40.52,4625981
2023-06-23,000015,41.3,1709325
2023-06-26,000015,40.63,4373243
2023-06-27,000015,40.37,8855229
2023-06-28,000015,41.49,3479175
2023-06-29,000015,40.58,5224607
2023-06-30,000015,40.12,1801328
2023-07-03,000015,40.96,4646175
2023-07-04,000015,39.83,3679554
2023-07-05,000015,40.27,9559585
2023-07-06,000015,39.46,5708789
2023-07-07,000015,40.15,9978947
2023-07-10,000015,39.53,8582846
2023-07-11,000015,40.28,6116516
2023-07-12,000015,39.71,7145399
2023-07-13,000015,39.17,5047544
2023-07-14,000015,38.73,8236749
2023-07-17,000015,39.76,9766216
2023-07-18,000015,39.94,1513779
2023-07-19,000015,40.89,4553791
2023-07-20,000015,40.25,2579866
2023-07-21,000015,40.99,8043255
2023-07-24,000015,41.43,1513242
2023-07-25,000015,42.13,7022657
2023-07-26,000015,43.32,8363994
2023-07-27,000015,42.47,7311623
2023-07-28,000015,42.89,4888346
2023-07-31,000015,42.33,2846102
2023-08-01,000015,41.08,8882059
2023-08-02,000015,41.89,4523627
2023-08-03,000015,41.41,9157916
2023-08-04,000015,40.42,6261582
2023-08-07,000015,40.92,8006570
2023-08-08,000015,41.75,7721646
2023-08-09,000015,41.12,3863410
2023-08-10,000015,40.0,3904328
2023-08-11,000015,40.04,9510160
2023-08-14,000015,40.38,3391804
2023-08-15,000015,40.22,3619677
2023-08-16,000015,40.1,7669198
2023-08-17,000015,39.6,6029359
2023-08-18,000015,40.36,9184201
2023-08-21,000015,40.07,1270561
2023-08-22,000015,39.4,5758890
2023-08-23,000015,39.66,3482965
2023-08-24,000015,38.92,4298788
2023-08-25,000015,38.26,4597397
2023-08-28,000015,38.33,7838364
2023-08-29,000015,38.86,8135502
2023-08-30,000015,38.58,5757647
2023-08-31,000015,38.42,9061494
2023-09-01,000015,38.18,6680576
2023-09-04,000015,37.66,5802553
2023-09-05,000015,38.78,6495040
2023-09-06,000015,38.51,9976374
2023-09-07,000015,37.89,7234809
2023-09-08,000015,38.04,2064614
2023-09-11,000015,38.55,8986422
2023-09-12,000015,39.25,1274254
2023-09-13,000015,39.26,2933156
2023-09-14,000015,38.52,5901485
2023-09-15,000015,37.95,5514995
2023-09-18,000015,37.11,3156220
2023-09-19,000015,36.24,5215886
2023-09-20,000015,35.17,5324100
2023-09-21,000015,34.46,1676240
2023-09-22,000015,33.51,3943309
2023-09-25,000015,34.33,5763963
2023-09-26,000015,33.99,2835081
2023-09-27,000015,34.44,7539171
2023-09-28,000015,33.43,6307032
2023-09-29,000015,33.79,6675545
2023-10-02,000015,33.11,6981054
2023-10-03,000015,33.63,9361898
2023-10-04,000015,34.29,5629479
2023-10-05,000015,33.3,8287184
2023-10-06,000015,33.12,7197699
2023-10-09,000015,33.35,6549329
2023-10-10,000015,33.34,8352122
2023-10-11,000015,33.95,7954715
2023-10-12,000015,33.51,3510857
2023-10-13,000015,32.54,5733019
2023-10-16,000015,32.65,5751687
2023-10-17,000015,32.88,8137920
2023-10-18,000015,33.13,6896702
2023-10-19,000015,32.32,1534544
2023-10-20,000015,31.6,5285646
2023-10-23,000015,32.31,1840962
2023-10-24,000015,31.51,3565637
2023-10-25,000015,30.91,9092281
2023-10-26,000015,30.05,1448894
2023-10-27,000015,29.49,2425708
2023-10-30,000015,29.75,1264285
2023-10-31,000015,29.12,5074870
2023-11-01,000015,28.93,9322475
2023-11-02,000015,28.78,2424178
2023-11-03,000015,28.51,6032646
2023-11-06,000015,27.78,8086284
2023-11-07,000015,28.0,2641940
2023-11-08,000015,27.97,6857029
2023-11-09,000015,27.37,8034120
2023-11-10,000015,28.06,7703038
2023-11-13,000015,28.78,8927005
2023-11-14,000015,28.63,1819821
2023-11-15,000015,28.28,3258593
2023-11-16,000015,29.02,8855104
2023-11-17,000015,29.22,5961195
2023-11-20,000015,29.91,3133942
2023-11-21,000015,30.54,9270472
2023-11-22,000015,31.43,8187266
2023-11-23,000015,32.11,2490541
2023-11-24,000015,31.67,1731169
2023-11-27,000015,31.29,8370419
2023-11-28,000015,30.8,9235152
2023-11-29,000015,31.18,5048428
2023-11-30,000015,31.49,9175717
2023-12-01,000015,30.6,9122767
2022-01-03,000016,50.15,3633041
2022-01-04,000016,50.82,8305888
2022-01-05,000016,51.2,8482117
2022-01-06,000016,50.62,8834357
2022-01-07,000016,49.68,5464051
2022-01-10,000016,49.14,7947846
2022-01-11,000016,47.86,4681053
2022-01-12,000016,48.85,5705742
2022-01-13,000016,48.84,7237844
2022-01-14,000016,47.88,5640084
2022-01-17,000016,47.33,3993168
2022-01-18,000016,46.0,9112865
2022-01-19,000016,44.91,4217135
2022-01-20,000016,45.08,8737787
2022-01-21,000016,45.16,6552836
2022-01-24,000016,45.1,1158461
2022-01-25,000016,46.35,8083050
2022-01-26,000016,47.09,9795543
2022-01-27,000016,46.85,2430585
2022-01-28,000016,48.01,5424361
2022-01-31,000016,48.39,6972416
2022-02-01,000016,48.47,6211272
2022-02-02,000016,48.16,6861389
2022-02-03,000016,49.46,3795450
2022-02-04,000016,48.34,3873949
2022-02-07,000016,49.73,9151124
2022-02-08,000016,49.24,8495640
2022-02-09,000016,48.74,9620498
2022-02-10,000016,49.02,1488049
2022-02-11,000016,48.28,7232033
2022-02-14,000016,47.61,8458015
2022-02-15,000016,46.8,9339461
2022-02-16,000016,47.82,6772835
2022-02-17,000016,49.19,2947489
2022-02-18,000016,47.96,2363815
2022-02-21,000016,48.09,3365185
2022-02-22,000016,46.72,9075039
2022-02-23,000016,46.16,3917844
2022-02-24,000016,44.92,2868500
2022-02-25,000016,43.81,4184952
2022-02-28,000016,44.67,3576700
2022-03-01,000016,44.64,8668184
2022-03-02,000016,45.87,6941588
2022-03-03,000016,45.91,6432119
2022-03-04,000016,45.2,5415104
2022-03-07,000016,45.5,1282355
2022-03-08,000016,46.76,7842643
2022-03-09,000016,46.23,9171075
2022-03-10,000016,45.09,6953683
2022-03-11,000016,44.22,7271957
2022-03-14,000016,45.17,5606331
2022-03-15,000016,43.81,4550464
2022-03-16,000016,43.46,1534633
2022-03-17,000016,43.41,3807314
2022-03-18,000016,42.16,3610400
2022-03-21,000016,41.92,1209856
2022-03-22,000016,42.36,7822316
2022-03-23,000016,41.37,2177852
2022-03-24,000016,41.8,2812993
2022-03-25,000016,42.73,4664728
2022-03-28,000016,42.17,1097405
2022-03-29,000016,42.26,9304621
2022-03-30,000016,41.26,4470326
2022-03-31,000016,40.2,9726226
2022-04-01,000016,39.56,8908185
2022-04-04,000016,39.72,7445843
2022-04-05,000016,39.01,8896819
2022-04-06,000016,39.08,1425951
2022-04-07,000016,39.01,2143631
2022-04-08,000016,40.15,9690117
2022-04-11,000016,39.67,1358406
2022-04-12,000016,40.19,4670911
2022-04-13,000016,41.07,6719384
2022-04-14,000016,42.1,3170324
2022-04-15,000016,41.28,2991949
2022-04-18,000016,42.22,8282234
2022-04-19,000016,40.99,8215313
2022-04-20,000016,41.91,7685204
2022-04-21,000016,41.46,5462925
2022-04-22,000016,41.95,8057030
2022-04-25,000016,42.58,9937352
2022-04-26,000016,43.56,5450236
2022-04-27,000016,44.42,9440115
2022-04-28,000016,44.47,1031269
2022-04-29,000016,45.54,5598775
2022-05-02,000016,45.51,6333294
2022-05-03,000016,46.72,4789460
2022-05-04,000016,46.86,3154347
2022-05-05,000016,45.46,6234739
2022-05-06,000016,44.78,9715908
2022-05-09,000016,45.88,1281505
2022-05-10,000016,46.02,8943409
2022-05-11,000016,47.08,3650148
2022-05-12,000016,46.89,4767772
2022-05-13,000016,47.37,7110274
2022-05-16,000016,48.48,5983771
2022-05-17,000016,47.08,1248235
2022-05-18,000016,45.74,2882857
2022-05-19,000016,46.91,4472214
2022-05-20,000016,46.38,7730175
2022-05-23,000016,45.62,4416305
2022-05-24,000016,45.16,5056033
2022-05-25,000016,45.52,6114502
2022-05-26,000016,46.01,8491584
2022-05-27,000016,45.09,9858633
2022-05-30,000016,44.38,6883506
2022-05-31,000016,45.04,1209716
2022-06-01,000016,44.0,4843348
2022-06-02,000016,42.69,3770616
2022-06-03,000016,41.96,5161297
2022-06-06,000016,41.95,8902432
2022-06-07,000016,43.11,8695970
2022-06-08,000016,43.49,7233533
2022-06-09,000016,44.72,5048726
2022-06-10,000016,45.53,1245642
2022-06-13,000016,45.51,7492975
2022-06-14,000016,46.8,6784227
2022-06-15,000016,47.86,7905574
2022-06-16,000016,47.0,8082105
2022-06-17,000016,45.8,3434093
2022-06-20,000016,45.65,1130361
2022-06-21,000016,46.52,3465153
2022-06-22,000016,45.23,1771536
2022-06-23,000016,44.42,5145387
2022-06-24,000016,43.59,1347712
2022-06-27,000016,42.46,3699311
2022-06-28,000016,42.82,3951730
2022-06-29,000016,43.66,9277035
2022-06-30,000016,44.22,7711343
2022-07-01,000016,43.48,5104043
2022-07-04,000016,42.44,6349703
2022-07-05,000016,42.09,5783847
2022-07-06,000016,41.77,2944273
2022-07-07,000016,41.75,3673142
2022-07-08,000016,40.74,7622381
2022-07-11,000016,41.29,7895661
2022-07-12,000016,40.9,4282810
2022-07-13,000016,40.96,3159694
2022-07-14,000016,41.88,3939277
2022-07-15,000016,40.82,3189949
2022-07-18,000016,40.58,1637164
2022-07-19,000016,40.24,5908775
2022-07-20,000016,40.0,2761665
2022-07-21,000016,39.17,7803114
2022-07-22,000016,40.34,4179374
2022-07-25,000016,40.49,6793301
2022-07-26,000016,39.67,5674523
2022-07-27,000016,40.35,4655230
2022-07-28,000016,39.36,4002631
2022-07-29,000016,38.4,2728109
2022-08-01,000016,38.25,3272103
2022-08-02,000016,39.01,3086741
2022-08-03,000016,38.74,9165232
2022-08-04,000016,39.89,6894078
2022-08-05,000016,39.5,2932298
2022-08-08,000016,40.66,3983620
2022-08-09,000016,39.81,1530511
2022-08-10,000016,40.12,7259387
2022-08-11,000016,39.45,4558817
2022-08-12,000016,39.32,3910333
2022-08-15,000016,39.39,6806226
2022-08-16,000016,40.35,7929546
2022-08-17,000016,41.44,7688831
2022-08-18,000016,42.24,3438426
2022-08-19,000016,42.34,3297527
2022-08-22,000016,43.5,4601831
2022-08-23,000016,43.52,7468577
2022-08-24,000016,44.76,3341476
2022-08-25,000016,43.62,3728361
2022-08-26,000016,42.85,7985593
2022-08-29,000016,42.09,2208264
2022-08-30,000016,43.2,2881353
2022-08-31,000016,42.9,7093919
2022-09-01,000016,42.53,5297868
2022-09-02,000016,43.55,5943032
2022-09-05,000016,43.27,7462617
2022-09-06,000016,43.68,7720164
2022-09-07,000016,44.71,5034257
2022-09-08,000016,45.68,8835380
2022-09-09,000016,46.22,8549851
2022-09-12,000016,44.9,5602025
2022-09-13,000016,43.69,8542812
2022-09-14,000016,43.56,9823335
2022-09-15,000016,43.29,1626259
2022-09-16,000016,43.86,7487426
2022-09-19,000016,44.19,5710032
2022-09-20,000016,43.92,6715520
2022-09-21,000016,42.9,4567921
2022-09-22,000016,43.35,9907429
2022-09-23,000016,44.35,5940793
2022-09-26,000016,45.01,9897066
2022-09-27,000016,46.03,7059947
2022-09-28,000016,45.21,7042659
2022-09-29,000016,46.21,1830405
2022-09-30,000016,45.66,7964122
2022-10-03,000016,44.62,9423434
2022-10-04,000016,43.84,9335367
2022-10-05,000016,42.93,4522140
2022-10-06,000016,43.3,7818543
2022-10-07,000016,43.7,2462863
2022-10-10,000016,44.46,9057917
2022-10-11,000016,43.23,8019820
2022-10-12,000016,42.61,4056406
2022-10-13,000016,43.51,1889562
2022-10-14,000016,43.89,1665263
2022-10-17,000016,42.9,6510124
2022-10-18,000016,43.68,9021313
2022-10-19,000016,43.86,6164988
2022-10-20,000016,42.94,1697027
2022-10-21,000016,42.81,2815054
2022-10-24,000016,44.02,8749858
2022-10-25,000016,44.51,3942585
2022-10-26,000016,43.42,7458225
2022-10-27,000016,43.58,2314163
2022-10-28,000016,43.71,2602770
2022-10-31,000016,43.04,5664921
2022-11-01,000016,44.08,3278370
2022-11-02,000016,44.85,7659341
2022-11-03,000016,44.59,9408757
2022-11-04,000016,44.92,2940047
2022-11-07,000016,44.01,2043354
2022-11-08,000016,44.98,3344798
2022-11-09,000016,43.63,9822324
2022-11-10,000016,43.83,1502260
2022-11-11,000016,43.5,2837539
2022-11-14,000016,43.29,6531109
2022-11-15,000016,42.84,8503278
2022-11-16,000016,42.87,1478405
2022-11-17,000016,43.35,1798731
2022-11-18,000016,42.69,9153706
2022-11-21,000016,42.37,6339592
2022-11-22,000016,41.18,8471433
2022-11-23,000016,41.71,6191133
2022-11-24,000016,42.31,8837603
2022-11-25,000016,42.78,2815191
2022-11-28,000016,42.03,8444124
2022-11-29,000016,42.01,7354100
2022-11-30,000016,41.42,7395777
2022-12-01,000016,40.71,1441000
2022-12-02,000016,41.33,5416152
2022-12-05,000016,41.51,2004931
2022-12-06,000016,40.98,8480247
2022-12-07,000016,40.53,7348128
2022-12-08,000016,39.39,3302666
2022-12-09,000016,39.35,1385079
2022-12-12,000016,38.69,3917368
2022-12-13,000016,39.38,2022257
2022-12-14,000016,39.62,2154418
2022-12-15,000016,40.66,5715607
2022-12-16,000016,41.1,3259263
2022-12-19,000016,40.14,3449794
2022-12-20,000016,39.33,1879107
2022-12-21,000016,38.34,2868622
2022-12-22,000016,38.04,9073146
2022-12-23,000016,37.53,5618923
2022-12-26,000016,37.57,9241357
2022-12-27,000016,38.04,4432012
2022-12-28,000016,37.82,8130223
2022-12-29,000016,37.95,2648750
2022-12-30,000016,37.77,7602801
2023-01-02,000016,37.12,4788719
2023-01-03,000016,36.22,9842126
2023-01-04,000016,35.24,1262373
2023-01-05,000016,35.79,8672190
2023-01-06,000016,35.44,4014387
2023-01-09,000016,36.47,8382118
2023-01-10,000016,35.48,3549065
2023-01-11,000016,34.44,7673798
2023-01-12,000016,33.48,6062948
2023-01-13,000016,34.27,5809911
2023-01-16,000016,34.04,1153935
2023-01-17,000016,34.62,5397749
2023-01-18,000016,34.27,9772842
2023-01-19,000016,35.06,4474699
2023-01-20,000016,34.44,6958929
2023-01-23,000016,34.75,8083528
2023-01-24,000016,34.63,9126747
2023-01-25,000016,35.46,9591725
2023-01-26,000016,34.82,5841873
2023-01-27,000016,35.59,6858032
2023-01-30,000016,36.38,2167499
2023-01-31,000016,37.01,8603128
2023-02-01,000016,37.8,1992025
2023-02-02,000016,37.07,7361946
2023-02-03,000016,36.39,7307968
2023-02-06,000016,36.64,9294345
2023-02-07,000016,36.88,4003918
2023-02-08,000016,35.87,3540779
2023-02-09,000016,35.32,8675820
2023-02-10,000016,35.41,4838741
2023-02-13,000016,35.84,7534402
2023-02-14,000016,36.23,2991724
2023-02-15,000016,36.3,6400511
2023-02-16,000016,36.13,5386005
2023-02-17,000016,36.8,9627288
2023-02-20,000016,37.89,7994848
2023-02-21,000016,37.67,7138894
2023-02-22,000016,37.32,6407130
2023-02-23,000016,36.23,7679276
2023-02-24,000016,37.27,8533260
2023-02-27,000016,36.72,9495900
2023-02-28,000016,36.32,8258969
2023-03-01,000016,35.31,4086452
2023-03-02,000016,36.04,8166114
2023-03-03,000016,36.35,1880594
2023-03-06,000016,35.54,8894947
2023-03-07,000016,35.65,6678184
2023-03-08,000016,35.58,9963553
2023-03-09,000016,36.12,3072534
2023-03-10,000016,36.23,2431164
2023-03-13,000016,36.99,9273808
2023-03-14,000016,37.67,9789014
2023-03-15,000016,37.36,5028251
2023-03-16,000016,36.31,1697114
2023-03-17,000016,35.67,3341461
2023-03-20,000016,34.82,3686104
2023-03-21,000016,35.35,3985786
2023-03-22,000016,35.38,1971522
2023-03-23,000016,35.62,1442792
2023-03-24,000016,34.83,6298910
2023-03-27,000016,35.36,7855059
2023-03-28,000016,34.8,4541695
2023-03-29,000016,35.19,3316449
2023-03-30,000016,35.15,9565111
2023-03-31,000016,34.73,2577250
2023-04-03,000016,33.83,3898376
2023-04-04,000016,34.32,5649756
2023-04-05,000016,34.42,2982120
2023-04-06,000016,34.89,2454867
2023-04-07,000016,35.75,2492194
2023-04-10,000016,36.52,8622816
2023-04-11,000016,35.96,5892080
2023-04-12,000016,35.01,9469508
2023-04-13,000016,35.61,5879090
2023-04-14,000016,36.5,6247426
2023-04-17,000016,35.6,1360008
2023-04-18,000016,35.1,6414100
2023-04-19,000016,34.55,6703986
2023-04-20,000016,34.41,7849830
2023-04-21,000016,35.34,9718393
2023-04-24,000016,35.94,8988108
2023-04-25,000016,34.96,5254101
2023-04-26,000016,34.64,2292409
2023-04-27,000016,35.08,4235545
2023-04-28,000016,36.05,9495052
2023-05-01,000016,35.29,1268001
2023-05-02,000016,35.48,2402032
2023-05-03,000016,34.48,5665319
2023-05-04,000016,35.32,9457762
2023-05-05,000016,35.98,5431644
2023-05-08,000016,35.79,2038321
2023-05-09,000016,35.89,6606080
2023-05-10,000016,35.91,4646912
2023-05-11,000016,35.87,2512454
2023-05-12,000016,35.49,5405542
2023-05-15,000016,34.53,3973539
2023-05-16,000016,33.88,4514803
2023-05-17,000016,34.63,1109214
2023-05-18,000016,35.1,6099215
2023-05-19,000016,36.08,2139445
2023-05-22,000016,35.94,7860255
2023-05-23,000016,36.79,8408036
2023-05-24,000016,37.08,4606141
2023-05-25,000016,36.92,3527010
2023-05-26,000016,36.07,3599282
2023-05-29,000016,35.26,7683101
2023-05-30,000016,35.15,7865039
2023-05-31,000016,35.02,8451842
2023-06-01,000016,34.48,2282822
2023-06-02,000016,34.07,8187053
2023-06-05,000016,34.36,5038396
2023-06-06,000016,34.06,1989470
2023-06-07,000016,34.99,6440262
2023-06-08,000016,34.27,5482674
2023-06-09,000016,33.83,3161747
2023-06-12,000016,32.9,2473062
2023-06-13,000016,32.88,9601804
2023-06-14,000016,32.21,8222920
2023-06-15,000016,32.33,2818151
2023-06-16,000016,33.29,6968491
2023-06-19,000016,34.29,5019943
2023-06-20,000016,33.94,5731033
2023-06-21,000016,34.31,1605229
2023-06-22,000016,33.93,4712286
2023-06-23,000016,33.47,5508752
2023-06-26,000016,34.12,1886636
2023-06-27,000016,33.56,7083191
2023-06-28,000016,33.02,1437783
2023-06-29,000016,32.73,1092998
2023-06-30,000016,33.65,8870354
2023-07-03,000016,34.16,2021112
2023-07-04,000016,34.42,2630237
2023-07-05,000016,34.24,9858070
2023-07-06,000016,34.68,3484270
2023-07-07,000016,33.75,7046898
2023-07-10,000016,33.63,9650184
2023-07-11,000016,33.83,7257873
2023-07-12,000016,34.31,3572572
2023-07-13,000016,34.91,9200466
2023-07-14,000016,34.63,4451629
2023-07-17,000016,34.14,3681579
2023-07-18,000016,34.1,1783000
2023-07-19,000016,34.84,6182563
2023-07-20,000016,33.98,4315916
2023-07-21,000016,33.36,3401554
2023-07-24,000016,33.17,6359208
2023-07-25,000016,32.3,2571784
2023-07-26,000016,32.91,6660981
2023-07-27,000016,32.24,1803944
2023-07-28,000016,31.31,5672138
2023-07-31,000016,31.39,5776170
2023-08-01,000016,30.88,3737113
2023-08-02,000016,31.07,6579499
2023-08-03,000016,31.7,7207492
2023-08-04,000016,32.63,1497273
2023-08-07,000016,32.35,3215141
2023-08-08,000016,32.1,6861480
2023-08-09,000016,32.94,7652463
2023-08-10,000016,32.08,3471619
2023-08-11,000016,31.25,5194062
2023-08-14,000016,30.53,7419625
2023-08-15,000016,30.22,4322707
2023-08-16,000016,30.69,3318382
2023-08-17,000016,30.58,1005906
2023-08-18,000016,29.94,4103032
2023-08-21,000016,29.39,9105284
2023-08-22,000016,29.36,4354189
2023-08-23,000016,28.65,4064846
2023-08-24,000016,28.25,8474635
2023-08-25,000016,28.24,9400045
2023-08-28,000016,28.2,9579829
2023-08-29,000016,28.52,3746605
2023-08-30,000016,29.04,8366231
2023-08-31,000016,29.06,5995661
2023-09-01,000016,29.13,3792581
2023-09-04,000016,29.18,2679906
2023-09-05,000016,30.03,8156641
2023-09-06,000016,29.46,2046021
2023-09-07,000016,29.68,3329947
2023-09-08,000016,30.14,9751447
2023-09-11,000016,29.47,5507396
2023-09-12,000016,29.34,4468435
2023-09-13,000016,29.83,6694669
2023-09-14,000016,29.61,1334863
2023-09-15,000016,29.08,6732024
2023-09-18,000016,28.92,1592396
2023-09-19,000016,28.26,3351595
2023-09-20,000016,29.0,4729176
2023-09-21,000016,29.09,2895783
2023-09-22,000016,28.97,4860637
2023-09-25,000016,28.21,2059900
2023-09-26,000016,28.0,1948652
2023-09-27,000016,27.97,8721484
2023-09-28,000016,28.32,7442868
2023-09-29,000016,28.36,1973928
2023-10-02,000016,28.17,3154594
2023-10-03,000016,28.75,6599357
2023-10-04,000016,28.65,7591721
2023-10-05,000016,29.02,7775107
2023-10-06,000016,28.69,8918025
2023-10-09,000016,29.24,5456507
2023-10-10,000016,29.36,4943181
2023-10-11,000016,29.91,1169553
2023-10-12,000016,29.13,1723732
2023-10-13,000016,28.3,8619538
2023-10-16,000016,27.61,7237951
2023-10-17,000016,26.93,3011857
2023-10-18,000016,26.25,2055670
2023-10-19,000016,25.72,4885261
2023-10-20,000016,25.06,6580176
2023-10-23,000016,24.84,9664653
2023-10-24,000016,25.25,8040314
2023-10-25,000016,24.83,2200323
2023-10-26,000016,24.27,3911076
2023-10-27,000016,24.57,5630921
2023-10-30,000016,24.36,9629181
2023-10-31,000016,24.61,7327008
2023-11-01,000016,25.25,5258418
2023-11-02,000016,25.33,6632272
2023-11-03,000016,25.19,7749356
2023-11-06,000016,24.59,5711045
2023-11-07,000016,24.78,1201320
2023-11-08,000016,24.55,7526167
2023-11-09,000016,24.65,6534840
2023-11-10,000016,24.17,3631102
2023-11-13,000016,23.5,1578827
2023-11-14,000016,22.94,6730744
2023-11-15,000016,22.32,4044852
2023-11-16,000016,22.33,3569159
2023-11-17,000016,22.89,6496744
2023-11-20,000016,23.33,2758516
2023-11-21,000016,23.3,6645177
2023-11-22,000016,23.01,9384611
2023-11-23,000016,23.01,2189799
2023-11-24,000016,22.71,3890206
2023-11-27,000016,23.11,9464008
2023-11-28,000016,23.31,7171673
2023-11-29,000016,23.82,4048920
2023-11-30,000016,24.06,5293927
2023-12-01,000016,24.4,2683233
2022-01-03,000017,51.43,1187289
2022-01-04,000017,51.87,8086809
2022-01-05,000017,51.74,9200529
2022-01-06,000017,52.87,1049885
2022-01-07,000017,52.45,9706453
2022-01-10,000017,52.66,6214609
2022-01-11,000017,52.14,4228798
2022-01-12,000017,51.71,7655554
2022-01-13,000017,51.56,8149591
2022-01-14,000017,51.5,8322090
2022-01-17,000017,52.33,1297373
2022-01-18,000017,53.3,1168254
2022-01-19,000017,51.85,7433257
2022-01-20,000017,52.28,2186788
2022-01-21,000017,51.07,7643059
2022-01-24,000017,50.09,9355840
2022-01-25,000017,51.54,5278954
2022-01-26,000017,51.54,1620157
2022-01-27,000017,51.61,7329015
2022-01-28,000017,51.55,4314926
2022-01-31,000017,51.26,8736786
2022-02-01,000017,52.39,6865806
2022-02-02,000017,53.02,2819746
2022-02-03,000017,52.8,3583305
2022-02-04,000017,51.94,3963866
2022-02-07,000017,51.78,1003453
2022-02-08,000017,50.63,5312327
2022-02-09,000017,51.6,8208369
2022-02-10,000017,52.82,4629799
2022-02-11,000017,51.52,2397801
2022-02-14,000017,50.45,6507410
2022-02-15,000017,51.61,6599353
2022-02-16,000017,51.69,5036224
2022-02-17,000017,51.25,3783944
2022-02-18,000017,52.39,1703011
2022-02-21,000017,53.07,8654675
2022-02-22,000017,53.52,8536648
2022-02-23,000017,54.53,3087655
2022-02-24,000017,55.8,8675432
2022-02-25,000017,55.9,6139535
2022-02-28,000017,55.98,8895266
2022-03-01,000017,57.37,5649549
2022-03-02,000017,58.51,2064135
2022-03-03,000017,58.33,8939767
2022-03-04,000017,56.83,4039839
2022-03-07,000017,56.18,7593941
2022-03-08,000017,55.55,4603833
2022-03-09,000017,55.59,4242571
2022-03-10,000017,54.43,1419137
2022-03-11,000017,52.87,8451792
2022-03-14,000017,53.71,2198035
2022-03-15,000017,52.22,4503723
2022-03-16,000017,52.79,8638089
2022-03-17,000017,52.55,3724298
2022-03-18,000017,52.14,4801752
2022-03-21,000017,53.23,1829568
2022-03-22,000017,54.48,2930791
2022-03-23,000017,54.2,6289430
2022-03-24,000017,53.07,8869888
2022-03-25,000017,52.78,5970830
2022-03-28,000017,53.35,9812850
2022-03-29,000017,51.97,9060618
2022-03-30,000017,50.72,8693117
2022-03-31,000017,51.92,7127130
2022-04-01,000017,52.87,7660007
2022-04-04,000017,51.49,1307431
2022-04-05,000017,51.97,4493908
2022-04-06,000017,51.06,6983178
2022-04-07,000017,50.81,8365067
2022-04-08,000017,50.11,1758485
2022-04-11,000017,48.94,6854017
2022-04-12,000017,48.68,1206821
2022-04-13,000017,47.9,7311522
2022-04-14,000017,47.18,4275631
2022-04-15,000017,46.85,1981623
2022-04-18,000017,47.88,4253550
2022-04-19,000017,48.67,9047952
2022-04-20,000017,48.9,8301699
2022-04-21,000017,48.15,3389797
2022-04-22,000017,47.92,2973335
2022-04-25,000017,48.59,8825761
2022-04-26,000017,49.24,4745706
2022-04-27,000017,49.88,3133348
2022-04-28,000017,48.64,7746333
2022-04-29,000017,48.26,3570777
2022-05-02,000017,47.1,7458504
2022-05-03,000017,45.91,7126396
2022-05-04,000017,47.17,9060951
2022-05-05,000017,47.59,3995627
2022-05-06,000017,48.44,2966344
2022-05-09,000017,48.21,2067931
2022-05-10,000017,48.86,8227569
2022-05-11,000017,47.93,3362750
2022-05-12,000017,48.51,6284619
2022-05-13,000017,48.56,4973761
2022-05-16,000017,50.01,5393577
2022-05-17,000017,51.25,5607538
2022-05-18,000017,50.86,5361824
2022-05-19,000017,49.63,1209299
2022-05-20,000017,50.28,8419061
2022-05-23,000017,49.32,9940720
2022-05-24,000017,49.16,3239177
2022-05-25,000017,49.42,1076256
2022-05-26,000017,50.26,3549255
2022-05-27,000017,51.42,9465569
2022-05-30,000017,51.31,1883742
2022-05-31,000017,52.43,2787458
2022-06-01,000017,50.9,8224024
2022-06-02,000017,50.09,8610679
2022-06-03,000017,48.94,5374852
2022-06-06,000017,49.71,3336936
2022-06-07,000017,50.82,3667306
2022-06-08,000017,52.05,9067138
2022-06-09,000017,51.65,8830517
2022-06-10,000017,50.14,4558198
2022-06-13,000017,49.39,8832909
2022-06-14,000017,48.79,7987007
2022-06-15,000017,48.57,9125182
2022-06-16,000017,47.82,5806181
2022-06-17,000017,47.72,9812648
2022-06-20,000017,46.29,3016844
2022-06-21,000017,47.45,6209539
2022-06-22,000017,46.89,4335088
2022-06-23,000017,46.54,8457670
2022-06-24,000017,45.91,6843498
2022-06-27,000017,46.11,5320922
2022-06-28,000017,45.65,2251674
2022-06-29,000017,46.57,8253699
2022-06-30,000017,46.54,4033227
2022-07-01,000017,46.5,1453607
2022-07-04,000017,45.61,9409062
2022-07-05,000017,44.27,6389681
2022-07-06,000017,43.71,6001152
2022-07-07,000017,42.97,3480684
2022-07-08,000017,42.89,7644092
2022-07-11,000017,41.76,9098618
2022-07-12,000017,41.75,7771056
2022-07-13,000017,41.15,1400272
2022-07-14,000017,41.3,2046378
2022-07-15,000017,42.45,4916637
2022-07-18,000017,41.65,7478136
2022-07-19,000017,41.4,8050724
2022-07-20,000017,41.58,6103994
2022-07-21,000017,41.6,5527718
2022-07-22,000017,40.73,6283203
2022-07-25,000017,40.14,7038940
2022-07-26,000017,40.67,1106571
2022-07-27,000017,39.84,4846151
2022-07-28,000017,39.94,7149169
2022-07-29,000017,40.62,8247006
2022-08-01,000017,40.15,3382304
2022-08-02,000017,40.91,7726141
2022-08-03,000017,40.41,5551044
2022-08-04,000017,40.12,6701521
2022-08-05,000017,41.15,9331990
2022-08-08,000017,42.09,5300323
2022-08-09,000017,43.34,7715215
2022-08-10,000017,42.06,8950172
2022-08-11,000017,42.67,2290961
2022-08-12,000017,43.0,1434280
2022-08-15,000017,43.04,4847385
2022-08-16,000017,43.27,9331883
2022-08-17,000017,42.58,8862001
2022-08-18,000017,42.33,1128098
2022-08-19,000017,41.07,8103105
2022-08-22,000017,41.19,7880954
2022-08-23,000017,41.57,1366060
2022-08-24,000017,42.28,4124110
2022-08-25,000017,41.08,9059568
2022-08-26,000017,40.44,5056194
2022-08-29,000017,39.95,3266505
2022-08-30,000017,40.94,4944681
2022-08-31,000017,39.91,7180007
2022-09-01,000017,40.86,2987736
2022-09-02,000017,41.06,2641482
2022-09-05,000017,41.02,4169435
2022-09-06,000017,42.07,2983755
2022-09-07,000017,41.94,5142783
2022-09-08,000017,41.61,9836116
2022-09-09,000017,42.48,6767645
2022-09-12,000017,42.41,5079782
2022-09-13,000017,41.81,5681592
2022-09-14,000017,42.87,9749155
2022-09-15,000017,42.61,8815460
2022-09-16,000017,43.62,4115557
2022-09-19,000017,44.46,1290044
2022-09-20,000017,45.32,8578393
2022-09-21,000017,44.3,2938247
2022-09-22,000017,43.46,9041343
2022-09-23,000017,42.17,6502619
2022-09-26,000017,41.18,5849856
2022-09-27,000017,41.02,5889995
2022-09-28,000017,39.97,4216537
2022-09-29,000017,39.72,9990979
2022-09-30,000017,38.89,5073612
2022-10-03,000017,39.69,4188024
2022-10-04,000017,40.46,2902253
2022-10-05,000017,41.5,4083674
2022-10-06,000017,40.47,1177089
2022-10-07,000017,41.0,8905752
2022-10-10,000017,42.09,3328338
2022-10-11,000017,42.72,2977001
2022-10-12,000017,42.35,5542785
2022-10-13,000017,41.6,3634885
2022-10-14,000017,41.64,1391220
2022-10-17,000017,41.0,4373011
2022-10-18,000017,40.55,4770280
2022-10-19,000017,40.89,3147915
2022-10-20,000017,41.94,5383251
2022-10-21,000017,41.22,8948641
2022-10-24,000017,40.48,2798136
2022-10-25,000017,40.96,7605257
2022-10-26,000017,40.21,8420206
2022-10-27,000017,40.0,7186227
2022-10-28,000017,39.53,1464386
2022-10-31,000017,38.43,8888628
2022-11-01,000017,39.26,7221957
2022-11-02,000017,38.49,6673423
2022-11-03,000017,37.99,3702486
2022-11-04,000017,37.98,4140950
2022-11-07,000017,37.73,9478359
2022-11-08,000017,38.35,6030742
2022-11-09,000017,39.15,1155491
2022-11-10,000017,39.16,9172660
2022-11-11,000017,38.81,7522389
2022-11-14,000017,37.8,3397317
2022-11-15,000017,37.96,7169349
2022-11-16,000017,38.6,7591843
2022-11-17,000017,38.49,1565761
2022-11-18,000017,38.19,4602135
2022-11-21,000017,37.3,8629849
2022-11-22,000017,37.45,8825332
2022-11-23,000017,38.57,8801697
2022-11-24,000017,37.6,3778554
2022-11-25,000017,36.7,3406074
2022-11-28,000017,37.58,4779646
2022-11-29,000017,38.27,2425504
2022-11-30,000017,37.32,2901726
2022-12-01,000017,37.4,8868361
2022-12-02,000017,37.12,9709524
2022-12-05,000017,38.22,3643813
2022-12-06,000017,37.17,4178973
2022-12-07,000017,37.01,4214484
2022-12-08,000017,37.45,3132085
2022-12-09,000017,38.3,4547947
2022-12-12,000017,39.18,8192682
2022-12-13,000017,39.52,9163016
2022-12-14,000017,38.77,3603565
2022-12-15,000017,39.78,4157114
2022-12-16,000017,39.87,2148844
2022-12-19,000017,40.86,7965987
2022-12-20,000017,41.07,5753289
2022-12-21,000017,39.86,4706388
2022-12-22,000017,41.0,2331492
2022-12-23,000017,40.32,1932599
2022-12-26,000017,41.24,8876325
2022-12-27,000017,40.27,2639931
2022-12-28,000017,40.86,6836481
2022-12-29,000017,40.74,2403191
2022-12-30,000017,41.31,6848318
2023-01-02,000017,42.22,5101776
2023-01-03,000017,43.48,8780803
2023-01-04,000017,42.24,8605683
2023-01-05,000017,41.94,1996303
2023-01-06,000017,42.95,8460038
2023-01-09,000017,43.81,5052242
2023-01-10,000017,42.53,8429736
2023-01-11,000017,42.1,5556904
2023-01-12,000017,41.75,5647090
2023-01-13,000017,41.56,1101219
2023-01-16,000017,41.33,2577422
2023-01-17,000017,40.6,7272948
2023-01-18,000017,40.47,2240496
2023-01-19,000017,39.77,1951090
2023-01-20,000017,39.07,2624343
2023-01-23,000017,38.56,6557405
2023-01-24,000017,39.47,4187014
2023-01-25,000017,38.56,8263677
2023-01-26,000017,37.86,2495070
2023-01-27,000017,36.87,9714406
2023-01-30,000017,35.84,8387772
2023-01-31,000017,35.49,4614748
2023-02-01,000017,35.21,6966889
2023-02-02,000017,34.58,3827715
2023-02-03,000017,33.97,8333857
2023-02-06,000017,33.17,3499105
2023-02-07,000017,33.98,9677379
2023-02-08,000017,34.53,9266843
2023-02-09,000017,33.66,7592731
2023-02-10,000017,33.18,1955780
2023-02-13,000017,33.49,7122517
2023-02-14,000017,34.32,1210038
2023-02-15,000017,34.64,8637561
2023-02-16,000017,35.47,8936916
2023-02-17,000017,35.83,6536690
2023-02-20,000017,36.33,6108238
2023-02-21,000017,35.71,4834341
2023-02-22,000017,36.47,7769937
2023-02-23,000017,36.04,8881345
2023-02-24,000017,36.02,7812297
2023-02-27,000017,35.81,7137151
2023-02-28,000017,36.28,2433227
2023-03-01,000017,36.57,3917405
2023-03-02,000017,35.74,6557726
2023-03-03,000017,35.42,1473108
2023-03-06,000017,34.98,3613622
2023-03-07,000017,34.16,1944573
2023-03-08,000017,34.51,4448277
2023-03-09,000017,35.45,6291591
2023-03-10,000017,35.06,6698824
2023-03-13,000017,35.97,6273109
2023-03-14,000017,35.27,8936747
2023-03-15,000017,35.33,9549271
2023-03-16,000017,35.71,5754986
2023-03-17,000017,36.35,9153296
2023-03-20,000017,35.68,5074718
2023-03-21,000017,35.88,5598322
2023-03-22,000017,36.53,8559577
2023-03-23,000017,37.44,1631771
2023-03-24,000017,37.8,7973871
2023-03-27,000017,38.57,8365042
2023-03-28,000017,38.91,4299893
2023-03-29,000017,39.98,9897196
2023-03-30,000017,39.65,7830201
2023-03-31,000017,40.17,4894294
2023-04-03,000017,41.06,3997332
2023-04-04,000017,40.81,9030402
2023-04-05,000017,40.35,3708119
2023-04-06,000017,39.26,4069927
2023-04-07,000017,38.94,1478627
2023-04-10,000017,39.88,5203253
2023-04-11,000017,40.62,4820345
2023-04-12,000017,41.06,9212041
2023-04-13,000017,40.13,8722283
2023-04-14,000017,40.6,2904812
2023-04-17,000017,39.75,3273255
2023-04-18,000017,38.83,3973347
2023-04-19,000017,38.59,8224230
2023-04-20,000017,37.75,8561458
2023-04-21,000017,38.11,6742703
2023-04-24,000017,37.01,8745839
2023-04-25,000017,36.5,6324909
2023-04-26,000017,36.79,2325281
2023-04-27,000017,35.84,1913529
2023-04-28,000017,36.84,6343450
2023-05-01,000017,37.71,5773007
2023-05-02,000017,37.08,1918302
2023-05-03,000017,37.22,7911151
2023-05-04,000017,36.22,7998376
2023-05-05,000017,35.74,9160004
2023-05-08,000017,35.98,4847997
2023-05-09,000017,35.32,2876492
2023-05-10,000017,35.58,2497003
2023-05-11,000017,35.77,5975244
2023-05-12,000017,36.36,5272474
2023-05-15,000017,35.64,9145831
2023-05-16,000017,34.58,1990979
2023-05-17,000017,35.0,5247856
2023-05-18,000017,34.15,3863017
2023-05-19,000017,33.5,1307274
2023-05-22,000017,33.08,1447703
2023-05-23,000017,34.03,9859308
2023-05-24,000017,33.1,3941602
2023-05-25,000017,33.94,5247146
2023-05-26,000017,34.77,1598093
2023-05-29,000017,35.45,2244752
2023-05-30,000017,36.25,1139788
2023-05-31,000017,36.32,5773909
2023-06-01,000017,36.04,9647873
2023-06-02,000017,35.02,6505139
2023-06-05,000017,34.73,2345803
2023-06-06,000017,34.56,7659975
2023-06-07,000017,35.34,9250297
2023-06-08,000017,34.99,9401350
2023-06-09,000017,35.12,5704685
2023-06-12,000017,34.2,6959495
2023-06-13,000017,34.36,4769619
2023-06-14,000017,34.44,2343902
2023-06-15,000017,34.81,1076175
2023-06-16,000017,34.88,7838640
2023-06-19,000017,33.94,1201973
2023-06-20,000017,33.74,7194593
2023-06-21,000017,33.09,4943588
2023-06-22,000017,32.91,1625150
2023-06-23,000017,33.3,2824231
2023-06-26,000017,34.14,2643107
2023-06-27,000017,33.22,2815039
2023-06-28,000017,32.94,5850482
2023-06-29,000017,33.15,4470175
2023-06-30,000017,32.95,8168092
2023-07-03,000017,32.34,1228340
2023-07-04,000017,31.85,6734329
2023-07-05,000017,32.29,3869851
2023-07-06,000017,33.15,6293981
2023-07-07,000017,33.55,1592841
2023-07-10,000017,32.85,1221218
2023-07-11,000017,33.1,6601291
2023-07-12,000017,33.35,2693008
2023-07-13,000017,33.6,6377528
2023-07-14,000017,34.34,7683834
2023-07-17,000017,35.16,9144686
2023-07-18,000017,35.0,6719632
2023-07-19,000017,34.24,9357751
2023-07-20,000017,34.77,1344961
2023-07-21,000017,35.19,9203184
2023-07-24,000017,36.06,5866798
2023-07-25,000017,36.0,7434441
2023-07-26,000017,36.37,2324501
2023-07-27,000017,35.55,3290594
2023-07-28,000017,35.84,5740078
2023-07-31,000017,35.39,5596614
2023-08-01,000017,34.45,2671371
2023-08-02,000017,34.09,6438987
2023-08-03,000017,33.52,5733516
2023-08-04,000017,34.07,2096510
2023-08-07,000017,33.66,1757445
2023-08-08,000017,32.76,7465474
2023-08-09,000017,32.07,5759006
2023-08-10,000017,32.74,3103478
2023-08-11,000017,32.1,5495296
2023-08-14,000017,32.26,3326741
2023-08-15,000017,31.83,2005162
2023-08-16,000017,31.05,4302749
2023-08-17,000017,31.4,9585685
2023-08-18,000017,30.79,2328405
2023-08-21,000017,31.08,8808863
2023-08-22,000017,31.11,3026485
2023-08-23,000017,31.55,6628925
2023-08-24,000017,30.8,9222595
2023-08-25,000017,31.23,4879662
2023-08-28,000017,31.69,6322815
2023-08-29,000017,32.41,9385158
2023-08-30,000017,32.79,4454689
2023-08-31,000017,32.55,6337784
2023-09-01,000017,31.68,9390215
2023-09-04,000017,31.39,6525570
2023-09-05,000017,30.9,2780654
2023-09-06,000017,31.16,8562316
2023-09-07,000017,31.35,3743944
2023-09-08,000017,30.69,3808550
2023-09-11,000017,30.22,7522835
2023-09-12,000017,29.34,1471955
2023-09-13,000017,29.13,9813746
2023-09-14,000017,28.98,9185849
2023-09-15,000017,29.33,9446713
2023-09-18,000017,29.43,8811754
2023-09-19,000017,29.82,2559332
2023-09-20,000017,29.74,4440612
2023-09-21,000017,29.11,9199509
2023-09-22,000017,29.65,1716870
2023-09-25,000017,29.91,6101041
2023-09-26,000017,30.52,5315800
2023-09-27,000017,29.91,5028421
2023-09-28,000017,30.29,9227455
2023-09-29,000017,29.79,2651094
2023-10-02,000017,29.27,1617487
2023-10-03,000017,29.21,1763826
2023-10-04,000017,29.79,5563597
2023-10-05,000017,30.54,2829937
2023-10-06,000017,30.79,8980754
2023-10-09,000017,30.88,7314517
2023-10-10,000017,31.07,1778224
2023-10-11,000017,31.29,5237392
2023-10-12,000017,31.34,1748587
2023-10-13,000017,31.83,1818974
2023-10-16,000017,32.41,1462992
2023-10-17,000017,31.86,7089088
2023-10-18,000017,30.93,4895954
2023-10-19,000017,31.66,3047361
2023-10-20,000017,32.29,3519892
2023-10-23,000017,32.28,5397863
2023-10-24,000017,31.66,4303209
2023-10-25,000017,31.06,6527840
2023-10-26,000017,31.84,9162729
2023-10-27,000017,31.38,5314425
2023-10-30,000017,31.8,3211598
2023-10-31,000017,32.22,3927158
2023-11-01,000017,32.57,3218482
2023-11-02,000017,32.53,4872395
2023-11-03,000017,31.97,2162027
2023-11-06,000017,31.14,2155459
2023-11-07,000017,30.92,4733642
2023-11-08,000017,31.22,6379282
2023-11-09,000017,30.42,7304037
2023-11-10,000017,30.32,9954796
2023-11-13,000017,31.02,1139645
2023-11-14,000017,31.83,9457265
2023-11-15,000017,31.46,5736197
2023-11-16,000017,32.19,5434016
2023-11-17,000017,31.29,5411903
2023-11-20,000017,30.4,7664507
2023-11-21,000017,31.03,3559461
2023-11-22,000017,31.21,9806957
2023-11-23,000017,31.47,2649532
2023-11-24,000017,32.1,9371233
2023-11-27,000017,32.66,1132726
2023-11-28,000017,32.11,6905244
2023-11-29,000017,32.51,4582645
2023-11-30,000017,33.06,6683400
2023-12-01,000017,32.34,8528649
2022-01-03,000018,50.1,8312693
2022-01-04,000018,50.23,2271843
2022-01-05,000018,50.06,6515328
2022-01-06,000018,49.21,3775908
2022-01-07,000018,48.89,9116585
2022-01-10,000018,49.3,5438296
2022-01-11,000018,49.2,8795924
2022-01-12,000018,50.48,7385550
2022-01-13,000018,49.68,4424604
2022-01-14,000018,49.29,6408421
2022-01-17,000018,49.93,1515094
2022-01-18,000018,51.28,5434415
2022-01-19,000018,51.43,7349769
2022-01-20,000018,50.09,5097569
2022-01-21,000018,48.81,3810351
2022-01-24,000018,48.53,7235610
2022-01-25,000018,49.2,8045951
2022-01-26,000018,48.76,5476037
2022-01-27,000018,48.86,9628867
2022-01-28,000018,50.31,8448563
2022-01-31,000018,50.97,9209951
2022-02-01,000018,51.33,1752036
2022-02-02,000018,52.36,6731750
2022-02-03,000018,52.2,8599033
2022-02-04,000018,52.33,8017270
2022-02-07,000018,52.91,1031960
2022-02-08,000018,51.72,4599273
2022-02-09,000018,51.95,7539435
2022-02-10,000018,51.61,2146031
2022-02-11,000018,50.89,4370437
2022-02-14,000018,50.94,5988260
2022-02-15,000018,50.68,9015407
2022-02-16,000018,49.46,8905208
2022-02-17,000018,48.77,9010963
2022-02-18,000018,48.71,8434728
2022-02-21,000018,47.3,7930613
2022-02-22,000018,47.05,5054667
2022-02-23,000018,48.23,3828094
2022-02-24,000018,49.67,6183315
2022-02-25,000018,48.5,3694402
2022-02-28,000018,47.53,3854007
2022-03-01,000018,46.38,2239217
2022-03-02,000018,47.35,6901413
2022-03-03,000018,48.72,7023419
2022-03-04,000018,48.49,5909807
2022-03-07,000018,49.65,6202867
2022-03-08,000018,49.41,7962020
2022-03-09,000018,49.55,2476800
2022-03-10,000018,49.79,4998747
2022-03-11,000018,50.56,3732792
2022-03-14,000018,49.18,1002664
2022-03-15,000018,48.05,1219235
2022-03-16,000018,48.62,8080498
2022-03-17,000018,48.04,4320077
2022-03-18,000018,49.3,9262668
2022-03-21,000018,48.43,1464489
2022-03-22,000018,47.43,9300732
2022-03-23,000018,46.27,3311414
2022-03-24,000018,45.05,5371863
2022-03-25,000018,44.59,5449233
2022-03-28,000018,45.84,7643776
2022-03-29,000018,47.0,8646444
2022-03-30,000018,47.16,6160291
2022-03-31,000018,46.61,8333176
2022-04-01,000018,46.82,2848361
2022-04-04,000018,46.77,6689736
2022-04-05,000018,48.09,7481382
2022-04-06,000018,47.37,1258060
2022-04-07,000018,47.01,3984960
2022-04-08,000018,47.78,7695870
2022-04-11,000018,48.61,3457793
2022-04-12,000018,49.29,4627976
2022-04-13,000018,49.06,9745983
2022-04-14,000018,49.73,4675741
2022-04-15,000018,48.51,6362301
2022-04-18,000018,47.66,7373410
2022-04-19,000018,48.49,7313632
2022-04-20,000018,49.63,3400831
2022-04-21,000018,49.07,7151404
2022-04-22,000018,50.41,4802528
2022-04-25,000018,49.39,7860585
2022-04-26,000018,50.67,8666491
2022-04-27,000018,51.8,6218657
2022-04-28,000018,52.53,3825729
2022-04-29,000018,52.66,6051145
2022-05-02,000018,53.16,2356481
2022-05-03,000018,53.66,2432912
2022-05-04,000018,52.4,2221350
2022-05-05,000018,51.96,6877810
2022-05-06,000018,50.96,8076397
2022-05-09,000018,50.66,1017608
2022-05-10,000018,51.9,2682249
2022-05-11,000018,53.44,3659325
2022-05-12,000018,53.94,4657926
2022-05-13,000018,53.58,8059045
2022-05-16,000018,52.95,1944555
2022-05-17,000018,51.9,7157663
2022-05-18,000018,52.59,2408718
2022-05-19,000018,51.77,5652483
2022-05-20,000018,51.46,7993451
2022-05-23,000018,51.74,3203080
2022-05-24,000018,51.05,8255620
2022-05-25,000018,51.76,1885113
2022-05-26,000018,52.9,7424360
2022-05-27,000018,52.38,1872318
2022-05-30,000018,53.68,7096400
2022-05-31,000018,54.21,8898531
2022-06-01,000018,54.19,4942305
2022-06-02,000018,52.84,6320546
2022-06-03,000018,54.29,1897000
2022-06-06,000018,55.3,7880343
2022-06-07,000018,56.06,8384655
2022-06-08,000018,54.86,1202915
2022-06-09,000018,55.69,4851141
2022-06-10,000018,55.23,8054503
2022-06-13,000018,56.29,7605471
2022-06-14,000018,56.42,1730747
2022-06-15,000018,55.79,5596596
2022-06-16,000018,54.92,1518112
2022-06-17,000018,54.1,8260606
2022-06-20,000018,53.11,9983802
2022-06-21,000018,51.92,3374915
2022-06-22,000018,51.15,1871585
2022-06-23,000018,51.0,4299643
2022-06-24,000018,52.48,4589849
2022-06-27,000018,51.9,7487515
2022-06-28,000018,53.22,2155964
2022-06-29,000018,53.51,4820044
2022-06-30,000018,52.89,4695940
2022-07-01,000018,52.95,8219005
2022-07-04,000018,52.28,7784814
2022-07-05,000018,51.33,9015806
2022-07-06,000018,50.15,2161217
2022-07-07,000018,51.23,5771788
2022-07-08,000018,50.78,8514248
2022-07-11,000018,49.32,7926123
2022-07-12,000018,49.84,5112267
2022-07-13,000018,49.11,1194449
2022-07-14,000018,48.34,4064454
2022-07-15,000018,49.03,6826510
2022-07-18,000018,48.07,5555880
2022-07-19,000018,47.62,7913606
2022-07-20,000018,49.01,8976720
2022-07-21,000018,48.94,1366103
2022-07-22,000018,49.95,1570762
2022-07-25,000018,49.31,6014622
2022-07-26,000018,49.82,3847538
2022-07-27,000018,49.28,1250796
2022-07-28,000018,48.18,9182465
2022-07-29,000018,47.58,7709116
2022-08-01,000018,48.26,2791680
2022-08-02,000018,49.04,5418664
2022-08-03,000018,47.97,7790217
2022-08-04,000018,46.83,7974662
2022-08-05,000018,46.48,5323926
2022-08-08,000018,45.58,2908610
2022-08-09,000018,44.32,2846019
2022-08-10,000018,44.97,4003218
2022-08-11,000018,43.67,3590976
2022-08-12,000018,43.59,2357818
2022-08-15,000018,42.8,3193347
2022-08-16,000018,42.55,6458259
2022-08-17,000018,43.64,3515746
2022-08-18,000018,42.39,7958946
2022-08-19,000018,41.86,9019198
2022-08-22,000018,41.88,1046175
2022-08-23,000018,42.73,9533310
2022-08-24,000018,43.07,5090499
2022-08-25,000018,42.51,9123142
2022-08-26,000018,43.62,5084274
2022-08-29,000018,43.09,9123819
2022-08-30,000018,42.06,1444457
2022-08-31,000018,41.73,3765005
2022-09-01,000018,41.63,5571670
2022-09-02,000018,41.29,5397637
2022-09-05,000018,42.29,6927723
2022-09-06,000018,41.56,9455184
2022-09-07,000018,42.39,4914520
2022-09-08,000018,43.3,9138604
2022-09-09,000018,42.81,1624367
2022-09-12,000018,41.74,1677734
2022-09-13,000018,41.75,1199269
2022-09-14,000018,40.91,4011992
2022-09-15,000018,41.82,9365115
2022-09-16,000018,42.27,4820697
2022-09-19,000018,41.35,5722350
2022-09-20,000018,40.39,4270963
2022-09-21,000018,39.57,2513265
2022-09-22,000018,40.29,8514421
2022-09-23,000018,39.18,8301854
2022-09-26,000018,39.19,1560845
2022-09-27,000018,39.21,7390920
2022-09-28,000018,39.87,2299789
2022-09-29,000018,39.39,2836126
2022-09-30,000018,39.27,6165994
2022-10-03,000018,38.42,3971962
2022-10-04,000018,37.77,9931111
2022-10-05,000018,38.54,7385389
2022-10-06,000018,39.27,4935716
2022-10-07,000018,38.38,1315561
2022-10-10,000018,39.17,4189544
2022-10-11,000018,38.5,5419809
2022-10-12,000018,37.97,8828541
2022-10-13,000018,38.33,6129784
2022-10-14,000018,37.96,7704953
2022-10-17,000018,37.44,9130569
2022-10-18,000018,37.81,1357997
2022-10-19,000018,38.22,9552730
2022-10-20,000018,37.39,1919535
2022-10-21,000018,37.59,8172149
2022-10-24,000018,37.57,9043694
2022-10-25,000018,36.8,8921082
2022-10-26,000018,37.15,2684782
2022-10-27,000018,36.32,9421511
2022-10-28,000018,35.25,8975176
2022-10-31,000018,35.74,2393904
2022-11-01,000018,36.78,7740716
2022-11-02,000018,35.94,8166013
2022-11-03,000018,35.66,4890743
2022-11-04,000018,35.13,8558052
2022-11-07,000018,35.65,9809224
2022-11-08,000018,34.99,1197762
2022-11-09,000018,34.03,9097255
2022-11-10,000018,34.34,7804674
2022-11-11,000018,33.65,7287176
2022-11-14,000018,33.53,5384073
2022-11-15,000018,33.09,1225712
2022-11-16,000018,32.13,3662803
2022-11-17,000018,32.72,7759280
2022-11-18,000018,31.86,7812298
2022-11-21,000018,32.68,3564808
2022-11-22,000018,32.3,3300042
2022-11-23,000018,31.99,7427188
2022-11-24,000018,31.47,9390309
2022-11-25,000018,31.96,6514141
2022-11-28,000018,31.92,1866638
2022-11-29,000018,32.36,9041385
2022-11-30,000018,31.99,7826990
2022-12-01,000018,31.95,8909126
2022-12-02,000018,31.93,4252903
2022-12-05,000018,32.67,4220172
2022-12-06,000018,32.83,7332609
2022-12-07,000018,33.58,4160925
2022-12-08,000018,34.2,3976862
2022-12-09,000018,33.88,3341426
2022-12-12,000018,32.89,4039100
2022-12-13,000018,33.28,6090454
2022-12-14,000018,33.23,8685436
2022-12-15,000018,33.68,3188154
2022-12-16,000018,34.43,4169727
2022-12-19,000018,35.05,2923432
2022-12-20,000018,34.83,4487765
2022-12-21,000018,33.85,4532229
2022-12-22,000018,33.98,2677611
2022-12-23,000018,34.62,6372871
2022-12-26,000018,35.57,2857830
2022-12-27,000018,36.61,3360306
2022-12-28,000018,36.19,4431473
2022-12-29,000018,36.31,4737397
2022-12-30,000018,35.22,4558343
2023-01-02,000018,35.42,4258440
2023-01-03,000018,34.98,5320762
2023-01-04,000018,34.11,5825175
2023-01-05,000018,34.52,6797837
2023-01-06,000018,35.27,2257317
2023-01-09,000018,34.33,1230270
2023-01-10,000018,34.15,3861675
2023-01-11,000018,33.77,3026569
2023-01-12,000018,33.0,1637387
2023-01-13,000018,33.82,4725405
2023-01-16,000018,34.3,6261392
2023-01-17,000018,33.84,3501193
2023-01-18,000018,33.16,6782087
2023-01-19,000018,32.96,3779356
2023-01-20,000018,33.88,4807156
2023-01-23,000018,33.82,3732790
2023-01-24,000018,33.08,8262082
2023-01-25,000018,32.94,3924341
2023-01-26,000018,33.4,8935480
2023-01-27,000018,33.85,3614242
2023-01-30,000018,34.66,5525261
2023-01-31,000018,34.78,7020500
2023-02-01,000018,35.62,3691968
2023-02-02,000018,35.24,9405499
2023-02-03,000018,35.64,5438608
2023-02-06,000018,36.68,5257475
2023-02-07,000018,35.97,7557649
2023-02-08,000018,35.54,5421433
2023-02-09,000018,36.36,5641806
2023-02-10,000018,35.83,7200555
2023-02-13,000018,35.66,4487661
2023-02-14,000018,36.31,5230024
2023-02-15,000018,35.42,5513194
2023-02-16,000018,35.29,8790935
2023-02-17,000018,35.94,5021327
2023-02-20,000018,34.94,9788335
2023-02-21,000018,34.74,1711754
2023-02-22,000018,35.43,2104363
2023-02-23,000018,34.7,8906251
2023-02-24,000018,33.7,8869107
2023-02-27,000018,32.94,6730626
2023-02-28,000018,33.27,7589683
2023-03-01,000018,32.42,4936252
2023-03-02,000018,32.25,2924115
2023-03-03,000018,32.32,3762965
2023-03-06,000018,31.46,6722253
2023-03-07,000018,31.4,2100293
2023-03-08,000018,30.55,1403279
2023-03-09,000018,31.31,5432226
2023-03-10,000018,30.98,5508802
2023-03-13,000018,30.23,1854434
2023-03-14,000018,30.29,7442560
2023-03-15,000018,30.52,5853607
2023-03-16,000018,30.5,8915769
2023-03-17,000018,30.37,3458367
2023-03-20,000018,30.47,2359008
2023-03-21,000018,30.22,5778150
2023-03-22,000018,29.96,1114954
2023-03-23,000018,30.72,3329926
2023-03-24,000018,31.09,7534488
2023-03-27,000018,31.84,5336820
2023-03-28,000018,32.7,2916684
2023-03-29,000018,33.68,2235238
2023-03-30,000018,34.14,2622785
2023-03-31,000018,33.64,7842683
2023-04-03,000018,34.39,5354741
2023-04-04,000018,33.94,3023344
2023-04-05,000018,34.42,1450937
2023-04-06,000018,34.88,4810085
2023-04-07,000018,35.61,6959589
2023-04-10,000018,35.73,2599395
2023-04-11,000018,36.6,6166446
2023-04-12,000018,36.17,6265845
2023-04-13,000018,35.24,7119626
2023-04-14,000018,34.43,7150419
2023-04-17,000018,34.64,6370559
2023-04-18,000018,34.66,2881491
2023-04-19,000018,34.34,1758375
2023-04-20,000018,35.27,4885690
2023-04-21,000018,35.48,2140157
2023-04-24,000018,35.69,2216022
2023-04-25,000018,35.67,5866358
2023-04-26,000018,35.73,6341487
2023-04-27,000018,35.05,8804370
2023-04-28,000018,35.52,9506863
2023-05-01,000018,35.42,1203903
2023-05-02,000018,35.65,2265264
2023-05-03,000018,36.37,2324854
2023-05-04,000018,35.34,6570114
2023-05-05,000018,35.57,5341261
2023-05-08,000018,34.66,5789302
2023-05-09,000018,34.29,7510788
2023-05-10,000018,35.21,2056238
2023-05-11,000018,35.25,3422063
2023-05-12,000018,35.99,9096186
2023-05-15,000018,35.13,2560520
2023-05-16,000018,34.15,2863837
2023-05-17,000018,34.46,9732896
2023-05-18,000018,34.13,4187456
2023-05-19,000018,34.67,5134070
2023-05-22,000018,34.13,1202790
2023-05-23,000018,34.54,3802650
2023-05-24,000018,34.36,7789827
2023-05-25,000018,35.18,3829484
2023-05-26,000018,34.15,5886686
2023-05-29,000018,35.1,3731312
2023-05-30,000018,34.25,4080325
2023-05-31,000018,34.83,8883891
2023-06-01,000018,33.99,2870348
2023-06-02,000018,33.06,9547074
2023-06-05,000018,33.59,9699134
2023-06-06,000018,33.41,3596954
2023-06-07,000018,33.44,8090350
2023-06-08,000018,33.44,3842639
2023-06-09,000018,34.35,3548242
2023-06-12,000018,34.46,3565582
2023-06-13,000018,35.15,3290940
2023-06-14,000018,36.04,4258377
2023-06-15,000018,35.03,9924879
2023-06-16,000018,34.41,3727435
2023-06-19,000018,33.77,1618738
2023-06-20,000018,34.78,2990066
2023-06-21,000018,34.35,7953156
2023-06-22,000018,34.8,4374389
2023-06-23,000018,34.36,8155812
2023-06-26,000018,34.27,7211032
2023-06-27,000018,34.04,5089492
2023-06-28,000018,33.16,7079653
2023-06-29,000018,33.22,4061870
2023-06-30,000018,32.3,2834128
2023-07-03,000018,33.12,4512197
2023-07-04,000018,32.3,5816662
2023-07-05,000018,32.38,8311176
2023-07-06,000018,31.92,4262934
2023-07-07,000018,32.55,8946382
2023-07-10,000018,33.07,3637126
2023-07-11,000018,32.09,4246904
2023-07-12,000018,31.43,8041893
2023-07-13,000018,31.17,5310111
2023-07-14,000018,30.48,1596709
2023-07-17,000018,30.79,7444557
2023-07-18,000018,31.07,9878580
2023-07-19,000018,31.48,1774209
2023-07-20,000018,30.65,8063902
2023-07-21,000018,30.8,9197568
2023-07-24,000018,31.57,7204674
2023-07-25,000018,32.5,1933020
2023-07-26,000018,32.84,5154128
2023-07-27,000018,33.22,8427377
2023-07-28,000018,33.56,1577514
2023-07-31,000018,34.11,5177394
2023-08-01,000018,34.0,8663092
2023-08-02,000018,33.77,3248247
2023-08-03,000018,32.97,3697880
2023-08-04,000018,33.62,5182964
2023-08-07,000018,33.83,6147852
2023-08-08,000018,33.69,8071890
2023-08-09,000018,34.2,1301794
2023-08-10,000018,33.45,3402848
2023-08-11,000018,33.33,3054162
2023-08-14,000018,33.03,8869614
2023-08-15,000018,32.89,2884939
2023-08-16,000018,32.97,3020909
2023-08-17,000018,32.27,5767110
2023-08-18,000018,32.47,8844830
2023-08-21,000018,31.69,4739144
2023-08-22,000018,31.97,3678973
2023-08-23,000018,32.35,3070206
2023-08-24,000018,32.47,1113993
2023-08-25,000018,33.43,7746777
2023-08-28,000018,32.46,9159561
2023-08-29,000018,31.54,4622474
2023-08-30,000018,32.25,4979646
2023-08-31,000018,31.42,5904147
2023-09-01,000018,31.29,5217460
2023-09-04,000018,30.57,6159453
2023-09-05,000018,30.49,6659138
2023-09-06,000018,30.62,6059084
2023-09-07,000018,29.83,9202139
2023-09-08,000018,29.47,3667525
2023-09-11,000018,29.12,6382851
2023-09-12,000018,28.62,2717385
2023-09-13,000018,28.09,2040087
2023-09-14,000018,28.89,2630345
2023-09-15,000018,28.95,6159327
2023-09-18,000018,28.88,4431460
2023-09-19,000018,29.55,4950446
2023-09-20,000018,28.78,7255229
2023-09-21,000018,28.36,4425910
2023-09-22,000018,28.66,5086846
2023-09-25,000018,28.34,8354577
2023-09-26,000018,28.83,7606829
2023-09-27,000018,29.4,6727137
2023-09-28,000018,28.92,5175999
2023-09-29,000018,28.47,7031469
2023-10-02,000018,29.31,4911633
2023-10-03,000018,28.9,6991764
2023-10-04,000018,29.47,5145511
2023-10-05,000018,29.05,9228862
2023-10-06,000018,29.02,9189350
2023-10-09,000018,29.75,2667539
2023-10-10,000018,29.21,8716385
2023-10-11,000018,28.92,9781735
2023-10-12,000018,29.32,4287711
2023-10-13,000018,29.32,7136035
2023-10-16,000018,28.79,3588740
2023-10-17,000018,29.55,2462659
2023-10-18,000018,29.74,2194550
2023-10-19,000018,29.65,8192370
2023-10-20,000018,29.43,2856075
2023-10-23,000018,29.2,1931844
2023-10-24,000018,30.06,4399895
2023-10-25,000018,30.67,7687170
2023-10-26,000018,30.34,8258980
2023-10-27,000018,30.14,4637348
2023-10-30,000018,29.5,4882365
2023-10-31,000018,29.19,6411081
2023-11-01,000018,28.8,4314313
2023-11-02,000018,28.55,9493797
2023-11-03,000018,28.97,3957068
2023-11-06,000018,29.41,1430838
2023-11-07,000018,29.35,4027777
2023-11-08,000018,29.03,3980970
2023-11-09,000018,28.94,4317659
2023-11-10,000018,28.08,4002216
2023-11-13,000018,27.44,4429518
2023-11-14,000018,28.18,6536224
2023-11-15,000018,28.2,7983691
2023-11-16,000018,27.97,5295909
2023-11-17,000018,28.31,6088868
2023-11-20,000018,28.13,3065915
2023-11-21,000018,27.93,5300006
2023-11-22,000018,27.92,6956563
2023-11-23,000018,27.48,2892792
2023-11-24,000018,28.26,5929612
2023-11-27,000018,27.75,5107880
2023-11-28,000018,27.32,7628356
2023-11-29,000018,28.06,3102829
2023-11-30,000018,27.42,2067674
2023-12-01,000018,26.74,6399420
2022-01-03,000019,48.69,1329405
2022-01-04,000019,48.3,7390955
2022-01-05,000019,48.17,3956096
2022-01-06,000019,47.5,5452069
2022-01-07,000019,47.3,2168266
2022-01-10,000019,48.54,9576185
2022-01-11,000019,48.51,7667714
2022-01-12,000019,49.38,4043480
2022-01-13,000019,49.74,3209450
2022-01-14,000019,48.51,4220698
2022-01-17,000019,48.31,7625134
2022-01-18,000019,46.96,3404177
2022-01-19,000019,45.91,1729618
2022-01-20,000019,44.8,2381834
2022-01-21,000019,45.15,1320369
2022-01-24,000019,45.52,6467381
2022-01-25,000019,44.95,1091905
2022-01-26,000019,44.61,2681673
2022-01-27,000019,44.35,5986770
2022-01-28,000019,43.58,4000528
2022-01-31,000019,43.09,8863854
2022-02-01,000019,41.98,2310234
2022-02-02,000019,42.43,7689738
2022-02-03,000019,42.39,1930881
2022-02-04,000019,43.1,7253725
2022-02-07,000019,43.13,3816741
2022-02-08,000019,43.68,8722327
2022-02-09,000019,44.2,2339105
2022-02-10,000019,44.6,3727259
2022-02-11,000019,45.4,4276877
2022-02-14,000019,44.29,6460890
2022-02-15,000019,43.2,7081516
2022-02-16,000019,42.73,7035079
2022-02-17,000019,42.97,7456341
2022-02-18,000019,42.51,3481404
2022-02-21,000019,41.93,8097491
2022-02-22,000019,42.02,3319347
2022-02-23,000019,41.7,6720004
2022-02-24,000019,41.85,1191443
2022-02-25,000019,42.47,1281335
2022-02-28,000019,42.09,4587694
2022-03-01,000019,43.19,9182359
2022-03-02,000019,41.97,6049529
2022-03-03,000019,42.48,8331905
2022-03-04,000019,42.37,2333853
2022-03-07,000019,41.95,4316622
2022-03-08,000019,42.38,6031095
2022-03-09,000019,41.36,3470864
2022-03-10,000019,42.19,6680935
2022-03-11,000019,42.85,7137577
2022-03-14,000019,42.06,1730283
2022-03-15,000019,41.86,7731391
2022-03-16,000019,41.11,2751845
2022-03-17,000019,41.7,5724713
2022-03-18,000019,41.22,6379982
2022-03-21,000019,41.55,2319663
2022-03-22,000019,40.57,2091341
2022-03-23,000019,41.35,1639512
2022-03-24,000019,41.54,8316829
2022-03-25,000019,42.15,8227772
2022-03-28,000019,41.55,6509302
2022-03-29,000019,40.74,9792478
2022-03-30,000019,40.37,3512306
2022-03-31,000019,40.07,5712691
2022-04-01,000019,40.14,2464923
2022-04-04,000019,40.83,2802369
2022-04-05,000019,41.48,9369265
2022-04-06,000019,42.57,3653842
2022-04-07,000019,42.81,8742789
2022-04-08,000019,41.92,3472975
2022-04-11,000019,41.05,8145779
2022-04-12,000019,41.55,5421742
2022-04-13,000019,40.63,3095170
2022-04-14,000019,41.66,6707450
2022-04-15,000019,42.81,9600973
2022-04-18,000019,43.06,4200386
2022-04-19,000019,43.25,7952366
2022-04-20,000019,42.35,5563584
2022-04-21,000019,43.27,1244581
2022-04-22,000019,44.01,7864063
2022-04-25,000019,43.98,6986750
2022-04-26,000019,43.16,9679421
2022-04-27,000019,42.99,7421488
2022-04-28,000019,44.11,7976011
2022-04-29,000019,43.38,5021968
2022-05-02,000019,42.7,6660715
2022-05-03,000019,43.61,5923225
2022-05-04,000019,42.5,4935515
2022-05-05,000019,43.38,2073374
2022-05-06,000019,44.36,9181914
2022-05-09,000019,43.82,3969245
2022-05-10,000019,44.93,3200870
2022-05-11,000019,45.62,1569632
2022-05-12,000019,46.41,7368681
2022-05-13,000019,47.43,6951099
2022-05-16,000019,46.27,2711694
2022-05-17,000019,45.86,2012491
2022-05-18,000019,45.0,4662390
2022-05-19,000019,44.62,2741243
2022-05-20,000019,43.64,8606269
2022-05-23,000019,44.78,8210799
2022-05-24,000019,45.39,3927336
2022-05-25,000019,45.38,4273251
2022-05-26,000019,45.48,7539381
2022-05-27,000019,44.27,6238302
2022-05-30,000019,45.37,7934646
2022-05-31,000019,44.27,7936201
2022-06-01,000019,43.11,7895659
2022-06-02,000019,44.08,4871990
2022-06-03,000019,43.86,8990425
2022-06-06,000019,44.13,4255944
2022-06-07,000019,43.87,5890472
2022-06-08,000019,44.53,9682986
2022-06-09,000019,43.22,6427937
2022-06-10,000019,42.03,2754344
2022-06-13,000019,42.85,1158634
2022-06-14,000019,42.45,1181023
2022-06-15,000019,41.27,2925897
2022-06-16,000019,42.23,3495063
2022-06-17,000019,42.72,8621605
2022-06-20,000019,43.26,2129974
2022-06-21,000019,42.49,4865835
2022-06-22,000019,43.18,2952868
2022-06-23,000019,42.04,1165089
2022-06-24,000019,42.86,5496452
2022-06-27,000019,43.97,2585368
2022-06-28,000019,44.59,2826861
2022-06-29,000019,43.5,3062947
2022-06-30,000019,42.5,9892280
2022-07-01,000019,43.07,4126942
2022-07-04,000019,43.98,1787693
2022-07-05,000019,45.28,4902534
2022-07-06,000019,45.58,8591660
2022-07-07,000019,45.79,9275352
2022-07-08,000019,46.04,6905856
2022-07-11,000019,46.16,4870466
2022-07-12,000019,46.87,7654778
2022-07-13,000019,46.95,1679660
2022-07-14,000019,48.2,1736272
2022-07-15,000019,49.28,4045588
2022-07-18,000019,49.73,5780554
2022-07-19,000019,51.16,2809550
2022-07-20,000019,50.15,7482959
2022-07-21,000019,51.23,3068655
2022-07-22,000019,52.17,2072693
2022-07-25,000019,53.42,6169533
2022-07-26,000019,51.96,4862992
2022-07-27,000019,52.35,8242721
2022-07-28,000019,53.05,9070141
2022-07-29,000019,52.19,9767061
2022-08-01,000019,52.76,3887591
2022-08-02,000019,51.7,8373452
2022-08-03,000019,52.06,9508124
2022-08-04,000019,52.68,6821877
2022-08-05,000019,53.04,7022388
2022-08-08,000019,53.01,7905445
2022-08-09,000019,54.46,9836872
2022-08-10,000019,52.89,4145168
2022-08-11,000019,53.82,9163969
2022-08-12,000019,55.43,3509759
2022-08-15,000019,56.57,6646612
2022-08-16,000019,55.48,7294880
2022-08-17,000019,55.75,3293921
2022-08-18,000019,54.98,8621169
2022-08-19,000019,54.04,7303173
2022-08-22,000019,54.35,2004191
2022-08-23,000019,54.1,9508530
2022-08-24,000019,53.45,6539918
2022-08-25,000019,51.96,8820525
2022-08-26,000019,53.45,9422217
2022-08-29,000019,54.32,8886550
2022-08-30,000019,54.53,5323298
2022-08-31,000019,53.7,3947244
2022-09-01,000019,53.8,5317822
2022-09-02,000019,52.71,6749123
2022-09-05,000019,52.38,3987029
2022-09-06,000019,51.72,2322169
2022-09-07,000019,51.41,6908944
2022-09-08,000019,50.8,3038930
2022-09-09,000019,50.56,6736276
2022-09-12,000019,51.73,1477626
2022-09-13,000019,51.27,5140691
2022-09-14,000019,51.65,6006161
2022-09-15,000019,52.54,6911452
2022-09-16,000019,52.33,5175646
2022-09-19,000019,53.5,4379447
2022-09-20,000019,52.99,1176842
2022-09-21,000019,52.87,2640993
2022-09-22,000019,53.74,3867818
2022-09-23,000019,52.15,2585946
2022-09-26,000019,52.54,9218095
2022-09-27,000019,52.16,3356080
2022-09-28,000019,53.03,9499678
2022-09-29,000019,54.3,5420385
2022-09-30,000019,54.69,3611633
2022-10-03,000019,53.3,2802028
2022-10-04,000019,53.46,8732379
2022-10-05,000019,53.5,9540876
2022-10-06,000019,55.0,3434189
2022-10-07,000019,54.35,7792099
2022-10-10,000019,55.4,9094781
2022-10-11,000019,56.88,3590496
2022-10-12,000019,57.35,5265298
2022-10-13,000019,57.49,9262538
2022-10-14,000019,58.82,1999516
2022-10-17,000019,58.03,6144159
2022-10-18,000019,59.52,5291152
2022-10-19,000019,60.79,7180113
2022-10-20,000019,60.2,2087427
2022-10-21,000019,60.97,3320648
2022-10-24,000019,62.08,9098343
2022-10-25,000019,60.63,6191870
2022-10-26,000019,61.21,6058783
2022-10-27,000019,61.62,7016011
2022-10-28,000019,63.0,4810279
2022-10-31,000019,62.36,3320003
2022-11-01,000019,63.44,3614611
2022-11-02,000019,63.09,5059963
2022-11-03,000019,63.43,9996851
2022-11-04,000019,62.28,7993135
2022-11-07,000019,60.55,3488875
2022-11-08,000019,61.66,7750640
2022-11-09,000019,63.17,1567340
2022-11-10,000019,61.9,6544997
2022-11-11,000019,62.5,9637665
2022-11-14,000019,61.67,6137323
2022-11-15,000019,62.57,7016322
2022-11-16,000019,63.45,2330826
2022-11-17,000019,63.43,9667617
2022-11-18,000019,62.37,8189345
2022-11-21,000019,60.61,1595186
2022-11-22,000019,60.17,7265452
2022-11-23,000019,59.35,5466814
2022-11-24,000019,59.37,6254105
2022-11-25,000019,60.76,9070144
2022-11-28,000019,60.46,4158908
2022-11-29,000019,58.78,5885707
2022-11-30,000019,60.33,1368454
2022-12-01,000019,58.97,9816307
2022-12-02,000019,57.25,8478742
2022-12-05,000019,57.53,6159268
2022-12-06,000019,57.26,5320859
2022-12-07,000019,56.25,2409261
2022-12-08,000019,56.23,7977352
2022-12-09,000019,54.73,8095247
2022-12-12,000019,54.81,1196144
2022-12-13,000019,56.0,1735658
2022-12-14,000019,56.18,7790108
2022-12-15,000019,57.45,9336900
2022-12-16,000019,58.38,4378480
2022-12-19,000019,58.04,3539596
2022-12-20,000019,59.72,5653388
2022-12-21,000019,59.97,1859480
2022-12-22,000019,58.28,9717917
2022-12-23,000019,59.75,7689382
2022-12-26,000019,58.2,5073266
2022-12-27,000019,58.16,8777883
2022-12-28,000019,56.46,9555265
2022-12-29,000019,57.81,2427429
2022-12-30,000019,57.31,3586679
2023-01-02,000019,56.11,2758175
2023-01-03,000019,57.25,9391117
2023-01-04,000019,57.71,6456649
2023-01-05,000019,57.96,6286898
2023-01-06,000019,57.54,3015903
2023-01-09,000019,55.89,3653128
2023-01-10,000019,54.49,4217244
2023-01-11,000019,52.9,1876724
2023-01-12,000019,51.36,6960127
2023-01-13,000019,52.9,2726383
2023-01-16,000019,54.03,9404947
2023-01-17,000019,54.01,3283058
2023-01-18,000019,55.07,2086330
2023-01-19,000019,53.44,8973385
2023-01-20,000019,54.5,8314736
2023-01-23,000019,53.15,6350279
2023-01-24,000019,51.74,8236409
2023-01-25,000019,52.23,1084578
2023-01-26,000019,53.35,6788944
2023-01-27,000019,52.72,7470530
2023-01-30,000019,54.16,6862276
2023-01-31,000019,53.72,1980314
2023-02-01,000019,53.81,5288582
2023-02-02,000019,53.67,7752853
2023-02-03,000019,54.29,6093402
2023-02-06,000019,54.19,8679028
2023-02-07,000019,54.58,8603856
2023-02-08,000019,53.31,5082042
2023-02-09,000019,53.59,7457925
2023-02-10,000019,54.15,9391287
2023-02-13,000019,54.24,9089601
2023-02-14,000019,55.86,8124204
2023-02-15,000019,54.28,4210992
2023-02-16,000019,54.0,4955401
2023-02-17,000019,54.57,7651281
2023-02-20,000019,55.1,5680853
2023-02-21,000019,53.85,1360536
2023-02-22,000019,55.36,3427748
2023-02-23,000019,55.49,1796470
2023-02-24,000019,55.57,9522006
2023-02-27,000019,54.97,7604338
2023-02-28,000019,55.07,2952425
2023-03-01,000019,53.65,3775639
2023-03-02,000019,55.05,7558863
2023-03-03,000019,54.35,7223783
2023-03-06,000019,52.89,3291609
2023-03-07,000019,52.82,5760732
2023-03-08,000019,52.7,7648677
2023-03-09,000019,53.01,7754678
2023-03-10,000019,51.66,2548789
2023-03-13,000019,52.03,8650894
2023-03-14,000019,50.85,4277986
2023-03-15,000019,51.53,6724294
2023-03-16,000019,51.98,6618375
2023-03-17,000019,51.97,2259850
2023-03-20,000019,52.39,5793817
2023-03-21,000019,51.63,9626132
2023-03-22,000019,50.46,2616633
2023-03-23,000019,50.43,3549341
2023-03-24,000019,50.06,4511909
2023-03-27,000019,49.72,4179046
2023-03-28,000019,51.07,9382895
2023-03-29,000019,51.42,1728467
2023-03-30,000019,52.33,2536502
2023-03-31,000019,51.82,5242258
2023-04-03,000019,50.34,9953018
2023-04-04,000019,50.22,6965713
2023-04-05,000019,51.22,8293048
2023-04-06,000019,51.21,7468513
2023-04-07,000019,51.36,4362019
2023-04-10,000019,50.6,9973450
2023-04-11,000019,49.76,5566239
2023-04-12,000019,51.19,9379379
2023-04-13,000019,51.61,6199921
2023-04-14,000019,50.15,7241304
2023-04-17,000019,49.52,6062333
2023-04-18,000019,49.74,6490374
2023-04-19,000019,50.55,7959351
2023-04-20,000019,50.62,5721659
2023-04-21,000019,51.52,4013863
2023-04-24,000019,51.78,6607456
2023-04-25,000019,51.4,9446427
2023-04-26,000019,51.87,4337440
2023-04-27,000019,50.39,8599966
2023-04-28,000019,51.59,7009968
2023-05-01,000019,51.88,5283984
2023-05-02,000019,51.28,5834693
2023-05-03,000019,51.03,8936996
2023-05-04,000019,52.12,7574922
2023-05-05,000019,51.41,9553934
2023-05-08,000019,50.28,4781888
2023-05-09,000019,49.47,8770643
2023-05-10,000019,48.54,7485686
2023-05-11,000019,47.12,7700809
2023-05-12,000019,47.71,9263824
2023-05-15,000019,47.03,8302250
2023-05-16,000019,46.43,4018531
2023-05-17,000019,45.75,4215283
2023-05-18,000019,44.48,6036305
2023-05-19,000019,43.56,3580433
2023-05-22,000019,44.03,9476316
2023-05-23,000019,44.13,3245124
2023-05-24,000019,44.73,3818541
2023-05-25,000019,45.12,5323946
2023-05-26,000019,45.28,2443057
2023-05-29,000019,44.83,2195057
2023-05-30,000019,44.43,5884907
2023-05-31,000019,43.25,1878797
2023-06-01,000019,42.98,4308762
2023-06-02,000019,43.38,1785356
2023-06-05,000019,42.37,3961850
2023-06-06,000019,41.46,9637729
2023-06-07,000019,40.42,3718708
2023-06-08,000019,40.87,9584061
2023-06-09,000019,39.87,3445584
2023-06-12,000019,41.0,9417528
2023-06-13,000019,40.89,1344066
2023-06-14,000019,41.15,5802787
2023-06-15,000019,41.93,1123703
2023-06-16,000019,41.57,2151401
2023-06-19,000019,41.87,4025788
2023-06-20,000019,41.84,3211642
2023-06-21,000019,42.5,9465724
2023-06-22,000019,41.83,3730883
2023-06-23,000019,42.13,6970637
2023-06-26,000019,43.02,9480856
2023-06-27,000019,42.03,7184813
2023-06-28,000019,42.61,3769394
2023-06-29,000019,42.03,4623123
2023-06-30,000019,42.02,7585634
2023-07-03,000019,42.18,8139031
2023-07-04,000019,43.17,5737115
2023-07-05,000019,42.58,9454617
2023-07-06,000019,43.7,4186622
2023-07-07,000019,43.95,7626617
2023-07-10,000019,43.5,6666708
2023-07-11,000019,43.47,9509579
2023-07-12,000019,43.58,2475090
2023-07-13,000019,42.74,2294408
2023-07-14,000019,43.42,1851475
2023-07-17,000019,44.07,5037990
2023-07-18,000019,42.99,9866063
2023-07-19,000019,43.84,7765203
2023-07-20,000019,45.04,6107085
2023-07-21,000019,46.16,6940675
2023-07-24,000019,45.25,3498432
2023-07-25,000019,46.25,4421212
2023-07-26,000019,47.08,8832153
2023-07-27,000019,46.93,1779172
2023-07-28,000019,47.93,5615560
2023-07-31,000019,47.86,4635099
2023-08-01,000019,48.55,1205086
2023-08-02,000019,48.23,5565057
2023-08-03,000019,48.5,2725662
2023-08-04,000019,48.54,8226379
2023-08-07,000019,47.69,6728187
2023-08-08,000019,47.55,3861231
2023-08-09,000019,47.02,7283287
2023-08-10,000019,47.96,3220149
2023-08-11,000019,49.33,5931330
2023-08-14,000019,50.3,6994697
2023-08-15,000019,49.5,9761263
2023-08-16,000019,49.0,6974985
2023-08-17,000019,49.53,7971326
2023-08-18,000019,49.86,2262668
2023-08-21,000019,51.3,5308666
2023-08-22,000019,51.41,7405607
2023-08-23,000019,52.62,1692664
2023-08-24,000019,52.64,8623538
2023-08-25,000019,52.44,9987183
2023-08-28,000019,51.48,2593830
2023-08-29,000019,51.05,5386410
2023-08-30,000019,50.86,8738384
2023-08-31,000019,50.56,7223125
2023-09-01,000019,51.61,6352978
2023-09-04,000019,52.37,5307775
2023-09-05,000019,53.68,7138687
2023-09-06,000019,54.42,2070315
2023-09-07,000019,53.53,3009886
2023-09-08,000019,53.71,3299916
2023-09-11,000019,54.05,6474579
2023-09-12,000019,55.34,4604185
2023-09-13,000019,55.69,4948279
2023-09-14,000019,57.28,7608297
2023-09-15,000019,58.28,7007535
2023-09-18,000019,59.03,5971161
2023-09-19,000019,59.48,8327676
2023-09-20,000019,60.58,6354693
2023-09-21,000019,60.01,4694117
2023-09-22,000019,59.83,9129462
2023-09-25,000019,60.53,3462456
2023-09-26,000019,60.99,3504761
2023-09-27,000019,59.21,7323697
2023-09-28,000019,59.31,1043804
2023-09-29,000019,58.29,1576009
2023-10-02,000019,57.61,2022558
2023-10-03,000019,56.33,8477008
2023-10-04,000019,57.45,5917817
2023-10-05,000019,58.31,3427265
2023-10-06,000019,58.32,1260401
2023-10-09,000019,59.15,4855362
2023-10-10,000019,60.38,1989855
2023-10-11,000019,59.08,3360183
2023-10-12,000019,58.27,5487425
2023-10-13,000019,59.6,3649708
2023-10-16,000019,59.38,8798267
2023-10-17,000019,58.59,6349819
2023-10-18,000019,59.87,3050507
2023-10-19,000019,59.43,7683424
2023-10-20,000019,59.17,1439641
2023-10-23,000019,58.0,8672627
2023-10-24,000019,59.03,4355438
2023-10-25,000019,57.57,2873088
2023-10-26,000019,57.27,1051484
2023-10-27,000019,58.64,1573804
2023-10-30,000019,59.31,4411097
2023-10-31,000019,58.46,7593758
2023-11-01,000019,58.47,5902705
2023-11-02,000019,60.22,3958871
2023-11-03,000019,59.61,6038435
2023-11-06,000019,59.15,3220952
2023-11-07,000019,58.89,9613719
2023-11-08,000019,58.6,1925351
2023-11-09,000019,58.1,7926486
2023-11-10,000019,58.78,8893538
2023-11-13,000019,57.6,2813027
2023-11-14,000019,56.89,4080673
2023-11-15,000019,56.73,9738173
2023-11-16,000019,57.75,9246116
2023-11-17,000019,56.63,2565723
2023-11-20,000019,56.58,6351112
2023-11-21,000019,57.72,7254930
2023-11-22,000019,57.38,2886965
2023-11-23,000019,58.71,7336748
2023-11-24,000019,60.04,2549493
2023-11-27,000019,58.74,1962879
2023-11-28,000019,57.66,2872811
2023-11-29,000019,56.99,7191538
2023-11-30,000019,56.1,1860588
2023-12-01,000019,57.04,3804228
2022-01-03,000020,50.17,2574857
2022-01-04,000020,50.42,5221928
2022-01-05,000020,50.32,1444362
2022-01-06,000020,51.72,4514301
2022-01-07,000020,52.35,7436196
2022-01-10,000020,52.72,1639636
2022-01-11,000020,53.6,9041238
2022-01-12,000020,53.72,2445082
2022-01-13,000020,52.4,8370297
2022-01-14,000020,50.93,6035065
2022-01-17,000020,52.45,9323619
2022-01-18,000020,51.92,1837207
2022-01-19,000020,50.73,4492011
2022-01-20,000020,51.46,4479862
2022-01-21,000020,51.88,2205104
2022-01-24,000020,51.01,2155321
2022-01-25,000020,51.64,8111380
2022-01-26,000020,50.75,4300608
2022-01-27,000020,51.6,5744711
2022-01-28,000020,52.2,9149434
2022-01-31,000020,52.88,8242656
2022-02-01,000020,53.53,5714293
2022-02-02,000020,52.2,4556502
2022-02-03,000020,52.3,7991976
2022-02-04,000020,51.91,3064788
2022-02-07,000020,52.71,4499871
2022-02-08,000020,54.16,2140690
2022-02-09,000020,53.09,1030065
2022-02-10,000020,53.11,9297733
2022-02-11,000020,53.45,7155764
2022-02-14,000020,53.17,4909654
2022-02-15,000020,53.73,8761189
2022-02-16,000020,52.29,9335423
2022-02-17,000020,51.73,3105757
2022-02-18,000020,52.06,8092771
2022-02-21,000020,51.81,1832640
2022-02-22,000020,52.35,5700825
2022-02-23,000020,52.8,5856642
2022-02-24,000020,53.6,8611279
2022-02-25,000020,54.93,2280945
2022-02-28,000020,55.58,8250075
2022-03-01,000020,54.72,1687215
2022-03-02,000020,53.37,5900904
2022-03-03,000020,52.93,3329766
2022-03-04,000020,54.13,5688034
2022-03-07,000020,55.61,4397545
2022-03-08,000020,55.15,3108223
2022-03-09,000020,55.84,2932622
2022-03-10,000020,57.23,5060200
2022-03-11,000020,55.52,4493834
2022-03-14,000020,57.01,5808881
2022-03-15,000020,57.59,6800497
2022-03-16,000020,59.22,7714597
2022-03-17,000020,59.17,2996715
2022-03-18,000020,57.88,9367032
2022-03-21,000020,58.37,2685052
2022-03-22,000020,59.73,3357695
2022-03-23,000020,60.62,2800965
2022-03-24,000020,61.47,7701529
2022-03-25,000020,61.3,4755176
2022-03-28,000020,60.98,5948530
2022-03-29,000020,60.73,4850865
2022-03-30,000020,62.21,1978353
2022-03-31,000020,62.8,4878758
2022-04-01,000020,61.67,5988634
2022-04-04,000020,60.57,8902725
2022-04-05,000020,58.76,2670835
2022-04-06,000020,60.47,6555976
2022-04-07,000020,60.26,4489633
2022-04-08,000020,59.07,6157946
2022-04-11,000020,59.49,4996213
2022-04-12,000020,60.65,5548253
2022-04-13,000020,61.39,7714473
2022-04-14,000020,61.32,9361010
2022-04-15,000020,61.57,1336768
2022-04-18,000020,60.75,7375318
2022-04-19,000020,59.49,2115580
2022-04-20,000020,60.48,2875415
2022-04-21,000020,61.74,9853320
2022-04-22,000020,60.78,2816443
2022-04-25,000020,61.64,6129333
2022-04-26,000020,63.28,3910887
2022-04-27,000020,62.87,3339796
2022-04-28,000020,61.93,7742063
2022-04-29,000020,60.58,8186669
2022-05-02,000020,58.83,5326881
2022-05-03,000020,59.75,6669198
2022-05-04,000020,60.56,7781887
2022-05-05,000020,61.14,1162271
2022-05-06,000020,59.58,7131998
2022-05-09,000020,58.84,7748913
2022-05-10,000020,59.99,2016877
2022-05-11,000020,58.75,7464282
2022-05-12,000020,57.45,9640573
2022-05-13,000020,57.55,4854148
2022-05-16,000020,56.95,8070292
2022-05-17,000020,57.05,9580702
2022-05-18,000020,56.03,2646165
2022-05-19,000020,57.54,3812112
2022-05-20,000020,58.65,4665227
2022-05-23,000020,57.37,6928491
2022-05-24,000020,58.03,4635970
2022-05-25,000020,56.48,5140249
2022-05-26,000020,55.25,8628509
2022-05-27,000020,53.8,6563690
2022-05-30,000020,53.92,2541798
2022-05-31,000020,55.42,8570961
2022-06-01,000020,54.8,5111730
2022-06-02,000020,53.61,5887179
2022-06-03,000020,54.66,8666348
2022-06-06,000020,55.22,3700169
2022-06-07,000020,56.83,3777711
2022-06-08,000020,57.21,1577596
2022-06-09,000020,57.54,6558870
2022-06-10,000020,57.79,3832053
2022-06-13,000020,56.13,2395623
2022-06-14,000020,55.67,8296093
2022-06-15,000020,54.52,4930326
2022-06-16,000020,54.37,6430036
2022-06-17,000020,55.88,8596726
2022-06-20,000020,54.28,1692900
2022-06-21,000020,55.29,6404141
2022-06-22,000020,55.62,2287613
2022-06-23,000020,54.07,7966706
2022-06-24,000020,55.25,1920622
2022-06-27,000020,56.81,1687397
2022-06-28,000020,55.24,8670687
2022-06-29,000020,54.63,4285676
2022-06-30,000020,55.61,6842394
2022-07-01,000020,54.88,9514359
2022-07-04,000020,55.86,3188751
2022-07-05,000020,55.0,3480387
2022-07-06,000020,53.91,3098553
2022-07-07,000020,54.93,8006516
2022-07-08,000020,56.3,6955458
2022-07-11,000020,56.95,9515725
2022-07-12,000020,57.75,6664563
2022-07-13,000020,56.95,6472229
2022-07-14,000020,56.85,9218404
2022-07-15,000020,55.97,1609734
2022-07-18,000020,56.1,2336558
2022-07-19,000020,54.67,6487646
2022-07-20,000020,53.69,5058588
2022-07-21,000020,52.44,6936182
2022-07-22,000020,53.89,5984561
2022-07-25,000020,52.7,6127086
2022-07-26,000020,53.73,4306149
2022-07-27,000020,55.33,3405941
2022-07-28,000020,55.66,5169166
2022-07-29,000020,56.79,4475513
2022-08-01,000020,57.25,4406685
2022-08-02,000020,58.02,2089915
2022-08-03,000020,57.59,1275381
2022-08-04,000020,56.33,2402175
2022-08-05,000020,56.08,6527435
2022-08-08,000020,56.49,1329214
2022-08-09,000020,55.44,6088925
2022-08-10,000020,54.17,2244038
2022-08-11,000020,53.42,3954910
2022-08-12,000020,54.97,2586871
2022-08-15,000020,54.95,7137212
2022-08-16,000020,53.36,7865686
2022-08-17,000020,54.27,7636781
2022-08-18,000020,55.88,8344761
2022-08-19,000020,57.31,1310744
2022-08-22,000020,58.37,7257352
2022-08-23,000020,58.48,7122336
2022-08-24,000020,60.08,2227495
2022-08-25,000020,58.52,1333486
2022-08-26,000020,59.64,9431314
2022-08-29,000020,59.91,3274879
2022-08-30,000020,60.43,8909039
2022-08-31,000020,60.6,8224499
2022-09-01,000020,61.11,5621043
2022-09-02,000020,61.33,6029356
2022-09-05,000020,59.67,5704596
2022-09-06,000020,59.64,2336658
2022-09-07,000020,59.88,8176612
2022-09-08,000020,60.28,6277358
2022-09-09,000020,61.43,2536449
2022-09-12,000020,62.93,7409462
2022-09-13,000020,62.2,7811722
2022-09-14,000020,62.59,7883797
2022-09-15,000020,63.42,2985668
2022-09-16,000020,64.72,9414685
2022-09-19,000020,62.92,8065037
2022-09-20,000020,63.52,7781222
2022-09-21,000020,65.41,2035054
2022-09-22,000020,66.25,6049959
2022-09-23,000020,66.21,2339043
2022-09-26,000020,65.77,9079295
2022-09-27,000020,65.32,8864613
2022-09-28,000020,66.27,4698277
2022-09-29,000020,64.46,6327794
2022-09-30,000020,65.64,4282917
2022-10-03,000020,65.02,8427457
2022-10-04,000020,63.52,9571549
2022-10-05,000020,63.5,1584577
2022-10-06,000020,62.88,7247335
2022-10-07,000020,61.73,5008725
2022-10-10,000020,63.21,6372041
2022-10-11,000020,63.22,5516476
2022-10-12,000020,64.68,5145435
2022-10-13,000020,64.4,2656643
2022-10-14,000020,62.55,6041480
2022-10-17,000020,64.42,3262396
2022-10-18,000020,66.35,3675270
2022-10-19,000020,68.11,4197924
2022-10-20,000020,66.53,8361660
2022-10-21,000020,67.99,3735471
2022-10-24,000020,69.06,9437625
2022-10-25,000020,69.3,8045416
2022-10-26,000020,69.56,9290364
2022-10-27,000020,70.76,6960835
2022-10-28,000020,70.68,5857049
2022-10-31,000020,69.35,6528255
2022-11-01,000020,68.43,2438723
2022-11-02,000020,67.56,7544727
2022-11-03,000020,69.35,2651552
2022-11-04,000020,69.61,1355551
2022-11-07,000020,70.21,5761053
2022-11-08,000020,71.98,3660270
2022-11-09,000020,71.72,8897265
2022-11-10,000020,69.59,9449987
2022-11-11,000020,70.09,8752638
2022-11-14,000020,71.31,9490496
2022-11-15,000020,69.24,1807900
2022-11-16,000020,71.04,5941971
2022-11-17,000020,70.06,2732146
2022-11-18,000020,70.53,9953472
2022-11-21,000020,72.33,9817116
2022-11-22,000020,71.31,9970705
2022-11-23,000020,70.57,3175708
2022-11-24,000020,72.54,9472360
2022-11-25,000020,70.53,5272038
2022-11-28,000020,68.69,8316414
2022-11-29,000020,67.07,3200363
2022-11-30,000020,68.96,8970761
2022-12-01,000020,69.11,7857350
2022-12-02,000020,67.64,7786390
2022-12-05,000020,67.37,9422670
2022-12-06,000020,68.08,3498061
2022-12-07,000020,66.11,8254739
2022-12-08,000020,65.61,4092394
2022-12-09,000020,64.62,9945253
2022-12-12,000020,63.39,2042678
2022-12-13,000020,64.58,6275693
2022-12-14,000020,66.03,3623592
2022-12-15,000020,67.96,4523072
2022-12-16,000020,68.93,1997054
2022-12-19,000020,66.92,7777898
2022-12-20,000020,65.48,3410339
2022-12-21,000020,66.77,5814849
2022-12-22,000020,66.73,1163798
2022-12-23,000020,68.54,8930975
2022-12-26,000020,69.43,7015808
2022-12-27,000020,70.68,3584229
2022-12-28,000020,69.72,3840383
2022-12-29,000020,70.44,6987610
2022-12-30,000020,68.62,3079655
2023-01-02,000020,68.66,6201742
2023-01-03,000020,67.44,2058564
2023-01-04,000020,66.21,2926018
2023-01-05,000020,66.05,5008627
2023-01-06,000020,65.77,8113982
2023-01-09,000020,64.49,2439615
2023-01-10,000020,66.03,1723759
2023-01-11,000020,67.42,9594666
2023-01-12,000020,66.54,7352539
2023-01-13,000020,68.14,4092414
2023-01-16,000020,69.2,5669142
2023-01-17,000020,68.54,7612808
2023-01-18,000020,67.39,6995326
2023-01-19,000020,67.08,1885943
2023-01-20,000020,66.97,5136645
2023-01-23,000020,68.94,3527162
2023-01-24,000020,68.0,9008365
2023-01-25,000020,69.34,1848378
2023-01-26,000020,68.73,7383258
2023-01-27,000020,67.2,7474905
2023-01-30,000020,66.94,2145027
2023-01-31,000020,65.11,4918690
2023-02-01,000020,65.45,8211082
2023-02-02,000020,66.57,8474281
2023-02-03,000020,67.49,1930765
2023-02-06,000020,68.5,7750154
2023-02-07,000020,68.81,1990953
2023-02-08,000020,67.17,4645853
2023-02-09,000020,67.3,9396458
2023-02-10,000020,66.49,8899874
2023-02-13,000020,65.01,5690764
2023-02-14,000020,64.03,8367709
2023-02-15,000020,65.29,7012054
2023-02-16,000020,64.99,9334767
2023-02-17,000020,63.3,5865401
2023-02-20,000020,64.32,3064437
2023-02-21,000020,64.23,1324427
2023-02-22,000020,65.39,4756612
2023-02-23,000020,65.94,5310250
2023-02-24,000020,64.2,7081050
2023-02-27,000020,65.2,1812132
2023-02-28,000020,64.6,4184821
2023-03-01,000020,62.83,9407087
2023-03-02,000020,64.53,4592141
2023-03-03,000020,63.08,2926523
2023-03-06,000020,63.33,3455480
2023-03-07,000020,64.45,2188184
2023-03-08,000020,63.99,8476561
2023-03-09,000020,63.0,8036384
2023-03-10,000020,63.21,9214166
2023-03-13,000020,63.07,2341149
2023-03-14,000020,63.87,1152443
2023-03-15,000020,62.32,2048093
2023-03-16,000020,61.92,9904420
2023-03-17,000020,60.84,5016981
2023-03-20,000020,60.93,1643043
2023-03-21,000020,62.04,5130972
2023-03-22,000020,60.34,6904185
2023-03-23,000020,61.53,7595145
2023-03-24,000020,61.87,6448274
2023-03-27,000020,61.95,5966120
2023-03-28,000020,62.05,1952442
2023-03-29,000020,62.25,2417172
2023-03-30,000020,62.29,9712922
2023-03-31,000020,60.53,6935660
2023-04-03,000020,59.99,1059872
2023-04-04,000020,60.13,2940733
2023-04-05,000020,59.96,6853981
2023-04-06,000020,58.41,4930649
2023-04-07,000020,59.21,9553990
2023-04-10,000020,60.04,9468619
2023-04-11,000020,59.55,5518678
2023-04-12,000020,58.15,5491181
2023-04-13,000020,57.04,5308785
2023-04-14,000020,55.71,9502534
2023-04-17,000020,54.55,6937921
2023-04-18,000020,55.36,4557096
2023-04-19,000020,53.74,2503599
2023-04-20,000020,54.79,5019912
2023-04-21,000020,54.9,7178338
2023-04-24,000020,56.32,7981460
2023-04-25,000020,54.81,7653538
2023-04-26,000020,55.8,8170870
2023-04-27,000020,57.19,1053787
2023-04-28,000020,57.2,3692596
2023-05-01,000020,58.41,9393117
2023-05-02,000020,56.86,1496561
2023-05-03,000020,58.3,9482246
2023-05-04,000020,58.97,7324842
2023-05-05,000020,58.92,2092637
2023-05-08,000020,59.29,7002706
2023-05-09,000020,58.53,8443166
2023-05-10,000020,57.11,6223676
2023-05-11,000020,56.94,3025869
2023-05-12,000020,55.25,7665617
2023-05-15,000020,56.03,3388113
2023-05-16,000020,54.56,4846884
2023-05-17,000020,55.61,1241876
2023-05-18,000020,55.3,8057042
2023-05-19,000020,55.88,8255922
2023-05-22,000020,54.45,5672232
2023-05-23,000020,54.85,1956958
2023-05-24,000020,56.48,2127589
2023-05-25,000020,55.24,8989233
2023-05-26,000020,54.65,1716241
2023-05-29,000020,55.83,9410615
2023-05-30,000020,56.23,5855700
2023-05-31,000020,55.51,4209184
2023-06-01,000020,55.23,1444433
2023-06-02,000020,53.88,3265352
2023-06-05,000020,55.34,9447662
2023-06-06,000020,56.7,2622998
2023-06-07,000020,57.43,6165855
2023-06-08,000020,58.55,8253969
2023-06-09,000020,59.42,7514108
2023-06-12,000020,57.7,6962488
2023-06-13,000020,58.66,9526603
2023-06-14,000020,57.43,8971400
2023-06-15,000020,55.77,3457046
2023-06-16,000020,55.95,4649453
2023-06-19,000020,57.27,6274455
2023-06-20,000020,57.05,1613886
2023-06-21,000020,58.55,2926132
2023-06-22,000020,59.96,9084927
2023-06-23,000020,60.13,2875513
2023-06-26,000020,58.78,6504441
2023-06-27,000020,58.55,6701935
2023-06-28,000020,60.16,4077420
2023-06-29,000020,60.41,8465710
2023-06-30,000020,60.4,5071165
2023-07-03,000020,61.0,2246504
2023-07-04,000020,62.67,3309165
2023-07-05,000020,61.29,3584495
2023-07-06,000020,59.81,5724356
2023-07-07,000020,60.07,7004057
2023-07-10,000020,61.28,2516158
2023-07-11,000020,60.49,9338158
2023-07-12,000020,60.41,7350416
2023-07-13,000020,61.3,7337764
2023-07-14,000020,61.68,2144784
2023-07-17,000020,62.13,3506288
2023-07-18,000020,60.93,2214219
2023-07-19,000020,61.24,3245841
2023-07-20,000020,62.95,3208996
2023-07-21,000020,62.53,1374521
2023-07-24,000020,63.3,8586704
2023-07-25,000020,64.4,5717510
2023-07-26,000020,65.02,5936698
2023-07-27,000020,66.76,2154495
2023-07-28,000020,67.05,2158734
2023-07-31,000020,67.49,1021257
2023-08-01,000020,67.81,5169729
2023-08-02,000020,67.35,4621921
2023-08-03,000020,69.05,5730488
2023-08-04,000020,68.25,3774067
2023-08-07,000020,66.59,4768623
2023-08-08,000020,67.63,3834396
2023-08-09,000020,66.4,1526579
2023-08-10,000020,64.63,7864083
2023-08-11,000020,64.05,9329371
2023-08-14,000020,65.54,3634653
2023-08-15,000020,64.09,7814029
2023-08-16,000020,64.34,5602467
2023-08-17,000020,63.05,7173358
2023-08-18,000020,64.75,6018521
2023-08-21,000020,65.32,8978399
2023-08-22,000020,65.59,3332339
2023-08-23,000020,67.54,9963933
2023-08-24,000020,65.8,5167528
2023-08-25,000020,66.62,4071336
2023-08-28,000020,64.9,5007309
2023-08-29,000020,63.69,7413074
2023-08-30,000020,62.96,7280353
2023-08-31,000020,62.4,4193251
2023-09-01,000020,63.79,3710352
2023-09-04,000020,62.23,6482427
2023-09-05,000020,61.66,5709639
2023-09-06,000020,62.84,9223135
2023-09-07,000020,63.19,6563131
2023-09-08,000020,64.88,8658248
2023-09-11,000020,65.96,5231192
2023-09-12,000020,64.69,8014106
2023-09-13,000020,66.31,8227211
2023-09-14,000020,66.64,5648045
2023-09-15,000020,67.48,8736554
2023-09-18,000020,67.38,3180893
2023-09-19,000020,67.0,9675091
2023-09-20,000020,68.55,5127664
2023-09-21,000020,67.48,6241048
2023-09-22,000020,68.39,6698600
2023-09-25,000020,66.4,7238847
2023-09-26,000020,66.74,4835328
2023-09-27,000020,68.61,2503808
2023-09-28,000020,67.0,4906618
2023-09-29,000020,68.18,2910724
2023-10-02,000020,68.11,5384794
2023-10-03,000020,68.28,3222857
2023-10-04,000020,67.81,1027319
2023-10-05,000020,68.82,9979000
2023-10-06,000020,69.24,8006877
2023-10-09,000020,70.19,5711036
2023-10-10,000020,69.89,7081845
2023-10-11,000020,71.59,2083156
2023-10-12,000020,71.29,7805185
2023-10-13,000020,72.02,5167143
2023-10-16,000020,71.52,1635576
2023-10-17,000020,73.01,5572704
2023-10-18,000020,74.83,1553377
2023-10-19,000020,74.46,7641045
2023-10-20,000020,76.69,6846569
2023-10-23,000020,77.6,5931560
2023-10-24,000020,77.97,2908620
2023-10-25,000020,77.43,3478243
2023-10-26,000020,77.61,9230942
2023-10-27,000020,77.89,7734979
2023-10-30,000020,76.63,6886918
2023-10-31,000020,78.31,1774614
2023-11-01,000020,77.37,8188826
2023-11-02,000020,75.53,2105322
2023-11-03,000020,75.59,9775033
2023-11-06,000020,73.42,5905391
2023-11-07,000020,75.5,4212843
2023-11-08,000020,77.76,6579793
2023-11-09,000020,78.61,5126640
2023-11-10,000020,77.79,3158225
2023-11-13,000020,78.06,1763050
2023-11-14,000020,78.39,5266831
2023-11-15,000020,78.27,6720857
2023-11-16,000020,76.04,7345598
2023-11-17,000020,76.56,1447254
2023-11-20,000020,75.48,1576666
2023-11-21,000020,74.25,4050867
2023-11-22,000020,73.0,2987904
2023-11-23,000020,75.17,9077912
2023-11-24,000020,76.08,6755427
2023-11-27,000020,78.14,8234206
2023-11-28,000020,76.91,8639304
2023-11-29,000020,78.46,2199712
2023-11-30,000020,78.82,5760877
2023-12-01,000020,80.08,7113065
2022-01-03,000021,50.88,2902524
2022-01-04,000021,50.13,1632429
2022-01-05,000021,49.32,2103265
2022-01-06,000021,48.51,5280197
2022-01-07,000021,48.27,8134650
2022-01-10,000021,47.61,8167720
2022-01-11,000021,47.56,3171354
2022-01-12,000021,46.57,4973850
2022-01-13,000021,45.85,6556776
2022-01-14,000021,46.03,8790214
2022-01-17,000021,47.31,7657702
2022-01-18,000021,47.24,6165638
2022-01-19,000021,47.1,7109398
2022-01-20,000021,47.54,3253740
2022-01-21,000021,46.68,8140671
2022-01-24,000021,47.74,6248847
2022-01-25,000021,46.32,6847023
2022-01-26,000021,46.43,8138939
2022-01-27,000021,45.46,4852662
2022-01-28,000021,45.31,8803094
2022-01-31,000021,45.87,3262507
2022-02-01,000021,46.51,6233908
2022-02-02,000021,46.19,8667509
2022-02-03,000021,46.22,7637063
2022-02-04,000021,46.3,4299796
2022-02-07,000021,46.15,8410695
2022-02-08,000021,47.44,1553694
2022-02-09,000021,47.29,2388409
2022-02-10,000021,47.35,5163803
2022-02-11,000021,48.41,5640901
2022-02-14,000021,49.11,7757990
2022-02-15,000021,48.41,9521636
2022-02-16,000021,48.71,7875573
2022-02-17,000021,48.87,8607180
2022-02-18,000021,49.97,5480456
2022-02-21,000021,48.49,6880810
2022-02-22,000021,48.3,3057898
2022-02-23,000021,48.24,8813443
2022-02-24,000021,47.37,9174630
2022-02-25,000021,47.38,5808291
2022-02-28,000021,46.49,5946705
2022-03-01,000021,46.59,1572612
2022-03-02,000021,45.54,8007662
2022-03-03,000021,46.35,5503193
2022-03-04,000021,46.51,2928376
2022-03-07,000021,46.62,6360581
2022-03-08,000021,46.22,4290374
2022-03-09,000021,45.57,3406223
2022-03-10,000021,45.08,1121025
2022-03-11,000021,45.57,2281657
2022-03-14,000021,44.26,8035576
2022-03-15,000021,45.53,7184377
2022-03-16,000021,46.76,2786226
2022-03-17,000021,45.49,1831490
2022-03-18,000021,45.98,9354573
2022-03-21,000021,45.76,6744001
2022-03-22,000021,44.84,5463684
2022-03-23,000021,45.48,2161918
2022-03-24,000021,45.73,8376066
2022-03-25,000021,46.81,3898133
2022-03-28,000021,46.98,3357034
2022-03-29,000021,45.82,9802899
2022-03-30,000021,45.35,1540184
2022-03-31,000021,46.58,8094258
2022-04-01,000021,47.3,1043532
2022-04-04,000021,46.52,7133165
2022-04-05,000021,46.04,4804761
2022-04-06,000021,45.66,3316904
2022-04-07,000021,46.14,1990346
2022-04-08,000021,46.51,3057775
2022-04-11,000021,47.12,3742519
2022-04-12,000021,45.91,3063699
2022-04-13,000021,45.51,5274150
2022-04-14,000021,46.63,5800068
2022-04-15,000021,47.27,3670178
2022-04-18,000021,46.71,9680072
2022-04-19,000021,46.09,3150792
2022-04-20,000021,47.2,5516077
2022-04-21,000021,47.36,8232306
2022-04-22,000021,47.34,7902339
2022-04-25,000021,48.37,7606113
2022-04-26,000021,49.38,1093780
2022-04-27,000021,49.09,7884904
2022-04-28,000021,49.46,5712535
2022-04-29,000021,49.37,8751196
2022-05-02,000021,49.62,5411530
2022-05-03,000021,48.15,2036890
2022-05-04,000021,49.48,6352055
2022-05-05,000021,49.1,3447769
2022-05-06,000021,50.56,3182080
2022-05-09,000021,51.3,8396630
2022-05-10,000021,51.11,3491701
2022-05-11,000021,52.09,6117739
2022-05-12,000021,51.63,2798628
2022-05-13,000021,52.38,3138640
2022-05-16,000021,53.77,2249149
2022-05-17,000021,52.7,1186173
2022-05-18,000021,52.49,8862708
2022-05-19,000021,53.52,7990004
2022-05-20,000021,52.46,8539790
2022-05-23,000021,52.79,8896109
2022-05-24,000021,52.73,1627017
2022-05-25,000021,53.76,8511810
2022-05-26,000021,54.58,4483223
2022-05-27,000021,53.12,9163970
2022-05-30,000021,53.8,8857393
2022-05-31,000021,53.21,3310256
2022-06-01,000021,51.91,2857760
2022-06-02,000021,52.35,5566755
2022-06-03,000021,51.26,7574087
2022-06-06,000021,49.87,1775539
2022-06-07,000021,50.3,4305811
2022-06-08,000021,51.35,8373798
2022-06-09,000021,52.69,7731888
2022-06-10,000021,52.03,6996629
2022-06-13,000021,52.11,2401952
2022-06-14,000021,53.44,8014019
2022-06-15,000021,53.06,9512844
2022-06-16,000021,53.6,2378939
2022-06-17,000021,52.02,7243817
2022-06-20,000021,53.07,3549736
2022-06-21,000021,52.45,6281473
2022-06-22,000021,52.84,2360532
2022-06-23,000021,52.26,1612289
2022-06-24,000021,52.59,9259776
2022-06-27,000021,53.6,4090966
2022-06-28,000021,54.04,4027508
2022-06-29,000021,52.94,1491018
2022-06-30,000021,54.19,4170096
2022-07-01,000021,55.58,9127914
2022-07-04,000021,56.21,4182973
2022-07-05,000021,56.71,8828974
2022-07-06,000021,58.31,9195088
2022-07-07,000021,57.63,4138361
2022-07-08,000021,59.18,1877091
2022-07-11,000021,59.39,6902919
2022-07-12,000021,60.6,2089079
2022-07-13,000021,59.53,6856769
2022-07-14,000021,59.2,5242070
2022-07-15,000021,58.28,6714741
2022-07-18,000021,59.83,6449935
2022-07-19,000021,58.42,7880221
2022-07-20,000021,59.66,5688194
2022-07-21,000021,59.3,4580948
2022-07-22,000021,58.97,1931830
2022-07-25,000021,57.98,1979290
2022-07-26,000021,57.37,1820993
2022-07-27,000021,57.78,8812753
2022-07-28,000021,56.86,9678577
2022-07-29,000021,56.73,3458068
2022-08-01,000021,55.44,8379983
2022-08-02,000021,53.98,9948626
2022-08-03,000021,53.65,4638475
2022-08-04,000021,53.1,4794223
2022-08-05,000021,53.31,9501546
2022-08-08,000021,52.45,2173987
2022-08-09,000021,53.52,7496933
2022-08-10,000021,53.51,7932128
2022-08-11,000021,51.92,7042872
2022-08-12,000021,53.43,6265637
2022-08-15,000021,55.02,9325050
2022-08-16,000021,53.81,1650486
2022-08-17,000021,55.4,3516586
2022-08-18,000021,54.42,7273266
2022-08-19,000021,55.5,7264663
2022-08-22,000021,53.89,8510733
2022-08-23,000021,52.94,6289820
2022-08-24,000021,52.47,1375203
2022-08-25,000021,53.42,6837089
2022-08-26,000021,53.19,8664514
2022-08-29,000021,53.93,8853933
2022-08-30,000021,52.37,1424368
2022-08-31,000021,52.81,1815399
2022-09-01,000021,52.74,5503354
2022-09-02,000021,52.83,3453589
2022-09-05,000021,53.92,8031050
2022-09-06,000021,52.55,6815843
2022-09-07,000021,52.83,1061826
2022-09-08,000021,53.98,2591856
2022-09-09,000021,55.12,4672357
2022-09-12,000021,55.69,2829397
2022-09-13,000021,56.29,3833932
2022-09-14,000021,57.17,6467215
2022-09-15,000021,58.57,1293421
2022-09-16,000021,57.91,7448522
2022-09-19,000021,58.55,7779519
2022-09-20,000021,59.62,9246235
2022-09-21,000021,58.01,3744588
2022-09-22,000021,56.39,5456313
2022-09-23,000021,58.02,2709463
2022-09-26,000021,56.63,3924595
2022-09-27,000021,56.49,8551812
2022-09-28,000021,57.07,9761766
2022-09-29,000021,58.02,6736846
2022-09-30,000021,58.31,4518013
2022-10-03,000021,58.89,2203560
2022-10-04,000021,59.74,4383249
2022-10-05,000021,61.33,5704939
2022-10-06,000021,63.02,2912291
2022-10-07,000021,61.14,2420881
2022-10-10,000021,61.92,6563349
2022-10-11,000021,60.08,1958649
2022-10-12,000021,59.3,3594372
2022-10-13,000021,57.69,3564086
2022-10-14,000021,57.16,1602243
2022-10-17,000021,56.7,5422727
2022-10-18,000021,58.12,9819227
2022-10-19,000021,58.14,3597264
2022-10-20,000021,59.23,3104937
2022-10-21,000021,57.55,7209605
2022-10-24,000021,59.0,5678504
2022-10-25,000021,58.55,5753626
2022-10-26,000021,59.75,5121168
2022-10-27,000021,59.95,4951900
2022-10-28,000021,58.37,5171234
2022-10-31,000021,58.27,5875845
2022-11-01,000021,57.74,1911196
2022-11-02,000021,57.65,7458627
2022-11-03,000021,57.96,5747121
2022-11-04,000021,58.36,8493437
2022-11-07,000021,57.76,1966492
2022-11-08,000021,58.57,9347558
2022-11-09,000021,58.52,1629448
2022-11-10,000021,58.75,7994511
2022-11-11,000021,57.34,5151162
2022-11-14,000021,56.77,9370089
2022-11-15,000021,58.17,3557388
2022-11-16,000021,56.75,6892206
2022-11-17,000021,55.89,5134180
2022-11-18,000021,55.13,8050743
2022-11-21,000021,56.01,9437033
2022-11-22,000021,57.42,9435210
2022-11-23,000021,57.11,2646310
2022-11-24,000021,57.43,4460558
2022-11-25,000021,59.04,6618535
2022-11-28,000021,58.63,9186001
2022-11-29,000021,59.03,9725385
2022-11-30,000021,60.74,1027521
2022-12-01,000021,59.43,8080630
2022-12-02,000021,57.93,8901808
2022-12-05,000021,57.01,3590249
2022-12-06,000021,56.63,4972194
2022-12-07,000021,57.68,8107578
2022-12-08,000021,59.05,3671667
2022-12-09,000021,59.4,6872246
2022-12-12,000021,57.62,9130319
2022-12-13,000021,57.17,4250908
2022-12-14,000021,56.83,3316672
2022-12-15,000021,57.46,5160378
2022-12-16,000021,57.07,8380914
2022-12-19,000021,56.76,4734854
2022-12-20,000021,56.82,2350222
2022-12-21,000021,56.96,7321546
2022-12-22,000021,55.72,3826671
2022-12-23,000021,54.78,2132570
2022-12-26,000021,54.79,8499866
2022-12-27,000021,53.44,4334885
2022-12-28,000021,54.73,6481000
2022-12-29,000021,54.84,8068333
2022-12-30,000021,55.99,9893929
2023-01-02,000021,56.68,1564022
2023-01-03,000021,57.86,9211564
2023-01-04,000021,58.24,4224531
2023-01-05,000021,59.6,7391599
2023-01-06,000021,61.13,9221828
2023-01-09,000021,60.0,9723507
2023-01-10,000021,61.67,5073077
2023-01-11,000021,63.35,9006309
2023-01-12,000021,62.62,9118901
2023-01-13,000021,60.84,2165883
2023-01-16,000021,61.96,3965978
2023-01-17,000021,62.43,6828196
2023-01-18,000021,63.21,9778405
2023-01-19,000021,64.37,7580314
2023-01-20,000021,65.0,4304294
2023-01-23,000021,64.09,7625144
2023-01-24,000021,65.82,5427854
2023-01-25,000021,64.95,1382072
2023-01-26,000021,65.73,6828947
2023-01-27,000021,66.05,5731734
2023-01-30,000021,66.23,9185171
2023-01-31,000021,64.47,7407672
2023-02-01,000021,63.61,1876762
2023-02-02,000021,62.89,2487587
2023-02-03,000021,61.86,2863881
2023-02-06,000021,62.28,5426168
2023-02-07,000021,63.02,4664030
2023-02-08,000021,64.67,7609723
2023-02-09,000021,65.02,8433781
2023-02-10,000021,65.09,1812188
2023-02-13,000021,65.27,8809235
2023-02-14,000021,65.56,3706947
2023-02-15,000021,66.83,8973200
2023-02-16,000021,66.45,6389494
2023-02-17,000021,66.57,1062937
2023-02-20,000021,64.77,6516122
2023-02-21,000021,65.64,4893028
2023-02-22,000021,64.95,8107139
2023-02-23,000021,66.44,4918952
2023-02-24,000021,66.54,2963007
2023-02-27,000021,66.23,7238663
2023-02-28,000021,67.39,2375152
2023-03-01,000021,67.65,7784861
2023-03-02,000021,66.08,3328013
2023-03-03,000021,64.42,1060100
2023-03-06,000021,65.12,3267782
2023-03-07,000021,65.15,5872110
2023-03-08,000021,65.37,2844984
2023-03-09,000021,65.17,5679207
2023-03-10,000021,66.06,2125957
2023-03-13,000021,66.81,1101773
2023-03-14,000021,68.36,9665280
2023-03-15,000021,69.71,5213051
2023-03-16,000021,70.8,7893670
2023-03-17,000021,69.15,1172113
2023-03-20,000021,70.27,7126566
2023-03-21,000021,70.17,2659534
2023-03-22,000021,68.73,2741282
2023-03-23,000021,66.78,1796071
2023-03-24,000021,68.04,1971096
2023-03-27,000021,67.93,2177425
2023-03-28,000021,67.41,8775075
2023-03-29,000021,68.93,9717756
2023-03-30,000021,67.2,2642757
2023-03-31,000021,67.26,5365387
2023-04-03,000021,66.55,3360499
2023-04-04,000021,67.96,7555195
2023-04-05,000021,67.66,5480357
2023-04-06,000021,66.38,8139286
2023-04-07,000021,64.91,5052559
2023-04-10,000021,65.05,4491675
2023-04-11,000021,63.11,9168622
2023-04-12,000021,62.53,9477601
2023-04-13,000021,61.51,8093340
2023-04-14,000021,60.08,6204344
2023-04-17,000021,60.46,2828501
2023-04-18,000021,59.29,8578731
2023-04-19,000021,58.57,5910247
2023-04-20,000021,59.64,1044438
2023-04-21,000021,60.09,7648437
2023-04-24,000021,61.38,7122752
2023-04-25,000021,61.64,4479727
2023-04-26,000021,63.29,1293077
2023-04-27,000021,65.09,1544479
2023-04-28,000021,66.35,7583199
2023-05-01,000021,67.98,7082326
2023-05-02,000021,68.02,6691078
2023-05-03,000021,66.56,8885707
2023-05-04,000021,67.87,3375930
2023-05-05,000021,67.3,3779802
2023-05-08,000021,65.79,4446705
2023-05-09,000021,65.42,6156604
2023-05-10,000021,65.29,6712555
2023-05-11,000021,63.53,7774345
2023-05-12,000021,62.55,6244123
2023-05-15,000021,62.27,9184306
2023-05-16,000021,62.13,8682513
2023-05-17,000021,60.79,4015769
2023-05-18,000021,62.25,5743227
2023-05-19,000021,60.54,3701976
2023-05-22,000021,59.28,3838560
2023-05-23,000021,59.85,2951153
2023-05-24,000021,58.9,6817917
2023-05-25,000021,60.3,5258500
2023-05-26,000021,61.18,3805485
2023-05-29,000021,61.81,7503094
2023-05-30,000021,63.37,4485279
2023-05-31,000021,64.66,6353271
2023-06-01,000021,62.82,8022558
2023-06-02,000021,61.37,3209969
2023-06-05,000021,61.69,9599293
2023-06-06,000021,62.62,2557825
2023-06-07,000021,61.68,2718989
2023-06-08,000021,60.41,7953434
2023-06-09,000021,59.1,3698109
2023-06-12,000021,60.37,7473847
2023-06-13,000021,60.46,6221807
2023-06-14,000021,60.75,5335223
2023-06-15,000021,61.46,8097987
2023-06-16,000021,60.49,4623125
2023-06-19,000021,61.51,1057559
2023-06-20,000021,60.06,3732148
2023-06-21,000021,58.97,9355439
2023-06-22,000021,60.56,6126260
2023-06-23,000021,61.21,7933505
2023-06-26,000021,62.74,1607060
2023-06-27,000021,61.75,5498919
2023-06-28,000021,63.15,5341797
2023-06-29,000021,62.7,1249152
2023-06-30,000021,61.37,5562004
2023-07-03,000021,62.39,8520080
2023-07-04,000021,63.91,4482480
2023-07-05,000021,64.3,8751291
2023-07-06,000021,64.08,8086116
2023-07-07,000021,64.89,3580483
2023-07-10,000021,65.63,9317233
2023-07-11,000021,67.27,3975414
2023-07-12,000021,68.63,6004111
2023-07-13,000021,69.56,8247356
2023-07-14,000021,70.08,1552792
2023-07-17,000021,71.48,4534542
2023-07-18,000021,73.08,4966789
2023-07-19,000021,73.53,8706843
2023-07-20,000021,74.3,8938366
2023-07-21,000021,76.37,2325975
2023-07-24,000021,77.27,2868197
2023-07-25,000021,77.38,8262698
2023-07-26,000021,79.58,1866162
2023-07-27,000021,78.54,4837500
2023-07-28,000021,80.56,1663824
2023-07-31,000021,81.09,3488238
2023-08-01,000021,79.68,2414255
2023-08-02,000021,80.71,6343981
2023-08-03,000021,82.16,7500397
2023-08-04,000021,84.43,9226942
2023-08-07,000021,84.39,7898162
2023-08-08,000021,85.26,5545692
2023-08-09,000021,85.48,6410725
2023-08-10,000021,84.01,2824123
2023-08-11,000021,82.72,2169939
2023-08-14,000021,84.84,2549386
2023-08-15,000021,84.79,1618703
2023-08-16,000021,86.22,6528758
2023-08-17,000021,87.21,3059019
2023-08-18,000021,85.4,8014349
2023-08-21,000021,83.74,2728911
2023-08-22,000021,81.37,9379835
2023-08-23,000021,79.82,2594523
2023-08-24,000021,77.94,2724465
2023-08-25,000021,79.78,4710291
2023-08-28,000021,77.43,9193187
2023-08-29,000021,75.32,5284849
2023-08-30,000021,76.67,6840636
2023-08-31,000021,76.37,9654023
2023-09-01,000021,78.11,8347630
2023-09-04,000021,79.7,8056318
2023-09-05,000021,81.74,5759803
2023-09-06,000021,83.15,2671537
2023-09-07,000021,84.63,8788528
2023-09-08,000021,83.1,8520505
2023-09-11,000021,80.78,7602084
2023-09-12,000021,80.28,3909828
2023-09-13,000021,81.83,8764935
2023-09-14,000021,79.56,3604865
2023-09-15,000021,79.11,9359785
2023-09-18,000021,79.38,5155690
2023-09-19,000021,79.37,3989029
2023-09-20,000021,80.73,7618166
2023-09-21,000021,79.34,6975768
2023-09-22,000021,79.49,4982255
2023-09-25,000021,77.81,9647966
2023-09-26,000021,78.7,3002557
2023-09-27,000021,78.59,9735994
2023-09-28,000021,76.72,9992708
2023-09-29,000021,76.18,8223779
2023-10-02,000021,73.98,6551062
2023-10-03,000021,72.34,5928700
2023-10-04,000021,70.42,5300675
2023-10-05,000021,70.94,7992514
2023-10-06,000021,69.15,9921557
2023-10-09,000021,70.26,3764825
2023-10-10,000021,70.8,1217311
2023-10-11,000021,70.3,1409497
2023-10-12,000021,69.2,4387829
2023-10-13,000021,69.69,7087909
2023-10-16,000021,68.61,3787748
2023-10-17,000021,69.88,1501220
2023-10-18,000021,70.77,1253730
2023-10-19,000021,69.23,6738710
2023-10-20,000021,67.65,3871395
2023-10-23,000021,69.28,1540571
2023-10-24,000021,70.13,4800919
2023-10-25,000021,70.15,8714432
2023-10-26,000021,68.31,1512437
2023-10-27,000021,68.59,2993883
2023-10-30,000021,66.89,9409222
2023-10-31,000021,65.12,1143411
2023-11-01,000021,64.13,5985169
2023-11-02,000021,62.39,5904357
2023-11-03,000021,60.76,7213511
2023-11-06,000021,59.93,1568071
2023-11-07,000021,60.99,9151848
2023-11-08,000021,59.72,1668550
2023-11-09,000021,60.15,3781490
2023-11-10,000021,59.74,9539048
2023-11-13,000021,61.22,8985810
2023-11-14,000021,61.26,4259531
2023-11-15,000021,62.96,1900984
2023-11-16,000021,62.19,2697857
2023-11-17,000021,62.52,1576992
2023-11-20,000021,62.21,2413188
2023-11-21,000021,62.38,1952216
2023-11-22,000021,63.37,3627445
2023-11-23,000021,65.15,1502223
2023-11-24,000021,65.45,4337512
2023-11-27,000021,65.81,5261564
2023-11-28,000021,66.39,8180649
2023-11-29,000021,64.82,9139192
2023-11-30,000021,64.48,6583275
2023-12-01,000021,66.33,6119416
2022-01-03,000022,49.11,9926817
2022-01-04,000022,48.59,3625969
2022-01-05,000022,48.05,6405439
2022-01-06,000022,47.14,5020963
2022-01-07,000022,48.46,8686253
2022-01-10,000022,47.36,7945434
2022-01-11,000022,48.78,8998966
2022-01-12,000022,48.82,6987057
2022-01-13,000022,47.96,3495799
2022-01-14,000022,47.74,9354943
2022-01-17,000022,46.36,4074775
2022-01-18,000022,45.86,3901389
2022-01-19,000022,45.43,7531691
2022-01-20,000022,45.38,4643427
2022-01-21,000022,45.91,7376614
2022-01-24,000022,46.26,7982805
2022-01-25,000022,46.83,2331917
2022-01-26,000022,46.42,1810545
2022-01-27,000022,46.24,1341535
2022-01-28,000022,45.55,3190549
2022-01-31,000022,44.2,7344191
2022-02-01,000022,45.19,1957874
2022-02-02,000022,45.17,7098587
2022-02-03,000022,46.05,2014596
2022-02-04,000022,45.24,9350193
2022-02-07,000022,46.1,5769848
2022-02-08,000022,45.79,1432972
2022-02-09,000022,47.12,9635385
2022-02-10,000022,47.04,9964006
2022-02-11,000022,48.05,2334737
2022-02-14,000022,47.92,8599207
2022-02-15,000022,46.81,1861969
2022-02-16,000022,46.79,3443275
2022-02-17,000022,46.02,7716270
2022-02-18,000022,46.34,1485697
2022-02-21,000022,46.58,7486470
2022-02-22,000022,46.43,9347337
2022-02-23,000022,47.71,4589342
2022-02-24,000022,46.47,7772430
2022-02-25,000022,46.17,5500246
2022-02-28,000022,46.51,3159958
2022-03-01,000022,45.2,1497006
2022-03-02,000022,44.38,4028677
2022-03-03,000022,45.15,7097037
2022-03-04,000022,44.62,3257586
2022-03-07,000022,45.64,7639102
2022-03-08,000022,45.3,8666600
2022-03-09,000022,46.51,8976389
2022-03-10,000022,47.25,7419491
2022-03-11,000022,46.6,7477512
2022-03-14,000022,45.46,8112341
2022-03-15,000022,45.93,3464769
2022-03-16,000022,46.48,2535555
2022-03-17,000022,46.65,3112962
2022-03-18,000022,45.75,7936640
2022-03-21,000022,44.51,1969860
2022-03-22,000022,44.28,1135696
2022-03-23,000022,43.31,8977561
2022-03-24,000022,42.61,1022787
2022-03-25,000022,41.55,9696273
2022-03-28,000022,41.82,2118047
2022-03-29,000022,41.93,5850419
2022-03-30,000022,41.41,3452380
2022-03-31,000022,40.17,7196285
2022-04-01,000022,40.82,1884538
2022-04-04,000022,40.72,4808145
2022-04-05,000022,40.8,4505379
2022-04-06,000022,41.94,3375110
2022-04-07,000022,40.97,3600046
2022-04-08,000022,41.13,2286018
2022-04-11,000022,41.09,5886298
2022-04-12,000022,41.34,1275366
2022-04-13,000022,42.48,1025208
2022-04-14,000022,42.58,4657976
2022-04-15,000022,42.13,4042963
2022-04-18,000022,41.38,7068491
2022-04-19,000022,41.57,8062877
2022-04-20,000022,41.95,7110427
2022-04-21,000022,41.58,4503517
2022-04-22,000022,41.38,5403550
2022-04-25,000022,40.35,5901515
2022-04-26,000022,39.98,8851638
2022-04-27,000022,40.86,8805098
2022-04-28,000022,40.03,8188210
2022-04-29,000022,39.07,8415154
2022-05-02,000022,39.86,6580100
2022-05-03,000022,40.46,7012761
2022-05-04,000022,40.93,2694163
2022-05-05,000022,39.97,7904769
2022-05-06,000022,40.87,5969837
2022-05-09,000022,41.01,1834207
2022-05-10,000022,40.28,1992039
2022-05-11,000022,41.39,5232517
2022-05-12,000022,41.21,4218152
2022-05-13,000022,40.48,9506668
2022-05-16,000022,39.72,6746799
2022-05-17,000022,40.16,2070109
2022-05-18,000022,40.57,4841713
2022-05-19,000022,40.86,9435296
2022-05-20,000022,40.56,3040678
2022-05-23,000022,40.58,1728768
2022-05-24,000022,41.29,7341647
2022-05-25,000022,41.96,6959917
2022-05-26,000022,42.37,6002439
2022-05-27,000022,41.51,3328161
2022-05-30,000022,40.4,1787555
2022-05-31,000022,39.21,3506048
2022-06-01,000022,39.0,5165804
2022-06-02,000022,38.2,7974794
2022-06-03,000022,39.26,3807864
2022-06-06,000022,40.23,6484500
2022-06-07,000022,40.02,5935638
2022-06-08,000022,40.82,7592126
2022-06-09,000022,41.94,9265992
2022-06-10,000022,42.87,9858056
2022-06-13,000022,41.79,2184390
2022-06-14,000022,40.55,2855812
2022-06-15,000022,41.3,3531261
2022-06-16,000022,40.09,4117562
2022-06-17,000022,41.15,3641977
2022-06-20,000022,42.35,6583081
2022-06-21,000022,42.74,5455613
2022-06-22,000022,41.82,5663011
2022-06-23,000022,41.6,6278575
2022-06-24,000022,41.39,2682042
2022-06-27,000022,42.48,3124593
2022-06-28,000022,43.55,9859326
2022-06-29,000022,43.71,1311985
2022-06-30,000022,43.21,2750028
2022-07-01,000022,43.54,9497342
2022-07-04,000022,44.65,6408190
2022-07-05,000022,44.26,1139067
2022-07-06,000022,43.8,4619270
2022-07-07,000022,42.5,9054180
2022-07-08,000022,43.67,5465193
2022-07-11,000022,43.13,3528980
2022-07-12,000022,44.02,8178880
2022-07-13,000022,45.19,7071915
2022-07-14,000022,46.26,8113166
2022-07-15,000022,45.41,6985517
2022-07-18,000022,45.21,5913468
2022-07-19,000022,46.22,3706998
2022-07-20,000022,46.54,2923625
2022-07-21,000022,46.06,2425418
2022-07-22,000022,45.34,8445349
2022-07-25,000022,45.61,9841018
2022-07-26,000022,44.62,3472748
2022-07-27,000022,45.95,4193592
2022-07-28,000022,44.92,9979193
2022-07-29,000022,44.01,6203298
2022-08-01,000022,44.59,4812562
2022-08-02,000022,44.77,6593016
2022-08-03,000022,45.71,7483498
2022-08-04,000022,45.13,2238420
2022-08-05,000022,45.61,2813956
2022-08-08,000022,44.29,1876339
2022-08-09,000022,43.56,3424828
2022-08-10,000022,43.22,5588663
2022-08-11,000022,42.05,8856599
2022-08-12,000022,42.03,5725973
2022-08-15,000022,43.05,6383046
2022-08-16,000022,42.93,1010500
2022-08-17,000022,43.95,4628903
2022-08-18,000022,44.99,4453505
2022-08-19,000022,45.63,9463554
2022-08-22,000022,44.36,1556362
2022-08-23,000022,45.59,1728879
2022-08-24,000022,46.59,9587592
2022-08-25,000022,47.68,9154307
2022-08-26,000022,47.33,5603935
2022-08-29,000022,47.18,1028285
2022-08-30,000022,48.36,9169274
2022-08-31,000022,49.64,3990389
2022-09-01,000022,49.6,7020536
2022-09-02,000022,48.36,7951965
2022-09-05,000022,47.9,7185115
2022-09-06,000022,47.38,5168816
2022-09-07,000022,46.41,9446537
2022-09-08,000022,47.46,1054518
2022-09-09,000022,48.63,8237225
2022-09-12,000022,49.73,1290508
2022-09-13,000022,48.93,4822235
2022-09-14,000022,50.26,2535926
2022-09-15,000022,49.21,4497378
2022-09-16,000022,48.11,8720932
2022-09-19,000022,47.28,2837937
2022-09-20,000022,48.56,1431876
2022-09-21,000022,47.16,4456932
2022-09-22,000022,47.13,7497211
2022-09-23,000022,47.33,2780790
2022-09-26,000022,46.71,9828123
2022-09-27,000022,46.81,6071965
2022-09-28,000022,46.87,9069686
2022-09-29,000022,47.53,6736667
2022-09-30,000022,46.32,6097140
2022-10-03,000022,46.81,6983387
2022-10-04,000022,46.35,9732533
2022-10-05,000022,46.63,5545853
2022-10-06,000022,47.34,3705975
2022-10-07,000022,46.67,6299016
2022-10-10,000022,46.99,5918359
2022-10-11,000022,46.39,7836334
2022-10-12,000022,45.98,7008425
2022-10-13,000022,45.28,4980881
2022-10-14,000022,45.53,3982712
2022-10-17,000022,46.7,6197435
2022-10-18,000022,47.38,2715734
2022-10-19,000022,48.1,5584843
2022-10-20,000022,47.89,1033854
2022-10-21,000022,47.6,1411844
2022-10-24,000022,48.4,6568058
2022-10-25,000022,47.83,9372916
2022-10-26,000022,47.77,1149946
2022-10-27,000022,46.44,7009917
2022-10-28,000022,46.69,5756670
2022-10-31,000022,47.37,2533824
2022-11-01,000022,46.58,7046042
2022-11-02,000022,47.73,4028281
2022-11-03,000022,47.58,7827241
2022-11-04,000022,49.01,6150580
2022-11-07,000022,47.95,6673433
2022-11-08,000022,48.44,3254189
2022-11-09,000022,47.69,7267890
2022-11-10,000022,47.08,6194822
2022-11-11,000022,47.63,2302727
2022-11-14,000022,47.87,5643555
2022-11-15,000022,48.0,7246947
2022-11-16,000022,47.41,6344144
2022-11-17,000022,48.75,4848111
2022-11-18,000022,48.85,8024363
2022-11-21,000022,50.3,6288267
2022-11-22,000022,49.49,9507499
2022-11-23,000022,49.52,9883188
2022-11-24,000022,48.75,8895950
2022-11-25,000022,47.46,9510047
2022-11-28,000022,48.45,5313221
2022-11-29,000022,48.77,1627504
2022-11-30,000022,50.03,2700462
2022-12-01,000022,50.14,5482434
2022-12-02,000022,49.09,4261620
2022-12-05,000022,50.07,9413590
2022-12-06,000022,50.24,6691893
2022-12-07,000022,49.58,2291564
2022-12-08,000022,50.02,2044136
2022-12-09,000022,49.01,6931050
2022-12-12,000022,47.98,2102440
2022-12-13,000022,49.17,3332259
2022-12-14,000022,48.5,6681780
2022-12-15,000022,47.99,4303059
2022-12-16,000022,48.67,1000933
2022-12-19,000022,49.06,4568878
2022-12-20,000022,47.81,9637004
2022-12-21,000022,49.2,5265322
2022-12-22,000022,48.9,5879432
2022-12-23,000022,48.99,2447433
2022-12-26,000022,48.93,7847474
2022-12-27,000022,50.32,3926485
2022-12-28,000022,51.05,1849692
2022-12-29,000022,49.93,3045402
2022-12-30,000022,51.42,5599474
2023-01-02,000022,50.11,4624349
2023-01-03,000022,51.35,4349455
2023-01-04,000022,51.69,4495690
2023-01-05,000022,52.76,1026754
2023-01-06,000022,52.0,9156870
2023-01-09,000022,52.9,7497239
2023-01-10,000022,53.77,2087422
2023-01-11,000022,55.28,6075492
2023-01-12,000022,56.5,6343456
2023-01-13,000022,55.33,2463375
2023-01-16,000022,54.7,8779713
2023-01-17,000022,54.4,9055414
2023-01-18,000022,53.44,7536846
2023-01-19,000022,54.21,3759781
2023-01-20,000022,53.29,9857887
2023-01-23,000022,52.81,5598203
2023-01-24,000022,51.66,2706036
2023-01-25,000022,52.21,6296441
2023-01-26,000022,51.12,1727291
2023-01-27,000022,52.08,6002763
2023-01-30,000022,51.94,8226714
2023-01-31,000022,52.9,4177130
2023-02-01,000022,52.74,1925586
2023-02-02,000022,51.17,4350407
2023-02-03,000022,49.88,7429041
2023-02-06,000022,49.87,6471094
2023-02-07,000022,50.1,7809631
2023-02-08,000022,50.85,2538100
2023-02-09,000022,51.17,9934273
2023-02-10,000022,50.23,8854866
2023-02-13,000022,49.22,9085473
2023-02-14,000022,49.04,5905845
2023-02-15,000022,48.31,8655395
2023-02-16,000022,48.31,9980339
2023-02-17,000022,48.15,1272667
2023-02-20,000022,48.37,3618625
2023-02-21,000022,48.5,9614587
2023-02-22,000022,49.9,1788636
2023-02-23,000022,51.2,3122548
2023-02-24,000022,51.71,7173941
2023-02-27,000022,50.36,1948759
2023-02-28,000022,49.28,7329553
2023-03-01,000022,47.83,7135516
2023-03-02,000022,49.03,9532310
2023-03-03,000022,50.49,5079610
2023-03-06,000022,51.15,6020357
2023-03-07,000022,52.37,1553713
2023-03-08,000022,53.57,8912998
2023-03-09,000022,53.97,6656387
2023-03-10,000022,54.31,2692812
2023-03-13,000022,55.34,3959341
2023-03-14,000022,56.51,9605952
2023-03-15,000022,57.91,2899989
2023-03-16,000022,57.42,2297488
2023-03-17,000022,57.02,8936980
2023-03-20,000022,55.69,8252494
2023-03-21,000022,55.18,9664604
2023-03-22,000022,54.55,9509117
2023-03-23,000022,55.03,1024187
2023-03-24,000022,56.47,8957412
2023-03-27,000022,55.97,2784453
2023-03-28,000022,56.04,7126885
2023-03-29,000022,55.13,7065248
2023-03-30,000022,56.71,6281214
2023-03-31,000022,57.97,8660164
2023-04-03,000022,57.59,2912866
2023-04-04,000022,57.18,3680160
2023-04-05,000022,57.85,5716300
2023-04-06,000022,56.21,6266574
2023-04-07,000022,55.79,3927126
2023-04-10,000022,56.85,8282532
2023-04-11,000022,56.27,5162801
2023-04-12,000022,55.69,5499284
2023-04-13,000022,54.63,9236411
2023-04-14,000022,54.69,4076564
2023-04-17,000022,55.16,3911011
2023-04-18,000022,55.4,5362473
2023-04-19,000022,56.36,6378873
2023-04-20,000022,56.63,6131396
2023-04-21,000022,58.0,6727274
2023-04-24,000022,59.56,8211883
2023-04-25,000022,61.29,8513029
2023-04-26,000022,62.46,5436672
2023-04-27,000022,62.12,7464183
2023-04-28,000022,61.83,3198913
2023-05-01,000022,62.47,5327279
2023-05-02,000022,61.2,1501041
2023-05-03,000022,62.37,9822568
2023-05-04,000022,62.57,2314775
2023-05-05,000022,63.71,6592298
2023-05-08,000022,62.39,7043831
2023-05-09,000022,61.2,4994787
2023-05-10,000022,60.56,9595599
2023-05-11,000022,61.91,6839543
2023-05-12,000022,62.25,4685631
2023-05-15,000022,61.26,7362805
2023-05-16,000022,60.02,2108397
2023-05-17,000022,61.25,2913604
2023-05-18,000022,60.19,7062030
2023-05-19,000022,60.87,2639918
2023-05-22,000022,59.58,9370383
2023-05-23,000022,58.38,6519903
2023-05-24,000022,56.91,5733607
2023-05-25,000022,55.31,1602696
2023-05-26,000022,56.77,8790343
2023-05-29,000022,56.09,5532090
2023-05-30,000022,57.52,7811313
2023-05-31,000022,56.36,5546010
2023-06-01,000022,56.17,7463353
2023-06-02,000022,55.92,7628482
2023-06-05,000022,56.01,7139517
2023-06-06,000022,54.64,6340471
2023-06-07,000022,53.71,6545771
2023-06-08,000022,53.95,4848228
2023-06-09,000022,54.5,4825619
2023-06-12,000022,54.87,5102066
2023-06-13,000022,54.37,3794502
2023-06-14,000022,55.42,4797251
2023-06-15,000022,55.67,8703272
2023-06-16,000022,54.82,7485743
2023-06-19,000022,56.34,4993099
2023-06-20,000022,57.98,5834013
2023-06-21,000022,58.57,1118062
2023-06-22,000022,57.02,4712144
2023-06-23,000022,56.5,9254830
2023-06-26,000022,55.38,1368231
2023-06-27,000022,55.15,4742542
2023-06-28,000022,55.43,3578826
2023-06-29,000022,54.09,7770431
2023-06-30,000022,54.33,9679015
2023-07-03,000022,52.91,9259034
2023-07-04,000022,53.95,3809267
2023-07-05,000022,55.19,2233783
2023-07-06,000022,54.22,1479771
2023-07-07,000022,54.22,5869886
2023-07-10,000022,53.43,5216996
2023-07-11,000022,53.49,4502741
2023-07-12,000022,54.5,4273910
2023-07-13,000022,53.8,8030410
2023-07-14,000022,54.36,4469670
2023-07-17,000022,54.88,6567268
2023-07-18,000022,56.14,9859436
2023-07-19,000022,56.95,5341064
2023-07-20,000022,55.34,2053112
2023-07-21,000022,55.29,9724851
2023-07-24,000022,54.06,2234175
2023-07-25,000022,53.51,9045672
2023-07-26,000022,54.24,4712409
2023-07-27,000022,55.75,2942618
2023-07-28,000022,54.18,9709072
2023-07-31,000022,52.87,8521147
2023-08-01,000022,52.26,3289564
2023-08-02,000022,52.02,8599806
2023-08-03,000022,51.67,3464100
2023-08-04,000022,50.51,4047315
2023-08-07,000022,51.67,8677415
2023-08-08,000022,52.93,1254621
2023-08-09,000022,51.57,8231063
2023-08-10,000022,50.97,4665732
2023-08-11,000022,50.57,2238517
2023-08-14,000022,52.03,8322961
2023-08-15,000022,52.0,4124999
2023-08-16,000022,53.51,3056553
2023-08-17,000022,52.07,5099171
2023-08-18,000022,53.22,7604648
2023-08-21,000022,53.49,5173003
2023-08-22,000022,54.7,8092192
2023-08-23,000022,55.35,9453750
2023-08-24,000022,56.78,2751784
2023-08-25,000022,55.73,3335061
2023-08-28,000022,57.09,2458731
2023-08-29,000022,57.06,8940545
2023-08-30,000022,58.76,7927759
2023-08-31,000022,57.17,5784255
2023-09-01,000022,57.85,3731494
2023-09-04,000022,59.47,2094513
2023-09-05,000022,57.88,9285798
2023-09-06,000022,57.15,1879382
2023-09-07,000022,56.46,6827819
2023-09-08,000022,56.57,7726600
2023-09-11,000022,56.32,3000098
2023-09-12,000022,55.7,4355870
2023-09-13,000022,56.1,9077136
2023-09-14,000022,57.24,2848552
2023-09-15,000022,58.88,7982561
2023-09-18,000022,57.55,7915888
2023-09-19,000022,56.78,8609909
2023-09-20,000022,58.34,3812451
2023-09-21,000022,59.82,2955714
2023-09-22,000022,58.5,9986178
2023-09-25,000022,56.81,6543499
2023-09-26,000022,55.65,6992559
2023-09-27,000022,56.8,4145363
2023-09-28,000022,58.48,8989052
2023-09-29,000022,57.35,2458701
2023-10-02,000022,57.37,1218690
2023-10-03,000022,58.15,1022475
2023-10-04,000022,58.01,2428061
2023-10-05,000022,58.66,9327648
2023-10-06,000022,57.79,5796216
2023-10-09,000022,57.06,8636072
2023-10-10,000022,56.96,2995474
2023-10-11,000022,58.18,7327925
2023-10-12,000022,58.1,3785833
2023-10-13,000022,57.58,7879007
2023-10-16,000022,56.45,2846536
2023-10-17,000022,57.98,9166773
2023-10-18,000022,56.49,8956702
2023-10-19,000022,55.28,5452271
2023-10-20,000022,54.27,7685600
2023-10-23,000022,55.7,2982286
2023-10-24,000022,56.99,3480933
2023-10-25,000022,57.33,3808404
2023-10-26,000022,55.66,5140527
2023-10-27,000022,56.86,6350140
2023-10-30,000022,56.08,8104757
2023-10-31,000022,57.7,6112589
2023-11-01,000022,59.28,2145696
2023-11-02,000022,60.84,4296047
2023-11-03,000022,61.13,5230845
2023-11-06,000022,62.76,4848627
2023-11-07,000022,61.44,6627300
2023-11-08,000022,60.29,3408337
2023-11-09,000022,61.74,4531769
2023-11-10,000022,61.37,9803450
2023-11-13,000022,61.96,5016610
2023-11-14,000022,63.76,5592310
2023-11-15,000022,64.8,3323511
2023-11-16,000022,65.31,8184371
2023-11-17,000022,66.98,5610181
2023-11-20,000022,68.96,1216820
2023-11-21,000022,70.44,2447773
2023-11-22,000022,70.12,1806578
2023-11-23,000022,68.7,5869649
2023-11-24,000022,67.12,7974949
2023-11-27,000022,66.46,2273745
2023-11-28,000022,64.89,1975436
2023-11-29,000022,63.39,2523138
2023-11-30,000022,64.42,6056784
2023-12-01,000022,65.32,7512721
2022-01-03,000023,50.81,9529464
2022-01-04,000023,49.62,8564439
2022-01-05,000023,49.14,7709108
2022-01-06,000023,50.46,7873772
2022-01-07,000023,49.89,4811352
2022-01-10,000023,49.29,8668435
2022-01-11,000023,49.79,1185060
2022-01-12,000023,50.9,2096506
2022-01-13,000023,51.39,7728931
2022-01-14,000023,52.04,3259334
2022-01-17,000023,53.46,3409297
2022-01-18,000023,54.85,6906356
2022-01-19,000023,55.85,1440450
2022-01-20,000023,55.67,8905432
2022-01-21,000023,55.15,6792996
2022-01-24,000023,56.2,4175295
2022-01-25,000023,56.57,4937409
2022-01-26,000023,56.16,8746808
2022-01-27,000023,56.58,1660816
2022-01-28,000023,56.29,6545068
2022-01-31,000023,57.81,7297115
2022-02-01,000023,57.34,4021468
2022-02-02,000023,55.99,3524694
2022-02-03,000023,55.16,8844836
2022-02-04,000023,53.98,2558801
2022-02-07,000023,52.7,3030728
2022-02-08,000023,53.75,4922705
2022-02-09,000023,53.54,7602176
2022-02-10,000023,52.4,4946039
2022-02-11,000023,50.89,5953428
2022-02-14,000023,49.43,9083249
2022-02-15,000023,48.91,7120717
2022-02-16,000023,50.12,8176447
2022-02-17,000023,51.44,9932139
2022-02-18,000023,50.94,3155179
2022-02-21,000023,50.35,4852694
2022-02-22,000023,51.37,1993846
2022-02-23,000023,52.66,7651769
2022-02-24,000023,53.98,5473750
2022-02-25,000023,54.64,7428932
2022-02-28,000023,56.2,8093328
2022-03-01,000023,57.13,7977406
2022-03-02,000023,58.43,3103620
2022-03-03,000023,57.66,9454546
2022-03-04,000023,56.51,3123152
2022-03-07,000023,58.15,8932300
2022-03-08,000023,57.21,9402759
2022-03-09,000023,56.23,7154632
2022-03-10,000023,56.04,5096613
2022-03-11,000023,54.84,1989883
2022-03-14,000023,55.89,9330977
2022-03-15,000023,54.42,7149284
2022-03-16,000023,54.07,5613296
2022-03-17,000023,54.92,8827873
2022-03-18,000023,56.44,9569202
2022-03-21,000023,56.19,6622179
2022-03-22,000023,55.97,5826399
2022-03-23,000023,56.01,9705525
2022-03-24,000023,55.92,1802232
2022-03-25,000023,56.34,6268710
2022-03-28,000023,55.27,3180414
2022-03-29,000023,54.53,2230699
2022-03-30,000023,54.76,3699763
2022-03-31,000023,53.88,6107658
2022-04-01,000023,54.28,3332908
2022-04-04,000023,54.01,6614338
2022-04-05,000023,55.35,8594744
2022-04-06,000023,55.02,3526641
2022-04-07,000023,55.36,1892862
2022-04-08,000023,54.4,9822589
2022-04-11,000023,53.2,5894296
2022-04-12,000023,52.5,9825840
2022-04-13,000023,52.93,3011660
2022-04-14,000023,53.07,8721265
2022-04-15,000023,53.91,1556583
2022-04-18,000023,54.18,8891404
2022-04-19,000023,55.46,2016824
2022-04-20,000023,54.81,8883305
2022-04-21,000023,53.35,6219873
2022-04-22,000023,54.76,4018022
2022-04-25,000023,55.16,5371940
2022-04-26,000023,55.46,3720363
2022-04-27,000023,55.69,9907146
2022-04-28,000023,54.1,3779410
2022-04-29,000023,53.98,4705571
2022-05-02,000023,52.44,2583858
2022-05-03,000023,51.38,2337589
2022-05-04,000023,52.33,8871946
2022-05-05,000023,51.86,2662597
2022-05-06,000023,52.78,4565436
2022-05-09,000023,51.81,5422421
2022-05-10,000023,53.18,3996753
2022-05-11,000023,51.62,1669569
2022-05-12,000023,52.27,2257349
2022-05-13,000023,52.0,2138269
2022-05-16,000023,53.06,5335985
2022-05-17,000023,51.95,5707839
2022-05-18,000023,53.17,8489402
2022-05-19,000023,52.21,8497629
2022-05-20,000023,52.83,9943323
2022-05-23,000023,52.02,6472884
2022-05-24,000023,52.71,4816439
2022-05-25,000023,53.76,5032741
2022-05-26,000023,53.0,4174496
2022-05-27,000023,53.34,3077274
2022-05-30,000023,53.7,5042047
2022-05-31,000023,55.28,3984060
2022-06-01,000023,54.97,4969308
2022-06-02,000023,56.16,1682377
2022-06-03,000023,55.3,6214158
2022-06-06,000023,54.12,2742559
2022-06-07,000023,52.59,5240980
2022-06-08,000023,54.07,8866250
2022-06-09,000023,53.7,2901045
2022-06-10,000023,54.99,3696237
2022-06-13,000023,56.55,3371383
2022-06-14,000023,56.52,7811036
2022-06-15,000023,56.44,4398231
2022-06-16,000023,55.46,2838063
2022-06-17,000023,55.12,1212795
2022-06-20,000023,54.7,1325816
2022-06-21,000023,56.08,7065959
2022-06-22,000023,55.67,3662822
2022-06-23,000023,55.09,6838160
2022-06-24,000023,53.95,1077096
2022-06-27,000023,52.56,6774052
2022-06-28,000023,51.91,6660919
2022-06-29,000023,52.4,4555838
2022-06-30,000023,51.74,6425202
2022-07-01,000023,50.89,5285650
2022-07-04,000023,50.79,1817862
2022-07-05,000023,51.27,1131445
2022-07-06,000023,49.84,3660266
2022-07-07,000023,50.31,2198177
2022-07-08,000023,51.7,8750846
2022-07-11,000023,52.47,1509460
2022-07-12,000023,51.02,9972643
2022-07-13,000023,50.81,1744893
2022-07-14,000023,51.7,5332506
2022-07-15,000023,51.83,6487453
2022-07-18,000023,52.75,6476750
2022-07-19,000023,51.33,1856780
2022-07-20,000023,51.44,7150443
2022-07-21,000023,52.95,3854990
2022-07-22,000023,53.73,5031562
2022-07-25,000023,53.02,7357710
2022-07-26,000023,53.82,2065819
2022-07-27,000023,54.78,6944811
2022-07-28,000023,56.13,8298329
2022-07-29,000023,55.34,2190778
2022-08-01,000023,56.89,4596917
2022-08-02,000023,57.61,6971135
2022-08-03,000023,58.64,6524381
2022-08-04,000023,59.89,7879680
2022-08-05,000023,60.88,8565499
2022-08-08,000023,59.09,5553012
2022-08-09,000023,58.13,8615977
2022-08-10,000023,59.02,9676344
2022-08-11,000023,58.97,2132392
2022-08-12,000023,58.11,8374090
2022-08-15,000023,57.46,4121784
2022-08-16,000023,58.73,9912119
2022-08-17,000023,58.65,8636003
2022-08-18,000023,59.54,2920451
2022-08-19,000023,60.78,4391534
2022-08-22,000023,62.02,7788058
2022-08-23,000023,61.27,1999284
2022-08-24,000023,59.79,3887827
2022-08-25,000023,58.7,9781840
2022-08-26,000023,59.36,5632554
2022-08-29,000023,57.91,5130096
2022-08-30,000023,57.3,5569776
2022-08-31,000023,56.07,8214203
2022-09-01,000023,56.98,8700207
2022-09-02,000023,56.91,2916520
2022-09-05,000023,57.55,7068272
2022-09-06,000023,56.3,1518346
2022-09-07,000023,57.08,6333591
2022-09-08,000023,55.75,2693893
2022-09-09,000023,55.99,4026703
2022-09-12,000023,57.15,1702939
2022-09-13,000023,55.99,1749412
2022-09-14,000023,54.34,9543570
2022-09-15,000023,55.09,9986999
2022-09-16,000023,55.33,1318480
2022-09-19,000023,55.13,1497175
2022-09-20,000023,54.78,6649965
2022-09-21,000023,55.05,8599322
2022-09-22,000023,53.62,3159772
2022-09-23,000023,53.9,1949248
2022-09-26,000023,53.92,8482032
2022-09-27,000023,52.35,5749419
2022-09-28,000023,51.52,3611708
2022-09-29,000023,51.39,6940593
2022-09-30,000023,51.11,4831847
2022-10-03,000023,51.83,6659835
2022-10-04,000023,52.51,3150297
2022-10-05,000023,51.72,9958799
2022-10-06,000023,51.93,5412037
2022-10-07,000023,51.72,1283151
2022-10-10,000023,50.72,1857044
2022-10-11,000023,51.22,7578282
2022-10-12,000023,51.84,4672255
2022-10-13,000023,51.57,6127075
2022-10-14,000023,52.84,7703311
2022-10-17,000023,52.1,7853897
2022-10-18,000023,51.9,8912993
2022-10-19,000023,52.5,3821695
2022-10-20,000023,52.27,6130888
2022-10-21,000023,52.63,8333525
2022-10-24,000023,51.61,4782904
2022-10-25,000023,50.53,5960679
2022-10-26,000023,50.87,4718641
2022-10-27,000023,51.91,7715041
2022-10-28,000023,51.59,5525915
2022-10-31,000023,52.85,7370259
2022-11-01,000023,54.28,4519671
2022-11-02,000023,52.85,1827989
2022-11-03,000023,52.75,8457178
2022-11-04,000023,52.68,6863110
2022-11-07,000023,53.37,2762044
2022-11-08,000023,54.4,7512951
2022-11-09,000023,55.48,1065959
2022-11-10,000023,55.55,2768816
2022-11-11,000023,56.32,8829097
2022-11-14,000023,56.61,7967616
2022-11-15,000023,55.57,7155917
2022-11-16,000023,56.63,3808674
2022-11-17,000023,58.09,8279904
2022-11-18,000023,57.47,1809801
2022-11-21,000023,57.11,4961038
2022-11-22,000023,56.4,3748749
2022-11-23,000023,56.64,8191585
2022-11-24,000023,56.54,4610170
2022-11-25,000023,55.28,9833949
2022-11-28,000023,55.74,6526472
2022-11-29,000023,54.37,6006625
2022-11-30,000023,53.83,3994073
2022-12-01,000023,54.42,2728563
2022-12-02,000023,53.17,7217633
2022-12-05,000023,52.89,7711602
2022-12-06,000023,53.42,8605708
2022-12-07,000023,52.16,7079655
2022-12-08,000023,52.54,9208650
2022-12-09,000023,51.84,7178113
2022-12-12,000023,51.1,7519567
2022-12-13,000023,49.85,3590408
2022-12-14,000023,49.07,4307854
2022-12-15,000023,49.27,3941866
2022-12-16,000023,50.35,4148485
2022-12-19,000023,50.66,1279072
2022-12-20,000023,51.43,3940937
2022-12-21,000023,52.54,4291922
2022-12-22,000023,51.11,3203540
2022-12-23,000023,50.7,1220414
2022-12-26,000023,50.59,5471847
2022-12-27,000023,50.92,7364006
2022-12-28,000023,51.94,3428885
2022-12-29,000023,50.46,8632337
2022-12-30,000023,50.24,3444475
2023-01-02,000023,51.27,9185554
2023-01-03,000023,51.45,3594751
2023-01-04,000023,52.69,5604121
2023-01-05,000023,54.2,9483999
2023-01-06,000023,53.29,3331596
2023-01-09,000023,51.82,2784743
2023-01-10,000023,51.43,4004604
2023-01-11,000023,50.55,3686727
2023-01-12,000023,49.17,8617712
2023-01-13,000023,49.19,9410497
2023-01-16,000023,50.14,5818755
2023-01-17,000023,50.73,7793346
2023-01-18,000023,50.54,5127979
2023-01-19,000023,50.36,8558581
2023-01-20,000023,49.06,7192439
2023-01-23,000023,48.35,6126415
2023-01-24,000023,49.4,7838614
2023-01-25,000023,49.57,4154496
2023-01-26,000023,48.65,3904851
2023-01-27,000023,49.77,6166206
2023-01-30,000023,50.59,5533558
2023-01-31,000023,51.9,4573814
2023-02-01,000023,52.12,9653900
2023-02-02,000023,52.95,7009093
2023-02-03,000023,54.45,7975725
2023-02-06,000023,55.47,9185952
2023-02-07,000023,56.19,6630247
2023-02-08,000023,55.02,1065211
2023-02-09,000023,55.18,6277551
2023-02-10,000023,53.76,9617482
2023-02-13,000023,54.54,4609564
2023-02-14,000023,54.79,9896716
2023-02-15,000023,53.23,7988162
2023-02-16,000023,52.03,7315560
2023-02-17,000023,50.84,6176812
2023-02-20,000023,50.45,8669254
2023-02-21,000023,49.08,2854876
2023-02-22,000023,48.92,7657243
2023-02-23,000023,48.85,9466884
2023-02-24,000023,49.82,8452082
2023-02-27,000023,48.93,9316523
2023-02-28,000023,47.56,7649435
2023-03-01,000023,47.68,2105829
2023-03-02,000023,48.9,2527665
2023-03-03,000023,49.06,8627155
2023-03-06,000023,48.23,8228722
2023-03-07,000023,49.4,7155250
2023-03-08,000023,50.33,9483392
2023-03-09,000023,49.11,4260012
2023-03-10,000023,48.45,6956042
2023-03-13,000023,48.05,4542876
2023-03-14,000023,47.22,2925288
2023-03-15,000023,47.24,4954739
2023-03-16,000023,47.1,7358867
2023-03-17,000023,47.19,8788500
2023-03-20,000023,48.42,2647764
2023-03-21,000023,49.44,2830691
2023-03-22,000023,50.18,6014982
2023-03-23,000023,50.69,2249951
2023-03-24,000023,49.55,7727859
2023-03-27,000023,48.08,4680986
2023-03-28,000023,47.5,1574287
2023-03-29,000023,46.45,8749013
2023-03-30,000023,47.83,8284676
2023-03-31,000023,46.6,7138029
2023-04-03,000023,45.88,1543414
2023-04-04,000023,46.09,3543384
2023-04-05,000023,45.64,9545496
2023-04-06,000023,44.85,4353747
2023-04-07,000023,44.01,3437815
2023-04-10,000023,43.83,7110850
2023-04-11,000023,42.6,6541510
2023-04-12,000023,41.6,5680303
2023-04-13,000023,40.74,7280223
2023-04-14,000023,39.81,7951558
2023-04-17,000023,40.03,6718160
2023-04-18,000023,39.76,2807911
2023-04-19,000023,39.11,1726186
2023-04-20,000023,39.07,7004882
2023-04-21,000023,39.53,9712314
2023-04-24,000023,40.2,7031164
2023-04-25,000023,40.2,9786521
2023-04-26,000023,39.05,6335819
2023-04-27,000023,38.78,7345344
2023-04-28,000023,39.21,8132118
2023-05-01,000023,38.93,8840924
2023-05-02,000023,37.9,1564379
2023-05-03,000023,37.52,5908113
2023-05-04,000023,37.9,2587519
2023-05-05,000023,38.16,4651133
2023-05-08,000023,38.57,6394430
2023-05-09,000023,37.9,9172224
2023-05-10,000023,38.13,6439849
2023-05-11,000023,37.64,7439802
2023-05-12,000023,37.0,6315852
2023-05-15,000023,37.8,5856160
2023-05-16,000023,37.65,6950683
2023-05-17,000023,37.65,8635228
2023-05-18,000023,38.34,6233479
2023-05-19,000023,39.01,7813706
2023-05-22,000023,39.8,6431403
2023-05-23,000023,38.92,4316897
2023-05-24,000023,37.79,5876668
2023-05-25,000023,36.85,6739840
2023-05-26,000023,36.95,5397990
2023-05-29,000023,37.97,3113259
2023-05-30,000023,37.14,6088142
2023-05-31,000023,37.55,5892928
2023-06-01,000023,37.26,9188325
2023-06-02,000023,37.42,9353873
2023-06-05,000023,37.61,1523365
2023-06-06,000023,37.98,4365779
2023-06-07,000023,37.26,5857976
2023-06-08,000023,37.04,7014223
2023-06-09,000023,36.22,5864944
2023-06-12,000023,36.31,8820497
2023-06-13,000023,36.11,1105642
2023-06-14,000023,35.15,2965996
2023-06-15,000023,35.12,8463410
2023-06-16,000023,35.82,2796212
2023-06-19,000023,36.8,3013448
2023-06-20,000023,35.9,6590233
2023-06-21,000023,35.6,3570483
2023-06-22,000023,34.6,9093349
2023-06-23,000023,33.6,9980661
2023-06-26,000023,34.39,2854965
2023-06-27,000023,33.66,2368255
2023-06-28,000023,32.96,9649032
2023-06-29,000023,32.83,6236628
2023-06-30,000023,32.4,4131930
2023-07-03,000023,32.74,1687371
2023-07-04,000023,32.53,4755433
2023-07-05,000023,32.71,1272090
2023-07-06,000023,32.6,9996811
2023-07-07,000023,33.55,3671422
2023-07-10,000023,33.41,2762163
2023-07-11,000023,32.86,2753289
2023-07-12,000023,33.65,3327413
2023-07-13,000023,34.52,6033228
2023-07-14,000023,35.14,4752302
2023-07-17,000023,34.95,7299299
2023-07-18,000023,35.18,2629405
2023-07-19,000023,36.1,2156536
2023-07-20,000023,36.87,9677451
2023-07-21,000023,36.46,6616236
2023-07-24,000023,35.93,7421269
2023-07-25,000023,34.88,4121678
2023-07-26,000023,34.64,3867484
2023-07-27,000023,34.65,6186251
2023-07-28,000023,34.53,8567931
2023-07-31,000023,34.03,6750426
2023-08-01,000023,35.01,2536688
2023-08-02,000023,34.97,2944866
2023-08-03,000023,35.24,9037191
2023-08-04,000023,35.7,3220853
2023-08-07,000023,35.9,4454783
2023-08-08,000023,36.69,2764062
2023-08-09,000023,37.02,8237512
2023-08-10,000023,37.73,3357042
2023-08-11,000023,37.21,3386650
2023-08-14,000023,36.68,9491570
2023-08-15,000023,36.25,6364412
2023-08-16,000023,35.74,9868425
2023-08-17,000023,35.14,2626933
2023-08-18,000023,35.19,5403382
2023-08-21,000023,34.68,5045085
2023-08-22,000023,35.23,6002568
2023-08-23,000023,35.66,7603110
2023-08-24,000023,35.33,1957829
2023-08-25,000023,35.05,1184053
2023-08-28,000023,35.72,6355638
2023-08-29,000023,34.85,6169594
2023-08-30,000023,34.61,2421356
2023-08-31,000023,34.93,8342745
2023-09-01,000023,35.41,3153296
2023-09-04,000023,35.13,8489657
2023-09-05,000023,34.81,8888012
2023-09-06,000023,34.35,9604793
2023-09-07,000023,35.35,3526661
2023-09-08,000023,35.84,4704291
2023-09-11,000023,35.67,4488345
2023-09-12,000023,35.52,8820500
2023-09-13,000023,36.16,2480509
2023-09-14,000023,36.31,4211074
2023-09-15,000023,37.06,6688614
2023-09-18,000023,37.56,3684416
2023-09-19,000023,37.49,9661861
2023-09-20,000023,36.82,1478138
2023-09-21,000023,36.93,3256249
2023-09-22,000023,37.25,3505030
2023-09-25,000023,36.82,1681631
2023-09-26,000023,36.85,4366072
2023-09-27,000023,37.85,4918050
2023-09-28,000023,38.8,1213236
2023-09-29,000023,39.46,7470619
2023-10-02,000023,38.99,6152232
2023-10-03,000023,40.13,5661172
2023-10-04,000023,39.2,8889821
2023-10-05,000023,40.22,6792970
2023-10-06,000023,40.08,1886232
2023-10-09,000023,40.88,4767165
2023-10-10,000023,39.95,3102639
2023-10-11,000023,41.0,5654943
2023-10-12,000023,42.07,6443322
2023-10-13,000023,41.68,5458782
2023-10-16,000023,42.68,8574737
2023-10-17,000023,43.04,4187845
2023-10-18,000023,42.04,9680403
2023-10-19,000023,42.87,2182720
2023-10-20,000023,43.54,5349773
2023-10-23,000023,44.24,7468493
2023-10-24,000023,44.06,1094654
2023-10-25,000023,45.16,5128243
2023-10-26,000023,45.78,2963345
2023-10-27,000023,47.07,6191712
2023-10-30,000023,45.85,5143119
2023-10-31,000023,47.19,8507627
2023-11-01,000023,46.99,2259586
2023-11-02,000023,48.34,1628571
2023-11-03,000023,48.58,5226692
2023-11-06,000023,49.14,6982606
2023-11-07,000023,50.59,8622132
2023-11-08,000023,51.94,5013747
2023-11-09,000023,50.81,2011620
2023-11-10,000023,49.9,4625140
2023-11-13,000023,48.72,1151853
2023-11-14,000023,48.29,7423128
2023-11-15,000023,47.66,4407177
2023-11-16,000023,47.39,4052546
2023-11-17,000023,47.66,2135638
2023-11-20,000023,47.86,1401565
2023-11-21,000023,46.64,5071273
2023-11-22,000023,46.54,7050636
2023-11-23,000023,46.26,7687554
2023-11-24,000023,46.64,2948090
2023-11-27,000023,46.83,4005693
2023-11-28,000023,47.58,8943437
2023-11-29,000023,46.69,7272535
2023-11-30,000023,45.79,2933938
2023-12-01,000023,46.06,1353017
2022-01-03,000024,49.28,6049090
2022-01-04,000024,50.1,7218089
2022-01-05,000024,49.11,8784212
2022-01-06,000024,49.5,5038454
2022-01-07,000024,49.11,9556890
2022-01-10,000024,48.71,6888707
2022-01-11,000024,49.51,2615228
2022-01-12,000024,49.19,4495132
2022-01-13,000024,50.19,8857299
2022-01-14,000024,50.67,4984733
2022-01-17,000024,51.98,9385406
2022-01-18,000024,53.41,6197205
2022-01-19,000024,53.38,9363676
2022-01-20,000024,53.61,1113419
2022-01-21,000024,53.73,7927631
2022-01-24,000024,54.21,4041099
2022-01-25,000024,55.55,6801834
2022-01-26,000024,54.76,6951507
2022-01-27,000024,53.36,6266057
2022-01-28,000024,53.4,5682530
2022-01-31,000024,53.47,9511211
2022-02-01,000024,53.61,4317642
2022-02-02,000024,55.16,6903103
2022-02-03,000024,55.66,9872636
2022-02-04,000024,54.1,7060884
2022-02-07,000024,54.54,5655810
2022-02-08,000024,53.33,9554096
2022-02-09,000024,54.92,8928510
2022-02-10,000024,53.75,8654025
2022-02-11,000024,53.8,2698738
2022-02-14,000024,52.58,8566326
2022-02-15,000024,53.64,7594293
2022-02-16,000024,54.69,1766150
2022-02-17,000024,53.76,1026362
2022-02-18,000024,53.42,6173919
2022-02-21,000024,54.63,1911242
2022-02-22,000024,56.11,5496154
2022-02-23,000024,54.48,7604263
2022-02-24,000024,54.7,3379107
2022-02-25,000024,54.92,9314307
2022-02-28,000024,54.2,3636726
2022-03-01,000024,54.35,4754196
2022-03-02,000024,53.5,5929181
2022-03-03,000024,53.06,5248361
2022-03-04,000024,53.65,7115077
2022-03-07,000024,53.6,2754947
2022-03-08,000024,52.61,6229109
2022-03-09,000024,53.74,6506248
2022-03-10,000024,53.52,2865336
2022-03-11,000024,53.85,5227186
2022-03-14,000024,54.01,9701006
2022-03-15,000024,54.33,9041084
2022-03-16,000024,54.79,2009507
2022-03-17,000024,55.47,9721178
2022-03-18,000024,54.27,5786176
2022-03-21,000024,55.08,1039668
2022-03-22,000024,53.81,9299531
2022-03-23,000024,54.43,7077082
2022-03-24,000024,52.82,5290451
2022-03-25,000024,53.65,7540029
2022-03-28,000024,53.0,1238400
2022-03-29,000024,53.45,2632163
2022-03-30,000024,53.13,5965374
2022-03-31,000024,53.74,8132229
2022-04-01,000024,52.8,3012333
2022-04-04,000024,51.97,5086802
2022-04-05,000024,51.21,8345666
2022-04-06,000024,51.04,9596649
2022-04-07,000024,51.5,8127474
2022-04-08,000024,50.45,4850090
2022-04-11,000024,48.95,1163803
2022-04-12,000024,49.46,7166952
2022-04-13,000024,48.74,3377756
2022-04-14,000024,48.62,3419479
2022-04-15,000024,48.59,7354603
2022-04-18,000024,47.6,8083110
2022-04-19,000024,48.73,7371994
2022-04-20,000024,49.31,3223297
2022-04-21,000024,50.18,1648485
2022-04-22,000024,50.57,4157858
2022-04-25,000024,50.72,6671214
2022-04-26,000024,51.63,4857674
2022-04-27,000024,51.46,8071674
2022-04-28,000024,50.81,2089399
2022-04-29,000024,51.82,1961304
2022-05-02,000024,51.51,5260991
2022-05-03,000024,53.02,4847338
2022-05-04,000024,53.99,6963688
2022-05-05,000024,55.39,2856926
2022-05-06,000024,55.14,6432987
2022-05-09,000024,55.41,8478975
2022-05-10,000024,55.01,5540568
2022-05-11,000024,54.96,9617264
2022-05-12,000024,54.81,5020070
2022-05-13,000024,55.43,4546538
2022-05-16,000024,54.4,7095819
2022-05-17,000024,55.91,6922675
2022-05-18,000024,54.52,4203752
2022-05-19,000024,53.47,5214991
2022-05-20,000024,54.04,1985466
2022-05-23,000024,53.96,6793938
2022-05-24,000024,54.88,1524711
2022-05-25,000024,54.29,9139004
2022-05-26,000024,53.23,6078598
2022-05-27,000024,53.95,4786053
2022-05-30,000024,54.71,8025437
2022-05-31,000024,53.92,6633571
2022-06-01,000024,54.17,8950011
2022-06-02,000024,55.53,4285758
2022-06-03,000024,57.0,3166257
2022-06-06,000024,57.44,6603054
2022-06-07,000024,57.36,2590543
2022-06-08,000024,56.27,4161560
2022-06-09,000024,56.51,6243876
2022-06-10,000024,57.28,4688902
2022-06-13,000024,56.93,2446263
2022-06-14,000024,57.66,4209092
2022-06-15,000024,56.75,3999042
2022-06-16,000024,58.38,5146681
2022-06-17,000024,59.04,3680353
2022-06-20,000024,58.83,8002961
2022-06-21,000024,57.76,3810660
2022-06-22,000024,58.7,8825878
2022-06-23,000024,59.47,5128374
2022-06-24,000024,59.31,8537276
2022-06-27,000024,59.48,9726611
2022-06-28,000024,58.44,3304644
2022-06-29,000024,57.37,6837409
2022-06-30,000024,56.65,8193076
2022-07-01,000024,57.01,6575944
2022-07-04,000024,57.76,4718463
2022-07-05,000024,58.37,1326583
2022-07-06,000024,57.06,3536448
2022-07-07,000024,57.78,1543040
2022-07-08,000024,57.27,2337279
2022-07-11,000024,58.74,8778680
2022-07-12,000024,59.91,5508049
2022-07-13,000024,61.56,1545476
2022-07-14,000024,59.99,5030688
2022-07-15,000024,61.52,3959588
2022-07-18,000024,59.92,2597511
2022-07-19,000024,58.55,5337281
2022-07-20,000024,57.45,6796748
2022-07-21,000024,57.86,5746975
2022-07-22,000024,59.15,6393289
2022-07-25,000024,60.48,3056054
2022-07-26,000024,60.48,3218202
2022-07-27,000024,61.15,5674750
2022-07-28,000024,62.36,5253392
2022-07-29,000024,61.11,3627536
2022-08-01,000024,62.63,1579622
2022-08-02,000024,62.7,4847225
2022-08-03,000024,62.71,9566231
2022-08-04,000024,63.45,4134468
2022-08-05,000024,63.18,4341270
2022-08-08,000024,64.8,1342764
2022-08-09,000024,63.03,4626111
2022-08-10,000024,64.5,9422157
2022-08-11,000024,64.1,9333198
2022-08-12,000024,64.93,1383305
2022-08-15,000024,66.32,7939514
2022-08-16,000024,65.07,2005731
2022-08-17,000024,65.46,2403834
2022-08-18,000024,65.2,6895961
2022-08-19,000024,65.38,9382275
2022-08-22,000024,64.92,3054693
2022-08-23,000024,63.29,9462399
2022-08-24,000024,64.18,9874425
2022-08-25,000024,64.11,8009746
2022-08-26,000024,62.58,4335075
2022-08-29,000024,61.64,9137883
2022-08-30,000024,62.53,5879081
2022-08-31,000024,62.72,1357200
2022-09-01,000024,61.67,4594315
2022-09-02,000024,61.9,7500166
2022-09-05,000024,60.71,8851214
2022-09-06,000024,60.66,4812157
2022-09-07,000024,60.26,9990337
2022-09-08,000024,61.66,4552801
2022-09-09,000024,60.6,2695307
2022-09-12,000024,60.26,9712891
2022-09-13,000024,61.21,1857772
2022-09-14,000024,61.44,8107646
2022-09-15,000024,60.36,9889216
2022-09-16,000024,61.01,3709927
2022-09-19,000024,62.28,3671858
2022-09-20,000024,62.22,8200523
2022-09-21,000024,63.42,6307408
2022-09-22,000024,64.77,3292002
2022-09-23,000024,64.1,7802185
2022-09-26,000024,63.77,2658910
2022-09-27,000024,65.67,7575233
2022-09-28,000024,64.3,7749377
2022-09-29,000024,64.66,9487414
2022-09-30,000024,64.86,4929281
2022-10-03,000024,63.85,5003585
2022-10-04,000024,64.9,8721100
2022-10-05,000024,64.08,3201773
2022-10-06,000024,64.25,2382737
2022-10-07,000024,63.47,2130568
2022-10-10,000024,63.59,8913752
2022-10-11,000024,62.33,7520251
2022-10-12,000024,62.04,8932350
2022-10-13,000024,61.34,3287338
2022-10-14,000024,60.76,7007994
2022-10-17,000024,60.63,9942048
2022-10-18,000024,58.83,4118819
2022-10-19,000024,59.24,5880061
2022-10-20,000024,60.24,3800883
2022-10-21,000024,61.47,4060855
2022-10-24,000024,61.39,6147949
2022-10-25,000024,60.6,7265387
2022-10-26,000024,61.36,3835479
2022-10-27,000024,61.76,1854525
2022-10-28,000024,61.91,9618485
2022-10-31,000024,61.66,3632540
2022-11-01,000024,59.87,8878181
2022-11-02,000024,60.82,3063201
2022-11-03,000024,60.76,5276264
2022-11-04,000024,59.35,2587663
2022-11-07,000024,58.82,2932298
2022-11-08,000024,60.16,1549139
2022-11-09,000024,60.44,9568073
2022-11-10,000024,59.52,7751686
2022-11-11,000024,59.88,2414709
2022-11-14,000024,60.12,8997518
2022-11-15,000024,60.67,2817289
2022-11-16,000024,61.72,2556635
2022-11-17,000024,62.76,9338949
2022-11-18,000024,63.98,9625335
2022-11-21,000024,64.92,3162695
2022-11-22,000024,64.17,3629925
2022-11-23,000024,64.46,7880050
2022-11-24,000024,65.77,1071867
2022-11-25,000024,64.48,1344121
2022-11-28,000024,63.01,4787088
2022-11-29,000024,63.14,5245554
2022-11-30,000024,61.73,7553764
2022-12-01,000024,60.73,7738185
2022-12-02,000024,60.77,9396497
2022-12-05,000024,60.57,7361615
2022-12-06,000024,59.82,8734835
2022-12-07,000024,61.28,8533106
2022-12-08,000024,60.03,1299947
2022-12-09,000024,58.41,2500042
2022-12-12,000024,58.95,7116128
2022-12-13,000024,59.4,2865818
2022-12-14,000024,60.3,9730403
2022-12-15,000024,60.84,1356140
2022-12-16,000024,59.91,5528101
2022-12-19,000024,59.04,8069217
2022-12-20,000024,57.96,5812712
2022-12-21,000024,56.34,2127071
2022-12-22,000024,56.77,4901726
2022-12-23,000024,58.47,4676581
2022-12-26,000024,59.12,7101390
2022-12-27,000024,58.34,4756187
2022-12-28,000024,57.13,3396663
2022-12-29,000024,57.01,1711109
2022-12-30,000024,57.01,5637667
2023-01-02,000024,57.27,4361196
2023-01-03,000024,58.05,8122608
2023-01-04,000024,56.55,4555453
2023-01-05,000024,55.36,1147678
2023-01-06,000024,55.05,4838706
2023-01-09,000024,54.02,4349394
2023-01-10,000024,54.25,1831616
2023-01-11,000024,53.85,9027692
2023-01-12,000024,53.54,1699298
2023-01-13,000024,52.84,6782595
2023-01-16,000024,53.58,8667979
2023-01-17,000024,54.78,3236707
2023-01-18,000024,54.76,9750541
2023-01-19,000024,55.8,1293038
2023-01-20,000024,54.86,5454416
2023-01-23,000024,54.85,2028144
2023-01-24,000024,53.45,2493830
2023-01-25,000024,54.69,1514009
2023-01-26,000024,54.99,7757912
2023-01-27,000024,54.62,3536437
2023-01-30,000024,55.4,3869624
2023-01-31,000024,54.41,8468313
2023-02-01,000024,54.71,2082704
2023-02-02,000024,53.74,8168880
2023-02-03,000024,52.81,6421240
2023-02-06,000024,51.72,5127081
2023-02-07,000024,51.28,3129440
2023-02-08,000024,50.51,5174856
2023-02-09,000024,51.86,5103248
2023-02-10,000024,51.28,7916480
2023-02-13,000024,50.96,1146516
2023-02-14,000024,50.52,4518307
2023-02-15,000024,50.15,2333150
2023-02-16,000024,50.48,4731263
2023-02-17,000024,50.86,1301272
2023-02-20,000024,52.2,8188727
2023-02-21,000024,53.62,6983100
2023-02-22,000024,54.75,1817540
2023-02-23,000024,55.63,4532518
2023-02-24,000024,54.27,1623409
2023-02-27,000024,54.31,5281224
2023-02-28,000024,54.57,8648292
2023-03-01,000024,53.82,2834033
2023-03-02,000024,53.25,4365747
2023-03-03,000024,52.75,8462037
2023-03-06,000024,52.71,9628803
2023-03-07,000024,53.76,4597435
2023-03-08,000024,52.67,4300229
2023-03-09,000024,51.36,9787189
2023-03-10,000024,50.76,3794552
2023-03-13,000024,50.97,2846417
2023-03-14,000024,52.12,7211891
2023-03-15,000024,52.39,7569156
2023-03-16,000024,52.7,9136451
2023-03-17,000024,52.24,3246062
2023-03-20,000024,51.28,4854734
2023-03-21,000024,52.44,9777010
2023-03-22,000024,52.43,1523353
2023-03-23,000024,52.23,9346016
2023-03-24,000024,51.18,6984677
2023-03-27,000024,50.29,1446086
2023-03-28,000024,50.73,6629066
2023-03-29,000024,50.21,1882247
2023-03-30,000024,50.7,5537753
2023-03-31,000024,49.83,4439918
2023-04-03,000024,48.81,8573637
2023-04-04,000024,49.77,7639732
2023-04-05,000024,50.23,2933721
2023-04-06,000024,50.28,5248376
2023-04-07,000024,51.75,4312622
2023-04-10,000024,51.23,6294607
2023-04-11,000024,51.66,2542314
2023-04-12,000024,52.46,3282031
2023-04-13,000024,53.3,3713046
2023-04-14,000024,51.96,9661982
2023-04-17,000024,51.17,1125919
2023-04-18,000024,51.45,5456650
2023-04-19,000024,52.18,4376275
2023-04-20,000024,51.27,4288587
2023-04-21,000024,52.66,7925433
2023-04-24,000024,51.45,2500770
2023-04-25,000024,50.82,9505048
2023-04-26,000024,49.6,8691401
2023-04-27,000024,50.34,8152459
2023-04-28,000024,49.93,9286103
2023-05-01,000024,51.09,3568066
2023-05-02,000024,52.19,7021264
2023-05-03,000024,53.44,1099687
2023-05-04,000024,53.4,2990774
2023-05-05,000024,54.25,5464477
2023-05-08,000024,55.47,6051539
2023-05-09,000024,53.93,2295663
2023-05-10,000024,53.18,6887521
2023-05-11,000024,52.77,6484183
2023-05-12,000024,54.15,5317815
2023-05-15,000024,53.8,5373079
2023-05-16,000024,52.86,4873407
2023-05-17,000024,54.05,2766207
2023-05-18,000024,52.88,1177250
2023-05-19,000024,52.03,7114885
2023-05-22,000024,51.44,5767954
2023-05-23,000024,51.52,9337430
2023-05-24,000024,51.41,1421786
2023-05-25,000024,52.57,3013704
2023-05-26,000024,53.95,2517648
2023-05-29,000024,54.32,7344961
2023-05-30,000024,53.2,1078805
2023-05-31,000024,53.01,9320128
2023-06-01,000024,52.23,3888542
2023-06-02,000024,51.93,1951356
2023-06-05,000024,52.13,3091323
2023-06-06,000024,51.97,7142263
2023-06-07,000024,51.72,7545521
2023-06-08,000024,53.07,5583146
2023-06-09,000024,53.47,9947203
2023-06-12,000024,52.1,2138636
2023-06-13,000024,50.93,4299442
2023-06-14,000024,50.01,2418765
2023-06-15,000024,49.48,7607306
2023-06-16,000024,48.16,1118290
2023-06-19,000024,49.11,9486894
2023-06-20,000024,49.51,3225333
2023-06-21,000024,48.75,2124247
2023-06-22,000024,48.07,6405381
2023-06-23,000024,48.51,4772466
2023-06-26,000024,47.61,9150380
2023-06-27,000024,46.83,3319121
2023-06-28,000024,47.78,5447394
2023-06-29,000024,46.82,2122143
2023-06-30,000024,47.15,1925139
2023-07-03,000024,47.9,3506036
2023-07-04,000024,46.69,8138482
2023-07-05,000024,47.77,2940314
2023-07-06,000024,46.34,9903273
2023-07-07,000024,47.2,7591992
2023-07-10,000024,48.13,9126096
2023-07-11,000024,47.79,6914817
2023-07-12,000024,47.35,3228346
2023-07-13,000024,48.62,4997224
2023-07-14,000024,48.33,7253302
2023-07-17,000024,48.09,4104024
2023-07-18,000024,47.58,4175656
2023-07-19,000024,48.19,8939821
2023-07-20,000024,47.49,9917653
2023-07-21,000024,47.58,5977851
2023-07-24,000024,48.39,7284517
2023-07-25,000024,47.09,8819223
2023-07-26,000024,48.44,1196022
2023-07-27,000024,48.49,9254668
2023-07-28,000024,48.98,9322767
2023-07-31,000024,49.8,1786305
2023-08-01,000024,50.51,8034992
2023-08-02,000024,49.89,6683076
2023-08-03,000024,48.54,5318747
2023-08-04,000024,47.89,9548268
2023-08-07,000024,47.66,1260511
2023-08-08,000024,48.08,8518712
2023-08-09,000024,48.98,8796168
2023-08-10,000024,49.01,4975917
2023-08-11,000024,49.51,2601050
2023-08-14,000024,50.94,8339447
2023-08-15,000024,50.58,5831495
2023-08-16,000024,51.9,9697836
2023-08-17,000024,52.83,6748324
2023-08-18,000024,51.91,4678593
2023-08-21,000024,50.41,5538356
2023-08-22,000024,50.02,5134759
2023-08-23,000024,51.03,6570260
2023-08-24,000024,50.21,7498648
2023-08-25,000024,50.31,6094224
2023-08-28,000024,51.58,7504431
2023-08-29,000024,50.41,6916360
2023-08-30,000024,48.98,2477316
2023-08-31,000024,49.5,1852941
2023-09-01,000024,49.99,7773125
2023-09-04,000024,48.85,9827833
2023-09-05,000024,49.32,8903736
2023-09-06,000024,48.9,4944475
2023-09-07,000024,48.44,3619996
2023-09-08,000024,49.15,4074725
2023-09-11,000024,48.1,3386923
2023-09-12,000024,49.51,3946103
2023-09-13,000024,50.7,8620726
2023-09-14,000024,52.21,6386392
2023-09-15,000024,53.35,2702633
2023-09-18,000024,54.2,3018506
2023-09-19,000024,53.73,5817584
2023-09-20,000024,53.06,4407015
2023-09-21,000024,53.91,7551124
2023-09-22,000024,54.56,5582108
2023-09-25,000024,53.83,6210233
2023-09-26,000024,53.27,9464715
2023-09-27,000024,54.78,2988389
2023-09-28,000024,53.81,9432808
2023-09-29,000024,52.63,3010882
2023-10-02,000024,52.86,6431806
2023-10-03,000024,53.79,2949734
2023-10-04,000024,53.19,9387916
2023-10-05,000024,53.59,1292617
2023-10-06,000024,53.32,4010521
2023-10-09,000024,54.42,1687095
2023-10-10,000024,53.32,7238057
2023-10-11,000024,53.76,6292306
2023-10-12,000024,53.35,3162314
2023-10-13,000024,52.96,7604545
2023-10-16,000024,53.48,8113906
2023-10-17,000024,53.34,2711482
2023-10-18,000024,54.88,6364922
2023-10-19,000024,56.43,2980176
2023-10-20,000024,56.35,5926815
2023-10-23,000024,57.97,2439301
2023-10-24,000024,59.28,2858682
2023-10-25,000024,59.38,8247628
2023-10-26,000024,58.43,3827446
2023-10-27,000024,56.98,6380884
2023-10-30,000024,56.55,8160115
2023-10-31,000024,58.06,8275497
2023-11-01,000024,56.68,8608538
2023-11-02,000024,55.96,5728293
2023-11-03,000024,54.59,7249608
2023-11-06,000024,55.14,9623133
2023-11-07,000024,55.19,5751314
2023-11-08,000024,55.84,2434727
2023-11-09,000024,54.38,8361880
2023-11-10,000024,54.12,1630345
2023-11-13,000024,53.37,1818301
2023-11-14,000024,54.75,8983729
2023-11-15,000024,56.02,4756715
2023-11-16,000024,57.06,5243600
2023-11-17,000024,58.65,2021615
2023-11-20,000024,58.11,8219784
2023-11-21,000024,57.74,9033454
2023-11-22,000024,57.3,7766364
2023-11-23,000024,58.61,7838342
2023-11-24,000024,57.07,1016248
2023-11-27,000024,58.21,4245149
2023-11-28,000024,58.27,4696364
2023-11-29,000024,58.16,2057977
2023-11-30,000024,59.44,1537126
2023-12-01,000024,59.7,2305724
2022-01-03,000025,50.24,8285069
2022-01-04,000025,51.14,9036122
2022-01-05,000025,50.88,9772309
2022-01-06,000025,51.91,8526262
2022-01-07,000025,51.32,5130375
2022-01-10,000025,51.78,8184450
2022-01-11,000025,50.68,8695771
2022-01-12,000025,51.71,8614609
2022-01-13,000025,52.56,5042486
2022-01-14,000025,51.01,1062395
2022-01-17,000025,51.14,6242668
2022-01-18,000025,51.5,9119478
2022-01-19,000025,51.94,2470449
2022-01-20,000025,50.72,1138846
2022-01-21,000025,49.87,9503624
2022-01-24,000025,49.4,2136580
2022-01-25,000025,50.46,9314154
2022-01-26,000025,51.38,4491876
2022-01-27,000025,51.72,4601131
2022-01-28,000025,52.51,9255439
2022-01-31,000025,51.2,7275063
2022-02-01,000025,51.65,6138641
2022-02-02,000025,51.35,9638295
2022-02-03,000025,50.58,6799741
2022-02-04,000025,50.14,6158293
2022-02-07,000025,51.38,2775139
2022-02-08,000025,50.59,9069699
2022-02-09,000025,51.03,7849674
2022-02-10,000025,51.99,1870512
2022-02-11,000025,51.75,4299097
2022-02-14,000025,50.24,5173705
2022-02-15,000025,49.55,1321657
2022-02-16,000025,49.83,1110033
2022-02-17,000025,48.51,6698031
2022-02-18,000025,47.7,3938934
2022-02-21,000025,48.31,2365242
2022-02-22,000025,48.65,8342179
2022-02-23,000025,47.79,8706705
2022-02-24,000025,46.72,3859828
2022-02-25,000025,46.77,3805758
2022-02-28,000025,46.62,9917284
2022-03-01,000025,46.14,1546673
2022-03-02,000025,46.0,5947000
2022-03-03,000025,45.13,1674408
2022-03-04,000025,45.21,8808423
2022-03-07,000025,46.3,7706427
2022-03-08,000025,47.2,9299734
2022-03-09,000025,47.74,9956353
2022-03-10,000025,47.41,2276962
2022-03-11,000025,46.83,7312852
2022-03-14,000025,45.89,3996907
2022-03-15,000025,45.61,5735678
2022-03-16,000025,44.43,1888970
2022-03-17,000025,44.96,4019854
2022-03-18,000025,46.2,7050987
2022-03-21,000025,46.31,8591847
2022-03-22,000025,47.15,7664728
2022-03-23,000025,46.96,3549797
2022-03-24,000025,46.79,2515316
2022-03-25,000025,46.68,2648484
2022-03-28,000025,45.53,1090780
2022-03-29,000025,44.77,9148233
2022-03-30,000025,45.53,9364239
2022-03-31,000025,45.1,3388465
2022-04-01,000025,45.18,3874651
2022-04-04,000025,45.1,7380367
2022-04-05,000025,46.1,6214338
2022-04-06,000025,47.2,5905234
2022-04-07,000025,45.99,6664250
2022-04-08,000025,47.28,3987343
2022-04-11,000025,46.98,4584109
2022-04-12,000025,47.22,6119871
2022-04-13,000025,48.36,5304205
2022-04-14,000025,49.54,7534448
2022-04-15,000025,48.1,5804828
2022-04-18,000025,47.47,4777484
2022-04-19,000025,46.29,3245625
2022-04-20,000025,45.6,1382667
2022-04-21,000025,45.89,9110619
2022-04-22,000025,44.84,8038866
2022-04-25,000025,44.43,4117823
2022-04-26,000025,43.17,4228354
2022-04-27,000025,42.63,7870601
2022-04-28,000025,43.16,7606063
2022-04-29,000025,43.96,1034829
2022-05-02,000025,44.58,2464728
2022-05-03,000025,44.45,8992836
2022-05-04,000025,44.89,8631788
2022-05-05,000025,45.34,1367132
2022-05-06,000025,46.51,8537233
2022-05-09,000025,47.07,9940861
2022-05-10,000025,46.28,6937901
2022-05-11,000025,45.05,5088379
2022-05-12,000025,44.01,2800938
2022-05-13,000025,42.91,4376758
2022-05-16,000025,43.1,4261038
2022-05-17,000025,42.5,4949568
2022-05-18,000025,43.66,1914609
2022-05-19,000025,43.16,1476324
2022-05-20,000025,44.41,4117157
2022-05-23,000025,44.68,2438195
2022-05-24,000025,45.88,4096116
2022-05-25,000025,46.8,6472535
2022-05-26,000025,46.79,6930760
2022-05-27,000025,46.0,9486665
2022-05-30,000025,45.7,6840231
2022-05-31,000025,44.76,2320583
2022-06-01,000025,44.21,9328045
2022-06-02,000025,44.2,9957711
2022-06-03,000025,43.63,1304191
2022-06-06,000025,44.61,8864977
2022-06-07,000025,44.39,8976941
2022-06-08,000025,45.49,6340498
2022-06-09,000025,46.78,1716145
2022-06-10,000025,46.19,7452134
2022-06-13,000025,47.54,5398339
2022-06-14,000025,48.38,4294897
2022-06-15,000025,48.47,6970320
2022-06-16,000025,47.42,6203465
2022-06-17,000025,46.13,8976181
2022-06-20,000025,47.28,7408680
2022-06-21,000025,47.24,9833702
2022-06-22,000025,48.31,2243000
2022-06-23,000025,49.74,9709903
2022-06-24,000025,50.44,9624372
2022-06-27,000025,49.48,2800197
2022-06-28,000025,49.37,7870670
2022-06-29,000025,48.87,2224431
2022-06-30,000025,47.89,9565632
2022-07-01,000025,46.84,8332156
2022-07-04,000025,46.58,2939667
2022-07-05,000025,47.07,1757410
2022-07-06,000025,46.04,9778031
2022-07-07,000025,45.95,9343483
2022-07-08,000025,46.14,2468354
2022-07-11,000025,46.13,5735205
2022-07-12,000025,44.84,3570440
2022-07-13,000025,45.29,5611928
2022-07-14,000025,45.54,1698606
2022-07-15,000025,45.42,5415121
2022-07-18,000025,44.55,7158564
2022-07-19,000025,45.8,6930189
2022-07-20,000025,45.2,4629479
2022-07-21,000025,44.0,3595627
2022-07-22,000025,43.71,6440799
2022-07-25,000025,44.06,7653933
2022-07-26,000025,44.38,6349712
2022-07-27,000025,43.73,1891770
2022-07-28,000025,43.7,7017314
2022-07-29,000025,43.64,1139768
2022-08-01,000025,44.24,4646133
2022-08-02,000025,44.87,3912938
2022-08-03,000025,45.81,8798781
2022-08-04,000025,45.81,7163608
2022-08-05,000025,46.58,3110418
2022-08-08,000025,45.34,6326930
2022-08-09,000025,45.77,8395262
2022-08-10,000025,45.27,6963495
2022-08-11,000025,44.98,1131671
2022-08-12,000025,46.16,6184164
2022-08-15,000025,46.54,8228321
2022-08-16,000025,47.12,3864394
2022-08-17,000025,46.95,5840437
2022-08-18,000025,46.69,9026064
2022-08-19,000025,46.7,5741801
2022-08-22,000025,45.93,8949390
2022-08-23,000025,46.81,7981680
2022-08-24,000025,45.86,5018932
2022-08-25,000025,46.73,5708531
2022-08-26,000025,46.06,5953268
2022-08-29,000025,46.94,1623234
2022-08-30,000025,46.32,2519550
2022-08-31,000025,47.48,1727564
2022-09-01,000025,46.8,8576348
2022-09-02,000025,46.32,3924958
2022-09-05,000025,45.27,4617663
2022-09-06,000025,46.32,4194943
2022-09-07,000025,46.3,4351288
2022-09-08,000025,46.8,9851618
2022-09-09,000025,45.89,1099336
2022-09-12,000025,45.11,4052122
2022-09-13,000025,45.66,3170945
2022-09-14,000025,45.95,3245672
2022-09-15,000025,46.67,4009641
2022-09-16,000025,45.96,1763930
2022-09-19,000025,47.04,1326040
2022-09-20,000025,45.87,2999358
2022-09-21,000025,45.83,6098780
2022-09-22,000025,46.44,5829757
2022-09-23,000025,47.48,4435951
2022-09-26,000025,47.09,6704952
2022-09-27,000025,47.65,6276567
2022-09-28,000025,46.85,6870215
2022-09-29,000025,46.96,1359914
2022-09-30,000025,46.53,3450208
2022-10-03,000025,46.93,4944698
2022-10-04,000025,46.08,9529420
2022-10-05,000025,45.17,4591214
2022-10-06,000025,44.51,8606720
2022-10-07,000025,45.33,4371365
2022-10-10,000025,45.79,8026212
2022-10-11,000025,46.97,4632976
2022-10-12,000025,47.9,2795309
2022-10-13,000025,46.6,9767562
2022-10-14,000025,47.13,9861844
2022-10-17,000025,48.48,2396290
2022-10-18,000025,49.43,8521724
2022-10-19,000025,49.3,2071782
2022-10-20,000025,48.09,2979076
2022-10-21,000025,49.08,5158705
2022-10-24,000025,50.29,1197272
2022-10-25,000025,50.38,9822836
2022-10-26,000025,49.92,3075646
2022-10-27,000025,48.78,1246727
2022-10-28,000025,48.31,2287050
2022-10-31,000025,47.35,2509106
2022-11-01,000025,46.13,3736719
2022-11-02,000025,45.3,2406721
2022-11-03,000025,45.87,5655129
2022-11-04,000025,46.21,9557390
2022-11-07,000025,44.85,6935903
2022-11-08,000025,43.81,6027467
2022-11-09,000025,44.54,5494970
2022-11-10,000025,45.67,3246604
2022-11-11,000025,45.89,5066754
2022-11-14,000025,46.88,2077839
2022-11-15,000025,45.56,7199960
2022-11-16,000025,44.69,3045742
2022-11-17,000025,44.6,2421380
2022-11-18,000025,45.26,2592404
2022-11-21,000025,46.07,9906346
2022-11-22,000025,45.8,1072193
2022-11-23,000025,45.2,6528081
2022-11-24,000025,45.5,7034544
2022-11-25,000025,45.79,1095140
2022-11-28,000025,46.85,6848440
2022-11-29,000025,47.09,9143098
2022-11-30,000025,46.18,2479501
2022-12-01,000025,45.74,9492656
2022-12-02,000025,46.25,9561396
2022-12-05,000025,47.45,6623301
2022-12-06,000025,47.88,6677584
2022-12-07,000025,46.5,1072788
2022-12-08,000025,46.95,8248097
2022-12-09,000025,45.79,2657133
2022-12-12,000025,46.36,2568682
2022-12-13,000025,46.14,3033701
2022-12-14,000025,44.77,6115009
2022-12-15,000025,44.82,2003578
2022-12-16,000025,43.76,5137676
2022-12-19,000025,42.98,4016559
2022-12-20,000025,43.8,6126203
2022-12-21,000025,42.64,1107367
2022-12-22,000025,42.34,2581288
2022-12-23,000025,41.76,4689162
2022-12-26,000025,41.43,2202457
2022-12-27,000025,41.2,2962217
2022-12-28,000025,41.99,4467550
2022-12-29,000025,42.65,6065990
2022-12-30,000025,42.67,9934646
2023-01-02,000025,42.83,7530310
2023-01-03,000025,42.53,2998242
2023-01-04,000025,42.69,1697202
2023-01-05,000025,41.48,1182538
2023-01-06,000025,42.36,8529693
2023-01-09,000025,41.17,4439249
2023-01-10,000025,40.44,3480952
2023-01-11,000025,41.09,2475846
2023-01-12,000025,42.24,2929004
2023-01-13,000025,43.27,4869011
2023-01-16,000025,42.76,1971037
2023-01-17,000025,43.68,6056250
2023-01-18,000025,44.26,1203655
2023-01-19,000025,44.39,5156888
2023-01-20,000025,43.17,6646017
2023-01-23,000025,41.99,5362565
2023-01-24,000025,41.92,8967815
2023-01-25,000025,42.87,8383650
2023-01-26,000025,42.06,5831037
2023-01-27,000025,41.14,9692580
2023-01-30,000025,40.18,7938633
2023-01-31,000025,39.47,9418710
2023-02-01,000025,38.53,9477507
2023-02-02,000025,38.33,1987098
2023-02-03,000025,37.24,3152529
2023-02-06,000025,38.22,6993755
2023-02-07,000025,37.94,1286266
2023-02-08,000025,37.22,6579703
2023-02-09,000025,37.21,8642094
2023-02-10,000025,36.79,4878774
2023-02-13,000025,36.39,1925005
2023-02-14,000025,35.62,8819571
2023-02-15,000025,36.47,4226033
2023-02-16,000025,36.12,2139689
2023-02-17,000025,35.58,2395931
2023-02-20,000025,35.08,9642602
2023-02-21,000025,35.3,6107403
2023-02-22,000025,35.56,2560586
2023-02-23,000025,35.98,6443231
2023-02-24,000025,35.76,7401063
2023-02-27,000025,35.27,2785282
2023-02-28,000025,36.28,4917711
2023-03-01,000025,36.02,8500649
2023-03-02,000025,35.0,2921932
2023-03-03,000025,34.28,7564134
2023-03-06,000025,34.07,2225392
2023-03-07,000025,33.41,3186674
2023-03-08,000025,33.9,3292734
2023-03-09,000025,33.92,2988872
2023-03-10,000025,33.31,9953068
2023-03-13,000025,33.13,4709461
2023-03-14,000025,33.36,5970401
2023-03-15,000025,33.02,9695147
2023-03-16,000025,33.74,8758232
2023-03-17,000025,33.87,1934200
2023-03-20,000025,34.14,9428491
2023-03-21,000025,34.55,2481069
2023-03-22,000025,34.37,3548389
2023-03-23,000025,35.22,8508923
2023-03-24,000025,34.79,3658519
2023-03-27,000025,35.21,6482518
2023-03-28,000025,35.33,3789730
2023-03-29,000025,34.76,7238320
2023-03-30,000025,34.4,8977373
2023-03-31,000025,34.47,6617954
2023-04-03,000025,33.54,8446340
2023-04-04,000025,33.76,5130678
2023-04-05,000025,34.32,3829730
2023-04-06,000025,34.49,9339103
2023-04-07,000025,34.09,7002800
2023-04-10,000025,33.9,4556815
2023-04-11,000025,33.26,1590213
2023-04-12,000025,33.01,9502157
2023-04-13,000025,32.15,6220211
2023-04-14,000025,33.06,2610205
2023-04-17,000025,33.56,5507661
2023-04-18,000025,32.97,8566803
2023-04-19,000025,33.42,9447198
2023-04-20,000025,33.66,9858065
2023-04-21,000025,33.79,8020599
2023-04-24,000025,33.59,7368066
2023-04-25,000025,33.85,1147775
2023-04-26,000025,33.17,8050980
2023-04-27,000025,32.39,6966667
2023-04-28,000025,33.27,3154438
2023-05-01,000025,32.48,4090520
2023-05-02,000025,32.33,9408229
2023-05-03,000025,31.49,5787965
2023-05-04,000025,32.24,8438305
2023-05-05,000025,32.23,4121583
2023-05-08,000025,31.52,5727944
2023-05-09,000025,31.2,6466200
2023-05-10,000025,30.31,3360779
2023-05-11,000025,30.95,3074964
2023-05-12,000025,30.29,2389792
2023-05-15,000025,30.46,2290853
2023-05-16,000025,31.11,9898854
2023-05-17,000025,30.86,1801674
2023-05-18,000025,30.22,8863093
2023-05-19,000025,29.83,3656314
2023-05-22,000025,29.37,7821978
2023-05-23,000025,29.88,4755459
2023-05-24,000025,30.72,5956857
2023-05-25,000025,29.97,8310181
2023-05-26,000025,30.84,3206438
2023-05-29,000025,30.88,7701548
2023-05-30,000025,29.99,1241361
2023-05-31,000025,30.37,1296983
2023-06-01,000025,31.25,2799541
2023-06-02,000025,31.31,2671207
2023-06-05,000025,31.2,9843154
2023-06-06,000025,30.89,8506271
2023-06-07,000025,31.09,5285698
2023-06-08,000025,31.26,3218069
2023-06-09,000025,30.76,6467590
2023-06-12,000025,30.85,4977146
2023-06-13,000025,30.22,1133176
2023-06-14,000025,30.23,9527610
2023-06-15,000025,31.11,2929646
2023-06-16,000025,31.4,5926449
2023-06-19,000025,31.16,5296139
2023-06-20,000025,31.93,7163096
2023-06-21,000025,31.34,1258288
2023-06-22,000025,32.27,8234027
2023-06-23,000025,32.26,3803041
2023-06-26,000025,32.97,1938261
2023-06-27,000025,32.24,5534227
2023-06-28,000025,32.83,3398194
2023-06-29,000025,31.88,2138335
2023-06-30,000025,30.97,1277406
2023-07-03,000025,31.39,9161141
2023-07-04,000025,30.93,3580787
2023-07-05,000025,30.51,9965880
2023-07-06,000025,30.69,6251142
2023-07-07,000025,30.13,8578497
2023-07-10,000025,29.41,6072693
2023-07-11,000025,29.44,3613751
2023-07-12,000025,30.3,3056925
2023-07-13,000025,30.62,8295121
2023-07-14,000025,31.14,9000631
2023-07-17,000025,30.74,6952724
2023-07-18,000025,31.21,4105544
2023-07-19,000025,30.88,8207109
2023-07-20,000025,31.4,7849051
2023-07-21,000025,31.04,6348060
2023-07-24,000025,30.41,3606999
2023-07-25,000025,30.5,6415174
2023-07-26,000025,30.05,9983182
2023-07-27,000025,30.76,3989982
2023-07-28,000025,31.01,5748535
2023-07-31,000025,30.85,9320864
2023-08-01,000025,30.44,1451624
2023-08-02,000025,30.37,3596911
2023-08-03,000025,31.13,6204821
2023-08-04,000025,30.79,9384804
2023-08-07,000025,29.93,8195217
2023-08-08,000025,30.65,5452521
2023-08-09,000025,31.44,9553934
2023-08-10,000025,32.31,3529239
2023-08-11,000025,33.13,1657180
2023-08-14,000025,32.85,3789887
2023-08-15,000025,32.79,7240644
2023-08-16,000025,31.87,2778377
2023-08-17,000025,32.25,9121010
2023-08-18,000025,33.06,9136407
2023-08-21,000025,33.95,1859223
2023-08-22,000025,33.01,1248742
2023-08-23,000025,33.61,2950981
2023-08-24,000025,34.01,6957010
2023-08-25,000025,34.75,1559132
2023-08-28,000025,35.4,1394234
2023-08-29,000025,35.7,7889227
2023-08-30,000025,35.85,7360499
2023-08-31,000025,35.1,6335756
2023-09-01,000025,34.43,8309377
2023-09-04,000025,34.23,1860238
2023-09-05,000025,33.23,4661153
2023-09-06,000025,34.01,9836071
2023-09-07,000025,33.46,3878871
2023-09-08,000025,33.05,2694982
2023-09-11,000025,33.91,4229912
2023-09-12,000025,33.27,1140540
2023-09-13,000025,32.56,8843336
2023-09-14,000025,31.87,9086587
2023-09-15,000025,32.33,6887882
2023-09-18,000025,32.6,9828868
2023-09-19,000025,33.53,1171528
2023-09-20,000025,33.87,1050435
2023-09-21,000025,33.18,3980682
2023-09-22,000025,32.66,3025874
2023-09-25,000025,31.94,1589300
2023-09-26,000025,31.26,5399363
2023-09-27,000025,31.99,3842459
2023-09-28,000025,31.22,9692643
2023-09-29,000025,31.63,3379932
2023-10-02,000025,31.71,7535236
2023-10-03,000025,32.25,2538877
2023-10-04,000025,31.9,7759512
2023-10-05,000025,31.65,8256669
2023-10-06,000025,32.24,5590966
2023-10-09,000025,32.63,5817342
2023-10-10,000025,31.77,5544200
2023-10-11,000025,32.35,8954404
2023-10-12,000025,32.85,4832482
2023-10-13,000025,33.39,2345524
2023-10-16,000025,33.2,1479193
2023-10-17,000025,33.95,7915876
2023-10-18,000025,34.46,3300829
2023-10-19,000025,35.02,8289830
2023-10-20,000025,34.12,5644957
2023-10-23,000025,34.88,2169991
2023-10-24,000025,34.29,2089040
2023-10-25,000025,33.75,5752673
2023-10-26,000025,33.96,1641998
2023-10-27,000025,34.55,4027200
2023-10-30,000025,34.85,9848042
2023-10-31,000025,34.07,2399454
2023-11-01,000025,33.14,7564611
2023-11-02,000025,32.61,4273812
2023-11-03,000025,32.73,4733900
2023-11-06,000025,33.11,3715586
2023-11-07,000025,32.71,6029054
2023-11-08,000025,31.97,1493575
2023-11-09,000025,31.82,9958065
2023-11-10,000025,30.91,2155569
2023-11-13,000025,31.34,4588863
2023-11-14,000025,31.96,3912784
2023-11-15,000025,31.23,9672860
2023-11-16,000025,31.7,5078345
2023-11-17,000025,31.2,3545268
2023-11-20,000025,30.88,9596295
2023-11-21,000025,30.02,5681039
2023-11-22,000025,29.73,4382975
2023-11-23,000025,28.9,7311295
2023-11-24,000025,28.29,4561825
2023-11-27,000025,28.5,4576431
2023-11-28,000025,27.79,3956946
2023-11-29,000025,28.51,1121973
2023-11-30,000025,27.71,1774296
2023-12-01,000025,27.43,1251583
2022-01-03,000026,49.07,8148897
2022-01-04,000026,49.65,9941778
2022-01-05,000026,48.81,3838483
2022-01-06,000026,50.02,7221302
2022-01-07,000026,50.51,1436918
2022-01-10,000026,49.06,3334552
2022-01-11,000026,49.58,8339972
2022-01-12,000026,50.92,9657006
2022-01-13,000026,50.39,9191192
2022-01-14,000026,51.2,1470724
2022-01-17,000026,50.87,1461666
2022-01-18,000026,51.17,7006616
2022-01-19,000026,52.28,8564196
2022-01-20,000026,51.19,8284348
2022-01-21,000026,50.0,7728814
2022-01-24,000026,49.69,4073611
2022-01-25,000026,50.67,3653837
2022-01-26,000026,51.23,4800863
2022-01-27,000026,50.29,4310365
2022-01-28,000026,50.87,4535869
2022-01-31,000026,50.22,6057747
2022-02-01,000026,49.83,5478880
2022-02-02,000026,50.54,3261942
2022-02-03,000026,50.21,1646221
2022-02-04,000026,49.24,9111348
2022-02-07,000026,50.02,3937601
2022-02-08,000026,49.3,1399958
2022-02-09,000026,48.69,1073952
2022-02-10,000026,47.38,9937034
2022-02-11,000026,48.02,5831548
2022-02-14,000026,49.38,6538266
2022-02-15,000026,48.09,8301653
2022-02-16,000026,48.24,6217384
2022-02-17,000026,48.17,9226639
2022-02-18,000026,47.2,3805759
2022-02-21,000026,46.86,9229475
2022-02-22,000026,48.02,7545641
2022-02-23,000026,48.15,8434506
2022-02-24,000026,47.5,1006211
2022-02-25,000026,47.6,5526913
2022-02-28,000026,48.59,7783143
2022-03-01,000026,48.83,4800497
2022-03-02,000026,50.11,4851352
2022-03-03,000026,49.0,3053139
2022-03-04,000026,47.88,5288669
2022-03-07,000026,47.41,3964656
2022-03-08,000026,47.6,3276412
2022-03-09,000026,46.34,5468272
2022-03-10,000026,45.64,4120853
2022-03-11,000026,45.38,7059828
2022-03-14,000026,45.13,7282957
2022-03-15,000026,45.01,7864108
2022-03-16,000026,46.04,1447947
2022-03-17,000026,46.06,5201975
2022-03-18,000026,46.41,8514200
2022-03-21,000026,47.52,1940375
2022-03-22,000026,46.63,1022882
2022-03-23,000026,47.31,6110557
2022-03-24,000026,46.5,3900992
2022-03-25,000026,45.25,5255284
2022-03-28,000026,44.66,2523459
2022-03-29,000026,44.64,2769254
2022-03-30,000026,45.93,4981407
2022-03-31,000026,44.91,6376096
2022-04-01,000026,45.19,8107342
2022-04-04,000026,46.23,6267370
2022-04-05,000026,46.77,1296273
2022-04-06,000026,47.06,4439252
2022-04-07,000026,47.18,4825255
2022-04-08,000026,47.49,6869248
2022-04-11,000026,47.29,1997522
2022-04-12,000026,47.28,1158704
2022-04-13,000026,48.29,1617821
2022-04-14,000026,47.02,6864874
2022-04-15,000026,48.36,6160089
2022-04-18,000026,46.95,6311552
2022-04-19,000026,46.77,9269754
2022-04-20,000026,45.44,9188290
2022-04-21,000026,45.82,8815099
2022-04-22,000026,44.53,6431173
2022-04-25,000026,43.76,2991928
2022-04-26,000026,44.95,7781737
2022-04-27,000026,44.94,5282048
2022-04-28,000026,43.89,5774344
2022-04-29,000026,43.12,9544958
2022-05-02,000026,43.84,8326393
2022-05-03,000026,44.32,2056458
2022-05-04,000026,44.42,4855348
2022-05-05,000026,43.89,4482465
2022-05-06,000026,44.69,3407465
2022-05-09,000026,45.98,4382596
2022-05-10,000026,44.78,8180828
2022-05-11,000026,43.49,7980721
2022-05-12,000026,43.54,5364283
2022-05-13,000026,44.41,1069184
2022-05-16,000026,44.16,4451913
2022-05-17,000026,43.36,3824048
2022-05-18,000026,43.8,4519389
2022-05-19,000026,44.06,2928595
2022-05-20,000026,43.66,6968168
2022-05-23,000026,44.24,7157338
2022-05-24,000026,43.31,8278745
2022-05-25,000026,43.24,5029747
2022-05-26,000026,43.26,6421344
2022-05-27,000026,43.88,4578127
2022-05-30,000026,44.59,7795163
2022-05-31,000026,44.14,2251863
2022-06-01,000026,45.28,8394564
2022-06-02,000026,45.38,1834745
2022-06-03,000026,44.14,5793111
2022-06-06,000026,44.57,4879239
2022-06-07,000026,44.03,3419004
2022-06-08,000026,43.42,9812374
2022-06-09,000026,42.71,9149742
2022-06-10,000026,41.46,4750537
2022-06-13,000026,40.79,9249999
2022-06-14,000026,40.3,5021894
2022-06-15,000026,40.51,8063513
2022-06-16,000026,40.56,9771710
2022-06-17,000026,39.53,9335453
2022-06-20,000026,40.4,5435669
2022-06-21,000026,40.28,9493078
2022-06-22,000026,39.85,1741787
2022-06-23,000026,39.65,8208822
2022-06-24,000026,39.71,3130236
2022-06-27,000026,40.06,4694007
2022-06-28,000026,40.64,1989333
2022-06-29,000026,39.55,2496435
2022-06-30,000026,39.48,6908789
2022-07-01,000026,39.31,9225531
2022-07-04,000026,40.42,8063589
2022-07-05,000026,40.83,9888868
2022-07-06,000026,41.88,2572735
2022-07-07,000026,42.76,5524530
2022-07-08,000026,43.15,6439180
2022-07-11,000026,42.68,6538226
2022-07-12,000026,42.86,8495796
2022-07-13,000026,43.59,9060222
2022-07-14,000026,42.74,5410400
2022-07-15,000026,42.68,8026287
2022-07-18,000026,43.27,4440380
2022-07-19,000026,43.1,3527665
2022-07-20,000026,42.47,4373090
2022-07-21,000026,43.14,9071967
2022-07-22,000026,41.95,7987105
2022-07-25,000026,41.82,1126857
2022-07-26,000026,42.0,4898091
2022-07-27,000026,42.58,2093612
2022-07-28,000026,42.24,7830003
2022-07-29,000026,41.41,1527917
2022-08-01,000026,41.48,7088798
2022-08-02,000026,40.37,8066245
2022-08-03,000026,40.05,8719995
2022-08-04,000026,40.25,7108470
2022-08-05,000026,40.96,8587333
2022-08-08,000026,41.75,4395380
2022-08-09,000026,41.39,9485554
2022-08-10,000026,41.85,4723451
2022-08-11,000026,42.1,3092640
2022-08-12,000026,42.42,2257977
2022-08-15,000026,42.47,6384191
2022-08-16,000026,42.12,2908416
2022-08-17,000026,41.86,4900033
2022-08-18,000026,42.79,3035864
2022-08-19,000026,43.11,2663023
2022-08-22,000026,42.1,4992832
2022-08-23,000026,42.31,5174034
2022-08-24,000026,42.73,8957180
2022-08-25,000026,43.63,1084980
2022-08-26,000026,44.67,4502922
2022-08-29,000026,43.46,3455816
2022-08-30,000026,44.13,6444682
2022-08-31,000026,44.3,3219549
2022-09-01,000026,44.29,8900377
2022-09-02,000026,45.17,1592016
2022-09-05,000026,44.57,4773317
2022-09-06,000026,43.95,8551331
2022-09-07,000026,42.93,3527644
2022-09-08,000026,43.55,4023078
2022-09-09,000026,44.82,6177709
2022-09-12,000026,44.28,4700290
2022-09-13,000026,45.2,4941786
2022-09-14,000026,44.84,6781593
2022-09-15,000026,44.06,9849245
2022-09-16,000026,44.42,1312159
2022-09-19,000026,45.02,6957059
2022-09-20,000026,45.11,4080643
2022-09-21,000026,45.87,8888029
2022-09-22,000026,46.97,5047691
2022-09-23,000026,48.05,4131411
2022-09-26,000026,46.96,4338408
2022-09-27,000026,46.39,2678069
2022-09-28,000026,46.76,8788977
2022-09-29,000026,47.38,1829629
2022-09-30,000026,48.53,2912776
2022-10-03,000026,49.26,1436207
2022-10-04,000026,48.54,8783176
2022-10-05,000026,48.2,9524669
2022-10-06,000026,47.36,3786405
2022-10-07,000026,47.06,8720989
2022-10-10,000026,45.94,5662921
2022-10-11,000026,45.61,9315377
2022-10-12,000026,44.24,1561674
2022-10-13,000026,43.13,1065567
2022-10-14,000026,42.43,5564729
2022-10-17,000026,42.49,9130398
2022-10-18,000026,42.68,9909756
2022-10-19,000026,43.64,6895400
2022-10-20,000026,44.09,2808432
2022-10-21,000026,45.11,4957931
2022-10-24,000026,44.52,9966030
2022-10-25,000026,45.73,2628246
2022-10-26,000026,45.71,2872966
2022-10-27,000026,45.33,7325047
2022-10-28,000026,44.32,2611484
2022-10-31,000026,43.8,5949930
2022-11-01,000026,42.53,1402929
2022-11-02,000026,42.59,9343067
2022-11-03,000026,41.49,2631909
2022-11-04,000026,41.85,9323830
2022-11-07,000026,42.84,8048418
2022-11-08,000026,42.14,7588890
2022-11-09,000026,43.37,7662131
2022-11-10,000026,43.42,5114375
2022-11-11,000026,43.78,7089675
2022-11-14,000026,43.18,4996588
2022-11-15,000026,42.94,2520716
2022-11-16,000026,43.4,9508652
2022-11-17,000026,43.6,4093958
2022-11-18,000026,44.53,6898847
2022-11-21,000026,43.66,9735868
2022-11-22,000026,42.72,9289043
2022-11-23,000026,41.95,3093276
2022-11-24,000026,41.95,6345091
2022-11-25,000026,41.49,6285323
2022-11-28,000026,41.39,2493413
2022-11-29,000026,41.02,2584101
2022-11-30,000026,40.41,2364164
2022-12-01,000026,39.29,4429112
2022-12-02,000026,38.6,8127998
2022-12-05,000026,39.03,6430474
2022-12-06,000026,39.65,4683138
2022-12-07,000026,40.44,6636513
2022-12-08,000026,39.73,1386233
2022-12-09,000026,39.29,7252876
2022-12-12,000026,38.76,6250397
2022-12-13,000026,37.79,2979108
2022-12-14,000026,36.97,9751486
2022-12-15,000026,37.34,5093723
2022-12-16,000026,37.87,8247896
2022-12-19,000026,38.32,4111916
2022-12-20,000026,37.59,8022255
2022-12-21,000026,36.84,4524489
2022-12-22,000026,35.75,6709510
2022-12-23,000026,34.82,8634262
2022-12-26,000026,34.93,8358572
2022-12-27,000026,35.58,5548561
2022-12-28,000026,34.58,5191437
2022-12-29,000026,35.34,2528673
2022-12-30,000026,34.43,6773257
2023-01-02,000026,35.19,9883186
2023-01-03,000026,35.21,1233231
2023-01-04,000026,35.19,8326525
2023-01-05,000026,35.26,8165061
2023-01-06,000026,34.9,2413333
2023-01-09,000026,34.6,2953843
2023-01-10,000026,33.84,4788077
2023-01-11,000026,34.45,5763457
2023-01-12,000026,34.39,1634034
2023-01-13,000026,34.21,5131551
2023-01-16,000026,33.99,2665039
2023-01-17,000026,33.81,9723388
2023-01-18,000026,34.65,4165865
2023-01-19,000026,34.62,2049860
2023-01-20,000026,34.38,5581843
2023-01-23,000026,34.14,1282928
2023-01-24,000026,34.87,2267627
2023-01-25,000026,35.16,1113848
2023-01-26,000026,34.71,5554052
2023-01-27,000026,33.87,2627085
2023-01-30,000026,34.8,1518629
2023-01-31,000026,33.8,1433364
2023-02-01,000026,34.6,6850048
2023-02-02,000026,33.78,2447567
2023-02-03,000026,33.05,2584381
2023-02-06,000026,32.18,7895800
2023-02-07,000026,32.56,9441510
2023-02-08,000026,31.97,5770916
2023-02-09,000026,31.3,7991622
2023-02-10,000026,32.0,8568276
2023-02-13,000026,32.43,7219382
2023-02-14,000026,32.14,6482670
2023-02-15,000026,31.33,3811851
2023-02-16,000026,30.39,6406947
2023-02-17,000026,30.94,9493229
2023-02-20,000026,31.81,2896643
2023-02-21,000026,31.42,3563827
2023-02-22,000026,31.2,9499306
2023-02-23,000026,31.34,3934327
2023-02-24,000026,32.11,5502893
2023-02-27,000026,31.79,1077369
2023-02-28,000026,32.63,5806155
2023-03-01,000026,32.46,9512117
2023-03-02,000026,31.54,9318347
2023-03-03,000026,31.79,6344443
2023-03-06,000026,31.71,7990106
2023-03-07,000026,31.12,7145413
2023-03-08,000026,31.33,8549355
2023-03-09,000026,32.22,1342246
2023-03-10,000026,31.28,9975772
2023-03-13,000026,31.53,8892081
2023-03-14,000026,30.98,3208421
2023-03-15,000026,31.47,3474928
2023-03-16,000026,31.7,5327354
2023-03-17,000026,31.17,1577567
2023-03-20,000026,31.95,5144666
2023-03-21,000026,31.41,3653789
2023-03-22,000026,30.91,9632711
2023-03-23,000026,30.78,4623782
2023-03-24,000026,31.1,8097061
2023-03-27,000026,30.89,7084019
2023-03-28,000026,31.4,8892648
2023-03-29,000026,30.86,6735284
2023-03-30,000026,30.25,3113597
2023-03-31,000026,30.1,1272648
2023-04-03,000026,30.17,7795583
2023-04-04,000026,30.51,7010579
2023-04-05,000026,31.24,5670166
2023-04-06,000026,31.01,3612731
2023-04-07,000026,30.71,3790315
2023-04-10,000026,30.66,4530905
2023-04-11,000026,31.15,1104744
2023-04-12,000026,30.99,2684272
2023-04-13,000026,31.67,6957950
2023-04-14,000026,31.74,8157308
2023-04-17,000026,32.63,9850314
2023-04-18,000026,32.44,8432805
2023-04-19,000026,32.54,3400789
2023-04-20,000026,33.15,8977512
2023-04-21,000026,34.06,8420682
2023-04-24,000026,33.13,8694334
2023-04-25,000026,32.5,5504133
2023-04-26,000026,32.13,3570466
2023-04-27,000026,32.48,3669796
2023-04-28,000026,31.99,2238215
2023-05-01,000026,32.77,4223804
2023-05-02,000026,31.94,4335018
2023-05-03,000026,31.0,7265833
2023-05-04,000026,30.12,6830021
2023-05-05,000026,29.54,7125648
2023-05-08,000026,30.27,3413260
2023-05-09,000026,29.48,8489725
2023-05-10,000026,30.25,7539330
2023-05-11,000026,30.12,4402008
2023-05-12,000026,29.63,9300740
2023-05-15,000026,30.22,4409234
2023-05-16,000026,30.26,7154199
2023-05-17,000026,30.98,9520326
2023-05-18,000026,30.46,1768252
2023-05-19,000026,29.8,3298239
2023-05-22,000026,29.59,7603183
2023-05-23,000026,30.35,3408152
2023-05-24,000026,30.72,1622473
2023-05-25,000026,31.28,6970754
2023-05-26,000026,32.12,6116384
2023-05-29,000026,32.28,2145578
2023-05-30,000026,31.61,6407324
2023-05-31,000026,31.76,7784519
2023-06-01,000026,31.06,7913125
2023-06-02,000026,31.26,8364435
2023-06-05,000026,31.06,6535276
2023-06-06,000026,31.99,9693669
2023-06-07,000026,31.06,7852428
2023-06-08,000026,30.56,9520833
2023-06-09,000026,31.23,9492812
2023-06-12,000026,31.05,6983254
2023-06-13,000026,31.47,2581531
2023-06-14,000026,30.73,8958016
2023-06-15,000026,30.6,6470962
2023-06-16,000026,30.8,8616306
2023-06-19,000026,29.94,2797350
2023-06-20,000026,30.49,9077658
2023-06-21,000026,30.51,4196420
2023-06-22,000026,30.02,1705121
2023-06-23,000026,29.42,1359859
2023-06-26,000026,29.0,9591562
2023-06-27,000026,28.33,8778237
2023-06-28,000026,28.92,5529204
2023-06-29,000026,28.85,7960344
2023-06-30,000026,29.49,4615564
2023-07-03,000026,29.58,5546739
2023-07-04,000026,29.5,1501556
2023-07-05,000026,29.72,8732255
2023-07-06,000026,30.59,2229146
2023-07-07,000026,30.01,3668448
2023-07-10,000026,29.96,4629572
2023-07-11,000026,29.74,6865526
2023-07-12,000026,28.87,4107451
2023-07-13,000026,28.81,5048971
2023-07-14,000026,29.08,5107108
2023-07-17,000026,29.82,8515893
2023-07-18,000026,30.32,6267091
2023-07-19,000026,29.92,3117298
2023-07-20,000026,29.17,4768598
2023-07-21,000026,29.1,1271633
2023-07-24,000026,28.55,8379798
2023-07-25,000026,29.22,8659540
2023-07-26,000026,28.7,1128160
2023-07-27,000026,29.07,8175847
2023-07-28,000026,28.49,3107437
2023-07-31,000026,28.67,3049080
2023-08-01,000026,28.67,6032911
2023-08-02,000026,27.87,7867259
2023-08-03,000026,27.17,7764555
2023-08-04,000026,27.44,1616167
2023-08-07,000026,27.85,4873691
2023-08-08,000026,27.97,4425233
2023-08-09,000026,27.62,1206408
2023-08-10,000026,28.21,7052933
2023-08-11,000026,28.41,6843927
2023-08-14,000026,27.67,1253238
2023-08-15,000026,26.93,3854509
2023-08-16,000026,26.42,2885771
2023-08-17,000026,26.54,2320091
2023-08-18,000026,26.25,9581896
2023-08-21,000026,26.13,7070318
2023-08-22,000026,25.73,9601302
2023-08-23,000026,25.91,4408657
2023-08-24,000026,26.53,3759416
2023-08-25,000026,25.8,1212156
2023-08-28,000026,26.24,4098457
2023-08-29,000026,26.49,7272359
2023-08-30,000026,26.6,9590655
2023-08-31,000026,26.89,2054752
2023-09-01,000026,27.46,3771709
2023-09-04,000026,27.47,5156405
2023-09-05,000026,27.46,3959662
2023-09-06,000026,27.24,9391522
2023-09-07,000026,27.83,1450843
2023-09-08,000026,27.99,2015840
2023-09-11,000026,28.21,6604721
2023-09-12,000026,27.71,6965491
2023-09-13,000026,27.96,1267554
2023-09-14,000026,27.43,9567692
2023-09-15,000026,27.3,4027956
2023-09-18,000026,27.33,2535996
2023-09-19,000026,27.44,7059007
2023-09-20,000026,27.84,6138874
2023-09-21,000026,28.36,9110141
2023-09-22,000026,28.71,2883875
2023-09-25,000026,29.12,8067262
2023-09-26,000026,29.92,6583505
2023-09-27,000026,30.62,2555706
2023-09-28,000026,30.48,2045452
2023-09-29,000026,30.43,3543903
2023-10-02,000026,31.29,2456812
2023-10-03,000026,31.42,8295935
2023-10-04,000026,31.83,1034803
2023-10-05,000026,31.53,4775977
2023-10-06,000026,31.84,5434033
2023-10-09,000026,31.21,6910416
2023-10-10,000026,31.92,9686689
2023-10-11,000026,32.62,1924769
2023-10-12,000026,32.02,7193961
2023-10-13,000026,32.83,6612915
2023-10-16,000026,32.8,6238253
2023-10-17,000026,33.7,3188181
2023-10-18,000026,33.79,4986823
2023-10-19,000026,34.13,1569710
2023-10-20,000026,33.3,9165643
2023-10-23,000026,33.51,5499471
2023-10-24,000026,33.83,3737237
2023-10-25,000026,33.49,7708546
2023-10-26,000026,34.24,8178730
2023-10-27,000026,33.81,3388343
2023-10-30,000026,33.66,7574248
2023-10-31,000026,33.98,7903201
2023-11-01,000026,33.48,9183039
2023-11-02,000026,33.25,2947110
2023-11-03,000026,33.32,8777777
2023-11-06,000026,34.2,8231851
2023-11-07,000026,34.89,2302712
2023-11-08,000026,35.34,5675107
2023-11-09,000026,34.95,7696841
2023-11-10,000026,35.86,4813289
2023-11-13,000026,36.89,4953230
2023-11-14,000026,36.16,9163835
2023-11-15,000026,36.08,7915038
2023-11-16,000026,35.31,2801599
2023-11-17,000026,35.19,8674455
2023-11-20,000026,34.57,9977324
2023-11-21,000026,33.89,3468681
2023-11-22,000026,33.96,3269297
2023-11-23,000026,33.81,1646204
2023-11-24,000026,32.91,5068596
2023-11-27,000026,32.81,8121082
2023-11-28,000026,33.24,6630970
2023-11-29,000026,33.97,6061311
2023-11-30,000026,34.1,3209211
2023-12-01,000026,34.36,5577346
2022-01-03,000027,51.41,5919633
2022-01-04,000027,52.56,7222546
2022-01-05,000027,52.4,9691378
2022-01-06,000027,52.71,6411002
2022-01-07,000027,53.34,6315952
2022-01-10,000027,54.73,4847874
2022-01-11,000027,53.77,8782550
2022-01-12,000027,52.79,6888673
2022-01-13,000027,52.51,9209574
2022-01-14,000027,52.75,4296159
2022-01-17,000027,52.03,2378662
2022-01-18,000027,51.46,1875345
2022-01-19,000027,51.72,6800887
2022-01-20,000027,50.99,1805886
2022-01-21,000027,50.54,1908761
2022-01-24,000027,49.72,1170227
2022-01-25,000027,50.19,2697984
2022-01-26,000027,49.68,6912480
2022-01-27,000027,48.34,8849740
2022-01-28,000027,46.96,1103992
2022-01-31,000027,47.92,8628925
2022-02-01,000027,48.3,4957157
2022-02-02,000027,48.39,6219938
2022-02-03,000027,47.0,7185804
2022-02-04,000027,46.85,3171139
2022-02-07,000027,47.34,9414240
2022-02-08,000027,46.68,2340530
2022-02-09,000027,45.51,3919746
2022-02-10,000027,46.51,6801425
2022-02-11,000027,45.83,6001378
2022-02-14,000027,46.88,6780126
2022-02-15,000027,48.18,7667901
2022-02-16,000027,47.81,5463064
2022-02-17,000027,48.36,1792425
2022-02-18,000027,48.46,9661147
2022-02-21,000027,49.01,6781340
2022-02-22,000027,49.72,9077010
2022-02-23,000027,48.9,6091275
2022-02-24,000027,49.73,6028165
2022-02-25,000027,50.45,3806865
2022-02-28,000027,50.26,2205380
2022-03-01,000027,49.65,8689580
2022-03-02,000027,51.1,9659012
2022-03-03,000027,51.94,2244684
2022-03-04,000027,53.34,6027179
2022-03-07,000027,52.73,5130002
2022-03-08,000027,52.08,2367527
2022-03-09,000027,52.33,5956208
2022-03-10,000027,52.03,2375568
2022-03-11,000027,50.8,4923035
2022-03-14,000027,49.78,8841892
2022-03-15,000027,50.86,7721729
2022-03-16,000027,52.31,8701793
2022-03-17,000027,51.43,5097784
2022-03-18,000027,49.93,7913421
2022-03-21,000027,50.57,7028011
2022-03-22,000027,51.94,5640946
2022-03-23,000027,51.04,7854170
2022-03-24,000027,51.53,7796909
2022-03-25,000027,51.08,4663381
2022-03-28,000027,51.43,8279349
2022-03-29,000027,52.86,2809926
2022-03-30,000027,51.62,8537689
2022-03-31,000027,52.85,2906610
2022-04-01,000027,51.49,4068653
2022-04-04,000027,51.0,2419433
2022-04-05,000027,49.62,2434896
2022-04-06,000027,50.35,9113421
2022-04-07,000027,50.18,2623410
2022-04-08,000027,50.41,6506161
2022-04-11,000027,50.6,9998112
2022-04-12,000027,50.77,9695561
2022-04-13,000027,51.21,5470824
2022-04-14,000027,51.5,4365777
2022-04-15,000027,50.74,8068954
2022-04-18,000027,50.07,1603365
2022-04-19,000027,49.24,2552637
2022-04-20,000027,50.11,4785427
2022-04-21,000027,50.52,9954543
2022-04-22,000027,49.5,6000959
2022-04-25,000027,49.61,4150850
2022-04-26,000027,50.5,4327558
2022-04-27,000027,50.46,5444253
2022-04-28,000027,50.46,9865766
2022-04-29,000027,51.04,1227549
2022-05-02,000027,50.39,5502618
2022-05-03,000027,51.4,1411672
2022-05-04,000027,50.11,7781929
2022-05-05,000027,49.83,2013114
2022-05-06,000027,48.8,1064424
2022-05-09,000027,49.73,7363264
2022-05-10,000027,48.79,9474465
2022-05-11,000027,49.5,5905884
2022-05-12,000027,49.82,5507148
2022-05-13,000027,49.86,5344608
2022-05-16,000027,50.84,3729958
2022-05-17,000027,50.74,2504981
2022-05-18,000027,50.11,9532598
2022-05-19,000027,49.32,9556635
2022-05-20,000027,49.8,1361581
2022-05-23,000027,48.79,2783654
2022-05-24,000027,49.59,1571591
2022-05-25,000027,50.5,2875286
2022-05-26,000027,51.38,9972425
2022-05-27,000027,49.85,7497368
2022-05-30,000027,50.63,1191346
2022-05-31,000027,49.32,3960408
2022-06-01,000027,50.16,9775187
2022-06-02,000027,50.12,9962539
2022-06-03,000027,50.68,7944231
2022-06-06,000027,51.82,7871822
2022-06-07,000027,53.2,6526608
2022-06-08,000027,52.44,1935271
2022-06-09,000027,51.32,9389236
2022-06-10,000027,52.59,8715969
2022-06-13,000027,52.16,3205762
2022-06-14,000027,53.16,8017354
2022-06-15,000027,51.79,1302475
2022-06-16,000027,52.41,9970316
2022-06-17,000027,52.4,8879246
2022-06-20,000027,51.32,8475481
2022-06-21,000027,51.74,2528599
2022-06-22,000027,52.88,5197043
2022-06-23,000027,54.07,7506411
2022-06-24,000027,54.42,7962980
2022-06-27,000027,54.91,8523605
2022-06-28,000027,53.41,4695874
2022-06-29,000027,53.34,9570401
2022-06-30,000027,53.07,8388620
2022-07-01,000027,53.04,4162040
2022-07-04,000027,52.02,4219552
2022-07-05,000027,51.42,5935752
2022-07-06,000027,52.08,4134784
2022-07-07,000027,51.65,1773204
2022-07-08,000027,50.17,5105490
2022-07-11,000027,48.96,2416140
2022-07-12,000027,48.03,1324377
2022-07-13,000027,49.14,4066902
2022-07-14,000027,47.97,6510242
2022-07-15,000027,48.76,4563746
2022-07-18,000027,50.08,7337730
2022-07-19,000027,50.19,5693979
2022-07-20,000027,49.03,4782925
2022-07-21,000027,49.06,5095833
2022-07-22,000027,48.74,4229112
2022-07-25,000027,47.6,9940188
2022-07-26,000027,48.15,4844233
2022-07-27,000027,49.16,2220386
2022-07-28,000027,49.28,1309008
2022-07-29,000027,48.91,6746488
2022-08-01,000027,50.38,1679882
2022-08-02,000027,50.43,2406279
2022-08-03,000027,51.43,7022430
2022-08-04,000027,52.79,3885970
2022-08-05,000027,52.47,8751619
2022-08-08,000027,51.92,9635158
2022-08-09,000027,53.17,3300498
2022-08-10,000027,54.71,5685940
2022-08-11,000027,53.32,1605428
2022-08-12,000027,53.77,5871678
2022-08-15,000027,53.26,7409028
2022-08-16,000027,54.55,4910989
2022-08-17,000027,55.28,7069506
2022-08-18,000027,55.25,3307901
2022-08-19,000027,55.54,9271803
2022-08-22,000027,55.52,6812961
2022-08-23,000027,55.18,1611036
2022-08-24,000027,56.63,7676474
2022-08-25,000027,55.01,5528894
2022-08-26,000027,54.04,5736785
2022-08-29,000027,54.27,4842073
2022-08-30,000027,52.89,6175328
2022-08-31,000027,52.78,3632965
2022-09-01,000027,51.38,4761508
2022-09-02,000027,50.56,3160430
2022-09-05,000027,51.29,3033976
2022-09-06,000027,52.6,5183676
2022-09-07,000027,53.05,4551626
2022-09-08,000027,51.61,9100872
2022-09-09,000027,50.67,6446485
2022-09-12,000027,50.97,5757130
2022-09-13,000027,51.36,5392669
2022-09-14,000027,51.22,6304519
2022-09-15,000027,51.07,2386166
2022-09-16,000027,51.09,6407128
2022-09-19,000027,50.44,7956360
2022-09-20,000027,50.94,9812711
2022-09-21,000027,51.17,8230349
2022-09-22,000027,52.09,7237516
2022-09-23,000027,51.16,9859222
2022-09-26,000027,50.18,8915961
2022-09-27,000027,50.77,1951514
2022-09-28,000027,49.7,3340738
2022-09-29,000027,49.88,5903269
2022-09-30,000027,51.03,3291629
2022-10-03,000027,51.61,1219130
2022-10-04,000027,52.0,4389280
2022-10-05,000027,50.49,8022627
2022-10-06,000027,51.48,3304630
2022-10-07,000027,50.21,5697021
2022-10-10,000027,49.85,6638037
2022-10-11,000027,50.54,2695725
2022-10-12,000027,49.47,2766839
2022-10-13,000027,49.05,7252777
2022-10-14,000027,48.0,9097493
2022-10-17,000027,48.62,7784286
2022-10-18,000027,47.24,2578723
2022-10-19,000027,47.92,6952517
2022-10-20,000027,47.34,8521022
2022-10-21,000027,46.81,1653118
2022-10-24,000027,45.41,3256403
2022-10-25,000027,45.25,4475109
2022-10-26,000027,45.33,2854903
2022-10-27,000027,46.27,6170766
2022-10-28,000027,46.54,7737197
2022-10-31,000027,46.7,9497406
2022-11-01,000027,46.75,5785936
2022-11-02,000027,45.67,7875542
2022-11-03,000027,46.36,1292894
2022-11-04,000027,47.42,6033377
2022-11-07,000027,48.21,9702084
2022-11-08,000027,47.61,9764532
2022-11-09,000027,47.75,1685392
2022-11-10,000027,46.7,2642433
2022-11-11,000027,45.74,3408467
2022-11-14,000027,45.8,7068011
2022-11-15,000027,44.49,9500929
2022-11-16,000027,45.28,3715009
2022-11-17,000027,44.35,8574238
2022-11-18,000027,44.57,8116772
2022-11-21,000027,45.3,7813527
2022-11-22,000027,44.66,4210673
2022-11-23,000027,44.09,6728676
2022-11-24,000027,42.77,7940219
2022-11-25,000027,42.63,7540067
2022-11-28,000027,43.23,7270771
2022-11-29,000027,43.74,9795401
2022-11-30,000027,44.36,3825501
2022-12-01,000027,43.8,4429059
2022-12-02,000027,44.98,7041757
2022-12-05,000027,44.95,8557049
2022-12-06,000027,46.0,2799345
2022-12-07,000027,44.73,4528786
2022-12-08,000027,44.44,9121641
2022-12-09,000027,43.2,6470551
2022-12-12,000027,43.86,9158232
2022-12-13,000027,44.25,5255968
2022-12-14,000027,43.21,4886735
2022-12-15,000027,44.35,7184551
2022-12-16,000027,43.12,4365441
2022-12-19,000027,42.24,4757983
2022-12-20,000027,43.18,4628379
2022-12-21,000027,43.69,3057227
2022-12-22,000027,42.4,2772993
2022-12-23,000027,41.28,8786844
2022-12-26,000027,41.97,3158470
2022-12-27,000027,42.65,9617504
2022-12-28,000027,43.26,9476960
2022-12-29,000027,42.22,4853892
2022-12-30,000027,41.49,6581863
2023-01-02,000027,40.62,2582647
2023-01-03,000027,40.83,2684697
2023-01-04,000027,41.0,7849986
2023-01-05,000027,41.01,4084984
2023-01-06,000027,41.95,1543075
2023-01-09,000027,42.35,8793878
2023-01-10,000027,42.2,1643361
2023-01-11,000027,41.09,6428403
2023-01-12,000027,40.82,1277667
2023-01-13,000027,39.76,5672192
2023-01-16,000027,40.54,6780748
2023-01-17,000027,40.44,5565580
2023-01-18,000027,39.66,4332814
2023-01-19,000027,38.69,3063308
2023-01-20,000027,39.84,9653708
2023-01-23,000027,38.84,8344603
2023-01-24,000027,38.41,4016750
2023-01-25,000027,38.83,5145275
2023-01-26,000027,37.7,8772327
2023-01-27,000027,37.17,1982822
2023-01-30,000027,37.88,1099999
2023-01-31,000027,37.7,5366775
2023-02-01,000027,36.79,3862318
2023-02-02,000027,36.97,2501690
2023-02-03,000027,37.2,7346699
2023-02-06,000027,36.09,4357181
2023-02-07,000027,35.53,6073411
2023-02-08,000027,34.71,9704480
2023-02-09,000027,34.52,7102193
2023-02-10,000027,35.27,3081585
2023-02-13,000027,36.21,6406789
2023-02-14,000027,35.16,5728484
2023-02-15,000027,34.44,6570601
2023-02-16,000027,34.66,9049944
2023-02-17,000027,34.71,4229092
2023-02-20,000027,35.07,4874383
2023-02-21,000027,34.53,2837730
2023-02-22,000027,35.54,3294200
2023-02-23,000027,36.51,5714335
2023-02-24,000027,36.73,6934136
2023-02-27,000027,37.64,8606159
2023-02-28,000027,37.9,5577318
2023-03-01,000027,37.75,3118221
2023-03-02,000027,37.37,6582276
2023-03-03,000027,38.34,4831796
2023-03-06,000027,37.6,1154729
2023-03-07,000027,36.58,4098692
2023-03-08,000027,35.98,7739029
2023-03-09,000027,36.95,2286334
2023-03-10,000027,36.93,3788644
2023-03-13,000027,36.28,4950398
2023-03-14,000027,37.11,9841064
2023-03-15,000027,37.85,1131412
2023-03-16,000027,37.92,9517735
2023-03-17,000027,38.33,1882199
2023-03-20,000027,39.0,7795355
2023-03-21,000027,38.81,6544690
2023-03-22,000027,39.78,5485570
2023-03-23,000027,40.75,4263509
2023-03-24,000027,41.91,3051995
2023-03-27,000027,41.81,5713511
2023-03-28,000027,41.65,4332268
2023-03-29,000027,41.36,7271421
2023-03-30,000027,41.48,7343747
2023-03-31,000027,42.16,8292284
2023-04-03,000027,42.43,3588116
2023-04-04,000027,41.29,9529692
2023-04-05,000027,40.27,9464865
2023-04-06,000027,39.15,8925443
2023-04-07,000027,39.23,5841562
2023-04-10,000027,38.14,1557944
2023-04-11,000027,38.28,6008038
2023-04-12,000027,38.48,8853942
2023-04-13,000027,37.34,3489534
2023-04-14,000027,36.79,7134138
2023-04-17,000027,37.64,7551170
2023-04-18,000027,37.34,9421546
2023-04-19,000027,36.24,8420799
2023-04-20,000027,35.35,3993158
2023-04-21,000027,34.9,5971446
2023-04-24,000027,35.29,7156054
2023-04-25,000027,35.6,1039306
2023-04-26,000027,35.58,3966072
2023-04-27,000027,35.13,6808355
2023-04-28,000027,35.0,9180414
2023-05-01,000027,35.72,8263860
2023-05-02,000027,35.93,7125046
2023-05-03,000027,35.13,9517823
2023-05-04,000027,35.1,1859148
2023-05-05,000027,35.67,3998499
2023-05-08,000027,35.68,8530060
2023-05-09,000027,36.42,5510806
2023-05-10,000027,36.27,6139331
2023-05-11,000027,36.94,2930338
2023-05-12,000027,36.83,9860458
2023-05-15,000027,36.73,8866372
2023-05-16,000027,37.8,3734801
2023-05-17,000027,37.86,4002421
2023-05-18,000027,37.46,1320637
2023-05-19,000027,37.28,9655739
2023-05-22,000027,37.11,7390044
2023-05-23,000027,36.98,7085740
2023-05-24,000027,37.6,3164541
2023-05-25,000027,37.69,5636960
2023-05-26,000027,36.83,4495693
2023-05-29,000027,36.7,8448546
2023-05-30,000027,37.49,2136447
2023-05-31,000027,37.97,3107981
2023-06-01,000027,38.09,2385007
2023-06-02,000027,38.52,4015322
2023-06-05,000027,38.71,2264298
2023-06-06,000027,39.06,1744162
2023-06-07,000027,39.89,9807591
2023-06-08,000027,39.99,6680038
2023-06-09,000027,39.14,3172721
2023-06-12,000027,38.92,1791012
2023-06-13,000027,39.72,9547046
2023-06-14,000027,39.1,8706008
2023-06-15,000027,38.9,3613260
2023-06-16,000027,38.19,9007695
2023-06-19,000027,38.3,1671273
2023-06-20,000027,39.43,4517716
2023-06-21,000027,38.88,7868573
2023-06-22,000027,39.41,3475610
2023-06-23,000027,39.83,8222375
2023-06-26,000027,40.4,8948375
2023-06-27,000027,39.92,1086253
2023-06-28,000027,41.06,1366301
2023-06-29,000027,41.48,6830993
2023-06-30,000027,41.93,7283300
2023-07-03,000027,40.68,7265609
2023-07-04,000027,40.37,6406648
2023-07-05,000027,39.91,7985702
2023-07-06,000027,41.03,2962614
2023-07-07,000027,39.87,8322155
2023-07-10,000027,39.9,9753152
2023-07-11,000027,39.85,4102622
2023-07-12,000027,38.98,2275178
2023-07-13,000027,39.93,8392966
2023-07-14,000027,39.07,8422244
2023-07-17,000027,39.88,8061386
2023-07-18,000027,39.84,6223212
2023-07-19,000027,39.22,7190156
2023-07-20,000027,38.83,1026003
2023-07-21,000027,38.39,5048160
2023-07-24,000027,38.32,2531589
2023-07-25,000027,38.13,6816563
2023-07-26,000027,37.32,9530892
2023-07-27,000027,37.2,8074908
2023-07-28,000027,36.6,4363760
2023-07-31,000027,37.33,8776895
2023-08-01,000027,36.8,8811394
2023-08-02,000027,37.25,4825262
2023-08-03,000027,37.69,8743118
2023-08-04,000027,38.66,2259907
2023-08-07,000027,39.49,3091265
2023-08-08,000027,39.92,9914263
2023-08-09,000027,39.57,5280899
2023-08-10,000027,39.76,6953982
2023-08-11,000027,40.08,9809049
2023-08-14,000027,39.51,7214190
2023-08-15,000027,40.42,6104032
2023-08-16,000027,39.22,2172243
2023-08-17,000027,39.93,5527784
2023-08-18,000027,38.97,8046496
2023-08-21,000027,39.96,5969362
2023-08-22,000027,40.86,7590406
2023-08-23,000027,40.75,7911303
2023-08-24,000027,39.7,1376930
2023-08-25,000027,39.11,8726713
2023-08-28,000027,40.0,1133509
2023-08-29,000027,39.9,7783029
2023-08-30,000027,38.71,6378662
2023-08-31,000027,38.16,9930135
2023-09-01,000027,37.27,7702984
2023-09-04,000027,37.27,3780580
2023-09-05,000027,37.25,2592988
2023-09-06,000027,36.14,4453791
2023-09-07,000027,36.43,5805637
2023-09-08,000027,37.14,9810382
2023-09-11,000027,36.33,7670471
2023-09-12,000027,36.84,3558734
2023-09-13,000027,36.49,8337354
2023-09-14,000027,37.52,3331926
2023-09-15,000027,38.26,3391807
2023-09-18,000027,38.47,2980017
2023-09-19,000027,37.88,8881094
2023-09-20,000027,37.66,3655522
2023-09-21,000027,38.55,4824514
2023-09-22,000027,37.82,5410063
2023-09-25,000027,36.92,1974787
2023-09-26,000027,35.89,8189044
2023-09-27,000027,35.12,9358808
2023-09-28,000027,34.37,6301408
2023-09-29,000027,33.99,1554092
2023-10-02,000027,34.93,4729641
2023-10-03,000027,35.27,6228410
2023-10-04,000027,34.96,9364649
2023-10-05,000027,34.64,8345303
2023-10-06,000027,34.71,5086682
2023-10-09,000027,35.26,4580513
2023-10-10,000027,35.26,7045926
2023-10-11,000027,34.47,6864927
2023-10-12,000027,34.48,3650277
2023-10-13,000027,35.2,4922908
2023-10-16,000027,34.71,5826624
2023-10-17,000027,34.56,4217699
2023-10-18,000027,34.84,9490556
2023-10-19,000027,35.34,4662642
2023-10-20,000027,35.07,2235820
2023-10-23,000027,34.07,6482221
2023-10-24,000027,34.78,5044148
2023-10-25,000027,35.44,6731278
2023-10-26,000027,36.29,1922467
2023-10-27,000027,37.12,9247686
2023-10-30,000027,36.39,1323060
2023-10-31,000027,36.05,1967261
2023-11-01,000027,35.4,6016686
2023-11-02,000027,34.73,5856364
2023-11-03,000027,33.99,5055803
2023-11-06,000027,34.01,5249651
2023-11-07,000027,33.26,1816403
2023-11-08,000027,33.51,8893428
2023-11-09,000027,33.88,7372852
2023-11-10,000027,34.18,6428392
2023-11-13,000027,33.91,4707756
2023-11-14,000027,34.56,3234707
2023-11-15,000027,35.04,7039331
2023-11-16,000027,35.44,2013179
2023-11-17,000027,35.25,3176743
2023-11-20,000027,34.66,5487340
2023-11-21,000027,35.07,1518466
2023-11-22,000027,34.88,4895430
2023-11-23,000027,35.9,7464137
2023-11-24,000027,36.69,8875382
2023-11-27,000027,37.62,8398623
2023-11-28,000027,38.09,2454701
2023-11-29,000027,38.66,8579582
2023-11-30,000027,37.66,2778378
2023-12-01,000027,36.59,1922173
2022-01-03,000028,51.4,7595217
2022-01-04,000028,52.01,7465626
2022-01-05,000028,52.89,5271484
2022-01-06,000028,53.55,1464077
2022-01-07,000028,54.39,2521895
2022-01-10,000028,55.37,3856278
2022-01-11,000028,55.42,3351644
2022-01-12,000028,55.2,3582354
2022-01-13,000028,54.73,9286424
2022-01-14,000028,55.1,5444551
2022-01-17,000028,53.88,2252425
2022-01-18,000028,54.76,8617640
2022-01-19,000028,53.31,2518714
2022-01-20,000028,53.8,8206639
2022-01-21,000028,54.35,8518594
2022-01-24,000028,54.37,8584232
2022-01-25,000028,55.11,7813480
2022-01-26,000028,54.79,1995061
2022-01-27,000028,54.04,1009317
2022-01-28,000028,53.31,2424151
2022-01-31,000028,54.0,2909593
2022-02-01,000028,53.27,4239714
2022-02-02,000028,51.76,8703034
2022-02-03,000028,51.74,5481602
2022-02-04,000028,50.21,7378465
2022-02-07,000028,49.69,9171701
2022-02-08,000028,49.16,2670045
2022-02-09,000028,47.95,6254357
2022-02-10,000028,47.31,9695268
2022-02-11,000028,47.08,5301035
2022-02-14,000028,48.44,3193991
2022-02-15,000028,48.97,7183471
2022-02-16,000028,48.98,2303081
2022-02-17,000028,49.01,7609966
2022-02-18,000028,49.94,1204758
2022-02-21,000028,49.59,7584308
2022-02-22,000028,50.05,5702705
2022-02-23,000028,49.2,8107048
2022-02-24,000028,49.03,4127075
2022-02-25,000028,48.29,3116201
2022-02-28,000028,49.04,9914957
2022-03-01,000028,48.53,9955077
2022-03-02,000028,48.22,7968122
2022-03-03,000028,48.56,7178127
2022-03-04,000028,49.26,4231167
2022-03-07,000028,47.79,1761256
2022-03-08,000028,48.8,1941232
2022-03-09,000028,47.97,6292055
2022-03-10,000028,48.99,8350792
2022-03-11,000028,48.12,2354107
2022-03-14,000028,46.79,2182101
2022-03-15,000028,46.03,8968732
2022-03-16,000028,45.26,9833696
2022-03-17,000028,44.25,5217821
2022-03-18,000028,44.25,1902367
2022-03-21,000028,44.82,8534305
2022-03-22,000028,45.55,2751710
2022-03-23,000028,44.42,7212322
2022-03-24,000028,43.59,7447810
2022-03-25,000028,42.82,3360427
2022-03-28,000028,41.54,4434622
2022-03-29,000028,40.9,7082919
2022-03-30,000028,39.81,3612769
2022-03-31,000028,39.53,9238510
2022-04-01,000028,38.61,3328596
2022-04-04,000028,38.67,6055125
2022-04-05,000028,39.77,3081162
2022-04-06,000028,40.36,8265548
2022-04-07,000028,40.18,6843500
2022-04-08,000028,39.13,9895385
2022-04-11,000028,38.13,2815522
2022-04-12,000028,38.03,7509480
2022-04-13,000028,37.61,2002406
2022-04-14,000028,36.87,1109099
2022-04-15,000028,36.89,5399591
2022-04-18,000028,37.76,3852113
2022-04-19,000028,37.67,8951006
2022-04-20,000028,36.79,2723583
2022-04-21,000028,37.59,4931654
2022-04-22,000028,37.48,7523492
2022-04-25,000028,37.64,7579629
2022-04-26,000028,38.03,5906393
2022-04-27,000028,38.25,8066747
2022-04-28,000028,37.3,5474868
2022-04-29,000028,37.93,2409379
2022-05-02,000028,38.57,3008926
2022-05-03,000028,38.78,9852333
2022-05-04,000028,38.47,6169219
2022-05-05,000028,39.52,6320232
2022-05-06,000028,39.54,6072422
2022-05-09,000028,38.73,8205029
2022-05-10,000028,37.69,6424728
2022-05-11,000028,38.01,1472047
2022-05-12,000028,37.32,1695659
2022-05-13,000028,36.69,8772139
2022-05-16,000028,36.84,6819789
2022-05-17,000028,36.91,7787699
2022-05-18,000028,35.82,1831218
2022-05-19,000028,36.0,9562138
2022-05-20,000028,35.03,2900563
2022-05-23,000028,35.64,4514486
2022-05-24,000028,36.62,3097014
2022-05-25,000028,35.86,9805228
2022-05-26,000028,36.16,6818538
2022-05-27,000028,37.15,8438466
2022-05-30,000028,37.62,9496919
2022-05-31,000028,37.02,4658615
2022-06-01,000028,37.69,1377893
2022-06-02,000028,38.42,8870560
2022-06-03,000028,37.52,6010902
2022-06-06,000028,38.32,8655859
2022-06-07,000028,37.23,8571352
2022-06-08,000028,37.28,6910015
2022-06-09,000028,38.33,5629875
2022-06-10,000028,38.25,5598552
2022-06-13,000028,37.2,6822086
2022-06-14,000028,36.4,3752489
2022-06-15,000028,36.88,8999017
2022-06-16,000028,36.13,4494964
2022-06-17,000028,35.63,5551446
2022-06-20,000028,35.97,4701419
2022-06-21,000028,34.97,9290996
2022-06-22,000028,34.04,9489263
2022-06-23,000028,33.78,1710340
2022-06-24,000028,34.42,3730701
2022-06-27,000028,34.78,3183542
2022-06-28,000028,33.93,1939574
2022-06-29,000028,33.48,3922910
2022-06-30,000028,33.83,8357895
2022-07-01,000028,33.61,2101960
2022-07-04,000028,33.69,4531637
2022-07-05,000028,32.91,4834852
2022-07-06,000028,32.42,2835651
2022-07-07,000028,32.36,5633199
2022-07-08,000028,33.28,1609475
2022-07-11,000028,33.01,4704253
2022-07-12,000028,33.37,6719736
2022-07-13,000028,33.59,7446284
2022-07-14,000028,33.43,1257614
2022-07-15,000028,32.7,5669641
2022-07-18,000028,31.81,4166838
2022-07-19,000028,32.45,4408990
2022-07-20,000028,33.13,7419127
2022-07-21,000028,33.64,7629994
2022-07-22,000028,33.83,6433685
2022-07-25,000028,34.26,4098778
2022-07-26,000028,34.22,6349093
2022-07-27,000028,34.1,3338791
2022-07-28,000028,33.75,6593840
2022-07-29,000028,34.47,6984612
2022-08-01,000028,34.65,1495717
2022-08-02,000028,34.24,2213859
2022-08-03,000028,33.79,7360292
2022-08-04,000028,34.76,1498277
2022-08-05,000028,34.42,1675794
2022-08-08,000028,34.41,2486729
2022-08-09,000028,34.7,2496941
2022-08-10,000028,34.95,6830504
2022-08-11,000028,34.03,7469836
2022-08-12,000028,33.23,5090975
2022-08-15,000028,33.31,3705692
2022-08-16,000028,32.73,2217229
2022-08-17,000028,32.96,9822771
2022-08-18,000028,32.74,6349389
2022-08-19,000028,32.86,3432428
2022-08-22,000028,32.53,2857817
2022-08-23,000028,33.15,3314392
2022-08-24,000028,32.68,6745649
2022-08-25,000028,32.82,5113268
2022-08-26,000028,33.17,1956618
2022-08-29,000028,32.26,3218590
2022-08-30,000028,32.7,4765205
2022-08-31,000028,33.0,6052049
2022-09-01,000028,32.15,9692198
2022-09-02,000028,32.15,6848012
2022-09-05,000028,32.92,6106700
2022-09-06,000028,31.96,8685685
2022-09-07,000028,32.46,9085289
2022-09-08,000028,32.69,2247811
2022-09-09,000028,31.95,1605571
2022-09-12,000028,31.86,9369254
2022-09-13,000028,31.1,2227714
2022-09-14,000028,30.4,6699514
2022-09-15,000028,31.2,3225998
2022-09-16,000028,31.25,7709161
2022-09-19,000028,31.22,4833521
2022-09-20,000028,30.31,5641335
2022-09-21,000028,29.94,5412084
2022-09-22,000028,29.82,2080090
2022-09-23,000028,29.56,5738675
2022-09-26,000028,30.28,3133894
2022-09-27,000028,30.8,2473082
2022-09-28,000028,29.91,9492574
2022-09-29,000028,30.3,3096080
2022-09-30,000028,29.78,2042402
2022-10-03,000028,30.1,5563931
2022-10-04,000028,30.81,3649928
2022-10-05,000028,30.64,1258706
2022-10-06,000028,30.69,4060324
2022-10-07,000028,31.56,6322941
2022-10-10,000028,32.0,7734578
2022-10-11,000028,32.08,8760736
2022-10-12,000028,32.2,4265552
2022-10-13,000028,32.06,1825108
2022-10-14,000028,31.89,5948183
2022-10-17,000028,32.27,1870238
2022-10-18,000028,33.12,9035315
2022-10-19,000028,33.69,7263134
2022-10-20,000028,34.24,2695943
2022-10-21,000028,33.47,3816761
2022-10-24,000028,32.66,1651327
2022-10-25,000028,32.95,3214062
2022-10-26,000028,33.9,2964815
2022-10-27,000028,34.2,4977502
2022-10-28,000028,34.08,7401581
2022-10-31,000028,34.62,2848024
2022-11-01,000028,33.98,3936104
2022-11-02,000028,34.54,2603827
2022-11-03,000028,34.78,5581928
2022-11-04,000028,35.2,8575291
2022-11-07,000028,34.62,5438303
2022-11-08,000028,34.02,7705287
2022-11-09,000028,34.1,4113489
2022-11-10,000028,33.29,1965463
2022-11-11,000028,33.08,1728045
2022-11-14,000028,32.84,8611291
2022-11-15,000028,33.73,6997033
2022-11-16,000028,34.42,2044151
2022-11-17,000028,35.08,8383326
2022-11-18,000028,34.64,7563051
2022-11-21,000028,35.66,4472728
2022-11-22,000028,34.97,1354346
2022-11-23,000028,34.9,5888167
2022-11-24,000028,35.52,1439851
2022-11-25,000028,35.03,2899204
2022-11-28,000028,35.6,3693242
2022-11-29,000028,34.67,6332414
2022-11-30,000028,34.41,3517825
2022-12-01,000028,34.38,8229330
2022-12-02,000028,35.31,7021325
2022-12-05,000028,36.04,8892224
2022-12-06,000028,35.46,2510575
2022-12-07,000028,35.89,1953389
2022-12-08,000028,35.99,2164887
2022-12-09,000028,36.64,8250822
2022-12-12,000028,37.13,7539851
2022-12-13,000028,37.05,1763829
2022-12-14,000028,37.0,9000950
2022-12-15,000028,38.1,3562811
2022-12-16,000028,37.87,3264501
2022-12-19,000028,37.64,7672897
2022-12-20,000028,38.09,4498629
2022-12-21,000028,39.03,3766921
2022-12-22,000028,39.25,4158301
2022-12-23,000028,40.05,9758373
2022-12-26,000028,41.18,2675052
2022-12-27,000028,41.37,6651115
2022-12-28,000028,41.14,5458271
2022-12-29,000028,41.84,3554794
2022-12-30,000028,42.44,6545120
2023-01-02,000028,42.13,8082158
2023-01-03,000028,42.39,8837233
2023-01-04,000028,41.53,5134437
2023-01-05,000028,42.59,2024464
2023-01-06,000028,41.43,4730543
2023-01-09,000028,40.25,1013646
2023-01-10,000028,39.9,2643428
2023-01-11,000028,40.87,9029866
2023-01-12,000028,40.07,9735519
2023-01-13,000028,41.13,7723246
2023-01-16,000028,40.98,1832623
2023-01-17,000028,39.95,8055689
2023-01-18,000028,40.68,3051600
2023-01-19,000028,41.83,8641574
2023-01-20,000028,41.7,6656431
2023-01-23,000028,42.25,5959083
2023-01-24,000028,43.16,8697969
2023-01-25,000028,42.75,5694084
2023-01-26,000028,43.06,4502459
2023-01-27,000028,42.42,7690712
2023-01-30,000028,41.3,2635259
2023-01-31,000028,41.12,1147552
2023-02-01,000028,41.35,4872189
2023-02-02,000028,40.25,9241038
2023-02-03,000028,40.41,4653380
2023-02-06,000028,39.84,6384359
2023-02-07,000028,39.62,8126907
2023-02-08,000028,39.26,4941610
2023-02-09,000028,38.32,8077057
2023-02-10,000028,38.24,9118825
2023-02-13,000028,39.28,4490029
2023-02-14,000028,38.11,1573000
2023-02-15,000028,37.53,3341186
2023-02-16,000028,36.78,5480459
2023-02-17,000028,35.92,7394292
2023-02-20,000028,36.25,9818446
2023-02-21,000028,36.21,5608291
2023-02-22,000028,36.46,1852588
2023-02-23,000028,36.66,6272902
2023-02-24,000028,36.57,2510787
2023-02-27,000028,36.48,8729856
2023-02-28,000028,35.5,7503198
2023-03-01,000028,35.96,6583946
2023-03-02,000028,35.23,6997886
2023-03-03,000028,34.29,1039303
2023-03-06,000028,34.45,5854929
2023-03-07,000028,35.02,6162622
2023-03-08,000028,34.53,7359670
2023-03-09,000028,33.63,2215478
2023-03-10,000028,33.42,1567318
2023-03-13,000028,33.67,1699607
2023-03-14,000028,33.24,2141062
2023-03-15,000028,32.6,2267586
2023-03-16,000028,33.27,4608394
2023-03-17,000028,32.43,9702505
2023-03-20,000028,32.08,6880799
2023-03-21,000028,32.15,9974402
2023-03-22,000028,31.23,4268132
2023-03-23,000028,32.01,3988221
2023-03-24,000028,32.18,6972993
2023-03-27,000028,32.29,5470909
2023-03-28,000028,32.0,5508209
2023-03-29,000028,32.23,6050165
2023-03-30,000028,32.99,7618116
2023-03-31,000028,33.21,2472552
2023-04-03,000028,33.17,3185006
2023-04-04,000028,33.86,5904411
2023-04-05,000028,34.37,4809654
2023-04-06,000028,35.34,4039323
2023-04-07,000028,36.14,6156567
2023-04-10,000028,36.7,4912478
2023-04-11,000028,36.87,9294517
2023-04-12,000028,36.45,6515854
2023-04-13,000028,36.79,3359349
2023-04-14,000028,36.11,6022581
2023-04-17,000028,35.94,5234529
2023-04-18,000028,36.54,5994910
2023-04-19,000028,37.58,5226961
2023-04-20,000028,37.21,6546011
2023-04-21,000028,37.15,3910493
2023-04-24,000028,36.69,3410245
2023-04-25,000028,35.69,3191695
2023-04-26,000028,35.11,5346640
2023-04-27,000028,35.94,6504067
2023-04-28,000028,36.34,6796411
2023-05-01,000028,35.84,3047972
2023-05-02,000028,35.43,4933607
2023-05-03,000028,35.75,7818351
2023-05-04,000028,35.19,2109855
2023-05-05,000028,35.82,3302293
2023-05-08,000028,36.51,7444515
2023-05-09,000028,36.99,7186754
2023-05-10,000028,36.19,4674682
2023-05-11,000028,35.77,3779279
2023-05-12,000028,35.41,9961477
2023-05-15,000028,36.46,6138069
2023-05-16,000028,36.22,7727469
2023-05-17,000028,35.43,2444568
2023-05-18,000028,35.92,1580349
2023-05-19,000028,35.75,5379037
2023-05-22,000028,36.41,5982398
2023-05-23,000028,36.25,2940764
2023-05-24,000028,36.04,5884165
2023-05-25,000028,35.35,6688736
2023-05-26,000028,35.5,9718661
2023-05-29,000028,35.4,6747159
2023-05-30,000028,34.67,6215340
2023-05-31,000028,34.82,1915301
2023-06-01,000028,35.07,4613692
2023-06-02,000028,35.73,9188426
2023-06-05,000028,35.66,9564455
2023-06-06,000028,36.32,3580235
2023-06-07,000028,37.04,4176751
2023-06-08,000028,37.14,3989379
2023-06-09,000028,36.26,6259065
2023-06-12,000028,36.74,3757572
2023-06-13,000028,37.52,1425801
2023-06-14,000028,37.56,6715804
2023-06-15,000028,36.69,4935333
2023-06-16,000028,35.94,8392811
2023-06-19,000028,36.6,2909995
2023-06-20,000028,36.85,7007644
2023-06-21,000028,36.62,4706822
2023-06-22,000028,35.54,3080855
2023-06-23,000028,34.88,1554112
2023-06-26,000028,35.33,1935882
2023-06-27,000028,35.59,7370856
2023-06-28,000028,34.57,8808694
2023-06-29,000028,34.96,5903027
2023-06-30,000028,35.28,1393049
2023-07-03,000028,36.24,5708680
2023-07-04,000028,36.42,4179400
2023-07-05,000028,36.45,9486034
2023-07-06,000028,36.0,1944237
2023-07-07,000028,36.64,5698090
2023-07-10,000028,37.03,9038815
2023-07-11,000028,37.57,2566372
2023-07-12,000028,38.69,6232722
2023-07-13,000028,38.31,9457505
2023-07-14,000028,37.28,8041677
2023-07-17,000028,36.62,5939127
2023-07-18,000028,36.26,2850099
2023-07-19,000028,37.14,6046844
2023-07-20,000028,36.73,4487920
2023-07-21,000028,35.8,4611017
2023-07-24,000028,35.0,7625170
2023-07-25,000028,34.78,5800154
2023-07-26,000028,34.84,4129307
2023-07-27,000028,34.49,5287806
2023-07-28,000028,34.76,1249539
2023-07-31,000028,35.77,2708705
2023-08-01,000028,35.06,8845083
2023-08-02,000028,36.08,1566499
2023-08-03,000028,36.68,3254049
2023-08-04,000028,36.97,4810449
2023-08-07,000028,37.23,2418452
2023-08-08,000028,36.24,2002962
2023-08-09,000028,35.56,7574356
2023-08-10,000028,36.27,1027955
2023-08-11,000028,35.76,5415944
2023-08-14,000028,35.99,6943905
2023-08-15,000028,35.19,7626368
2023-08-16,000028,36.1,7132636
2023-08-17,000028,36.79,1849130
2023-08-18,000028,36.94,4201661
2023-08-21,000028,36.32,4863028
2023-08-22,000028,35.43,6521092
2023-08-23,000028,34.72,9001014
2023-08-24,000028,35.53,5022068
2023-08-25,000028,35.64,9182253
2023-08-28,000028,36.16,4644671
2023-08-29,000028,35.9,8202099
2023-08-30,000028,36.65,1947691
2023-08-31,000028,35.74,2366487
2023-09-01,000028,35.79,5734840
2023-09-04,000028,35.82,2478269
2023-09-05,000028,35.06,4495084
2023-09-06,000028,34.85,7017168
2023-09-07,000028,34.86,8655580
2023-09-08,000028,34.87,4415112
2023-09-11,000028,34.32,4966178
2023-09-12,000028,34.52,6137516
2023-09-13,000028,33.5,7672031
2023-09-14,000028,33.43,2323206
2023-09-15,000028,32.96,6361490
2023-09-18,000028,33.28,8376994
2023-09-19,000028,33.73,9712416
2023-09-20,000028,32.83,5033465
2023-09-21,000028,33.3,5886063
2023-09-22,000028,33.21,7810904
2023-09-25,000028,33.6,4843821
2023-09-26,000028,34.4,8041757
2023-09-27,000028,33.66,8054358
2023-09-28,000028,33.19,4309506
2023-09-29,000028,32.56,1061327
2023-10-02,000028,32.68,9162931
2023-10-03,000028,32.52,4647446
2023-10-04,000028,33.49,5789990
2023-10-05,000028,32.56,3272852
2023-10-06,000028,31.71,2473799
2023-10-09,000028,30.9,6113382
2023-10-10,000028,31.71,2096535
2023-10-11,000028,32.6,6733514
2023-10-12,000028,32.53,8124295
2023-10-13,000028,31.98,4558184
2023-10-16,000028,31.09,4223057
2023-10-17,000028,30.37,8117815
2023-10-18,000028,30.94,5425961
2023-10-19,000028,30.68,5801651
2023-10-20,000028,30.92,2825273
2023-10-23,000028,31.16,2112765
2023-10-24,000028,30.32,1984657
2023-10-25,000028,29.55,4535886
2023-10-26,000028,29.57,7346924
2023-10-27,000028,30.29,4438801
2023-10-30,000028,29.46,3886903
2023-10-31,000028,29.69,2058218
2023-11-01,000028,29.57,4362316
2023-11-02,000028,29.27,5425405
2023-11-03,000028,28.41,1898678
2023-11-06,000028,27.97,7532416
2023-11-07,000028,28.71,3081910
2023-11-08,000028,28.53,4734345
2023-11-09,000028,29.15,5786491
2023-11-10,000028,28.54,2118631
2023-11-13,000028,29.02,1995455
2023-11-14,000028,28.81,2847748
2023-11-15,000028,29.55,5254257
2023-11-16,000028,30.08,8742693
2023-11-17,000028,29.3,7031743
2023-11-20,000028,30.13,8512125
2023-11-21,000028,30.44,5905335
2023-11-22,000028,30.62,3061642
2023-11-23,000028,30.76,9281135
2023-11-24,000028,30.37,2684963
2023-11-27,000028,30.36,6292856
2023-11-28,000028,30.11,7860936
2023-11-29,000028,30.15,5891407
2023-11-30,000028,30.66,1114442
2023-12-01,000028,30.66,8528682
2022-01-03,000029,48.88,3846782
2022-01-04,000029,49.37,2568379
2022-01-05,000029,48.75,8027701
2022-01-06,000029,48.41,6793048
2022-01-07,000029,48.47,6183370
2022-01-10,000029,48.93,3744575
2022-01-11,000029,49.92,5771051
2022-01-12,000029,50.07,3225262
2022-01-13,000029,51.04,5534495
2022-01-14,000029,49.55,3639982
2022-01-17,000029,48.08,6086607
2022-01-18,000029,47.1,9313534
2022-01-19,000029,48.48,7132051
2022-01-20,000029,48.28,4738862
2022-01-21,000029,48.26,6047668
2022-01-24,000029,47.07,7570195
2022-01-25,000029,48.18,6559641
2022-01-26,000029,48.24,8922767
2022-01-27,000029,48.96,1223451
2022-01-28,000029,49.92,5599358
2022-01-31,000029,50.57,8657878
2022-02-01,000029,49.42,6380186
2022-02-02,000029,49.76,2106645
2022-02-03,000029,50.65,8807890
2022-02-04,000029,51.93,2011279
2022-02-07,000029,52.09,2292598
2022-02-08,000029,51.95,6699497
2022-02-09,000029,52.21,9789412
2022-02-10,000029,52.65,9349557
2022-02-11,000029,54.22,7631536
2022-02-14,000029,55.39,5820815
2022-02-15,000029,55.56,8250831
2022-02-16,000029,55.84,6984571
2022-02-17,000029,57.28,6587628
2022-02-18,000029,55.59,9496791
2022-02-21,000029,56.89,5757240
2022-02-22,000029,58.4,4409706
2022-02-23,000029,57.19,5284748
2022-02-24,000029,57.77,5257922
2022-02-25,000029,58.79,6812383
2022-02-28,000029,57.47,5535768
2022-03-01,000029,57.19,9763055
2022-03-02,000029,56.86,4407958
2022-03-03,000029,57.93,4613219
2022-03-04,000029,57.2,3900756
2022-03-07,000029,58.71,6049214
2022-03-08,000029,58.29,6047258
2022-03-09,000029,58.12,3473288
2022-03-10,000029,58.36,8058574
2022-03-11,000029,59.73,7640654
2022-03-14,000029,58.28,1974638
2022-03-15,000029,58.83,4971209
2022-03-16,000029,58.0,5812751
2022-03-17,000029,56.99,3528554
2022-03-18,000029,56.77,6864571
2022-03-21,000029,56.31,1168532
2022-03-22,000029,55.56,9257461
2022-03-23,000029,54.57,9397218
2022-03-24,000029,55.15,4520793
2022-03-25,000029,54.44,8784876
2022-03-28,000029,53.88,9485906
2022-03-29,000029,52.61,9507029
2022-03-30,000029,52.41,2601729
2022-03-31,000029,53.7,7401901
2022-04-01,000029,54.66,8756030
2022-04-04,000029,55.31,8082617
2022-04-05,000029,53.78,7871035
2022-04-06,000029,52.63,8972426
2022-04-07,000029,52.75,5591511
2022-04-08,000029,53.19,1022482
2022-04-11,000029,53.41,6479055
2022-04-12,000029,52.36,9847155
2022-04-13,000029,53.85,4594218
2022-04-14,000029,55.42,9162632
2022-04-15,000029,54.83,6816157
2022-04-18,000029,55.75,6777995
2022-04-19,000029,55.71,4406961
2022-04-20,000029,56.08,1288735
2022-04-21,000029,55.12,4901662
2022-04-22,000029,53.97,7416706
2022-04-25,000029,53.47,3935528
2022-04-26,000029,53.52,5155042
2022-04-27,000029,54.45,1014306
2022-04-28,000029,54.42,7905744
2022-04-29,000029,53.86,5398514
2022-05-02,000029,54.15,4610850
2022-05-03,000029,53.46,5128032
2022-05-04,000029,52.15,8005312
2022-05-05,000029,50.95,6237660
2022-05-06,000029,51.61,7281040
2022-05-09,000029,52.91,2094816
2022-05-10,000029,51.44,7649109
2022-05-11,000029,52.18,4324383
2022-05-12,000029,51.81,6061340
2022-05-13,000029,52.81,7908774
2022-05-16,000029,51.55,4571172
2022-05-17,000029,50.99,8836406
2022-05-18,000029,50.97,2391132
2022-05-19,000029,49.64,1153442
2022-05-20,000029,49.06,5011461
2022-05-23,000029,50.34,7207138
2022-05-24,000029,51.24,6423028
2022-05-25,000029,51.7,1890584
2022-05-26,000029,52.51,4310695
2022-05-27,000029,53.88,3652142
2022-05-30,000029,54.07,2807978
2022-05-31,000029,53.0,2687896
2022-06-01,000029,53.55,4413778
2022-06-02,000029,53.59,6055741
2022-06-03,000029,53.99,1083004
2022-06-06,000029,54.69,3551088
2022-06-07,000029,54.13,1492124
2022-06-08,000029,54.38,4213846
2022-06-09,000029,55.03,8059582
2022-06-10,000029,55.9,2352027
2022-06-13,000029,55.06,6445717
2022-06-14,000029,54.66,5653609
2022-06-15,000029,54.6,7481449
2022-06-16,000029,54.52,2188930
2022-06-17,000029,53.81,6666189
2022-06-20,000029,52.61,4391601
2022-06-21,000029,52.35,7141188
2022-06-22,000029,51.13,8284491
2022-06-23,000029,51.3,2352034
2022-06-24,000029,51.0,6683865
2022-06-27,000029,51.67,4409490
2022-06-28,000029,52.1,7086963
2022-06-29,000029,53.2,8860577
2022-06-30,000029,51.94,3167425
2022-07-01,000029,53.02,1113070
2022-07-04,000029,52.79,5064887
2022-07-05,000029,53.78,6491084
2022-07-06,000029,53.22,8887712
2022-07-07,000029,51.72,7100848
2022-07-08,000029,51.17,7245226
2022-07-11,000029,51.98,5375129
2022-07-12,000029,50.73,7073136
2022-07-13,000029,49.9,9301715
2022-07-14,000029,50.5,8568477
2022-07-15,000029,49.34,6014757
2022-07-18,000029,49.6,1456428
2022-07-19,000029,49.95,2593636
2022-07-20,000029,49.59,8501897
2022-07-21,000029,48.29,5230599
2022-07-22,000029,48.31,7275729
2022-07-25,000029,47.4,8867630
2022-07-26,000029,47.91,9072231
2022-07-27,000029,47.99,3444652
2022-07-28,000029,48.61,4645355
2022-07-29,000029,48.09,9000839
2022-08-01,000029,47.96,2309452
2022-08-02,000029,49.1,4455353
2022-08-03,000029,48.29,4157864
2022-08-04,000029,46.87,1301174
2022-08-05,000029,45.49,8402779
2022-08-08,000029,46.75,9727522
2022-08-09,000029,46.08,8808834
2022-08-10,000029,44.88,2220100
2022-08-11,000029,44.78,8614011
2022-08-12,000029,44.91,4785451
2022-08-15,000029,46.23,3591813
2022-08-16,000029,46.58,5034956
2022-08-17,000029,46.17,5156468
2022-08-18,000029,45.72,8866077
2022-08-19,000029,45.56,7510991
2022-08-22,000029,45.18,9235110
2022-08-23,000029,45.62,9792122
2022-08-24,000029,46.09,7629759
2022-08-25,000029,46.53,1680527
2022-08-26,000029,46.43,8071156
2022-08-29,000029,47.58,9404676
2022-08-30,000029,46.51,1474226
2022-08-31,000029,45.86,6447107
2022-09-01,000029,44.66,7929823
2022-09-02,000029,43.7,9663766
2022-09-05,000029,43.43,2847469
2022-09-06,000029,42.63,7707167
2022-09-07,000029,43.15,2552728
2022-09-08,000029,43.27,7695286
2022-09-09,000029,42.17,4296788
2022-09-12,000029,41.84,6526187
2022-09-13,000029,43.04,3998092
2022-09-14,000029,44.05,1511428
2022-09-15,000029,44.32,2454722
2022-09-16,000029,44.32,1249425
2022-09-19,000029,43.51,2422488
2022-09-20,000029,43.95,5062162
2022-09-21,000029,43.65,5840538
2022-09-22,000029,43.65,3646646
2022-09-23,000029,42.49,1092651
2022-09-26,000029,42.12,1840374
2022-09-27,000029,40.96,9996871
2022-09-28,000029,41.02,3210823
2022-09-29,000029,40.64,8449646
2022-09-30,000029,40.23,3272849
2022-10-03,000029,40.61,1105463
2022-10-04,000029,41.22,5334173
2022-10-05,000029,40.79,4983554
2022-10-06,000029,41.66,5684304
2022-10-07,000029,42.23,6644457
2022-10-10,000029,42.68,1431880
2022-10-11,000029,43.1,5246701
2022-10-12,000029,43.65,7744045
2022-10-13,000029,44.94,8402185
2022-10-14,000029,44.77,5920508
2022-10-17,000029,44.47,4911868
2022-10-18,000029,43.42,3242895
2022-10-19,000029,43.35,6060348
2022-10-20,000029,42.79,2769045
2022-10-21,000029,43.87,4447238
2022-10-24,000029,42.7,1013887
2022-10-25,000029,42.9,4916500
2022-10-26,000029,43.66,3432210
2022-10-27,000029,42.55,1155558
2022-10-28,000029,43.42,4320096
2022-10-31,000029,44.6,5804776
2022-11-01,000029,45.67,5452834
2022-11-02,000029,46.67,4421433
2022-11-03,000029,46.15,5255515
2022-11-04,000029,45.59,2205303
2022-11-07,000029,44.38,1604831
2022-11-08,000029,43.61,6285064
2022-11-09,000029,42.65,7144273
2022-11-10,000029,42.75,1806171
2022-11-11,000029,42.72,8316005
2022-11-14,000029,42.25,1162761
2022-11-15,000029,41.57,9340708
2022-11-16,000029,41.34,3780743
2022-11-17,000029,41.55,2423684
2022-11-18,000029,42.21,5896910
2022-11-21,000029,42.01,5468309
2022-11-22,000029,42.15,7407393
2022-11-23,000029,41.6,5216761
2022-11-24,000029,41.91,1806873
2022-11-25,000029,42.97,7594663
2022-11-28,000029,41.89,2902553
2022-11-29,000029,41.78,2468077
2022-11-30,000029,40.53,4787920
2022-12-01,000029,40.49,1305558
2022-12-02,000029,41.33,4825709
2022-12-05,000029,40.74,1889386
2022-12-06,000029,41.33,6842778
2022-12-07,000029,41.67,6673138
2022-12-08,000029,41.44,5365988
2022-12-09,000029,42.02,7943159
2022-12-12,000029,41.6,7627966
2022-12-13,000029,41.35,5325332
2022-12-14,000029,42.58,8856343
2022-12-15,000029,43.37,3569551
2022-12-16,000029,44.33,4970658
2022-12-19,000029,45.05,2678114
2022-12-20,000029,44.03,7833322
2022-12-21,000029,44.07,2755357
2022-12-22,000029,44.34,5600041
2022-12-23,000029,45.58,6196892
2022-12-26,000029,44.77,8991011
2022-12-27,000029,43.91,3514997
2022-12-28,000029,43.48,2997703
2022-12-29,000029,43.33,9298228
2022-12-30,000029,43.54,4529537
2023-01-02,000029,44.34,2408385
2023-01-03,000029,43.33,7471221
2023-01-04,000029,42.31,6279986
2023-01-05,000029,41.34,9812531
2023-01-06,000029,40.35,5408262
2023-01-09,000029,41.2,6793157
2023-01-10,000029,42.31,2324051
2023-01-11,000029,42.51,1560539
2023-01-12,000029,43.65,6827317
2023-01-13,000029,44.01,3098842
2023-01-16,000029,45.11,8073877
2023-01-17,000029,45.03,6558109
2023-01-18,000029,44.77,7356832
2023-01-19,000029,44.84,4937311
2023-01-20,000029,45.07,8750344
2023-01-23,000029,46.19,2863706
2023-01-24,000029,45.26,4627770
2023-01-25,000029,44.63,3686775
2023-01-26,000029,45.6,3709190
2023-01-27,000029,44.3,5343995
2023-01-30,000029,44.88,8609788
2023-01-31,000029,45.76,8353930
2023-02-01,000029,47.12,7576767
2023-02-02,000029,47.35,2490926
2023-02-03,000029,47.8,8782332
2023-02-06,000029,47.7,8533957
2023-02-07,000029,49.1,1184769
2023-02-08,000029,50.3,9646240
2023-02-09,000029,51.57,5051725
2023-02-10,000029,50.47,3170212
2023-02-13,000029,50.75,6213436
2023-02-14,000029,49.66,8767590
2023-02-15,000029,48.48,5713066
2023-02-16,000029,47.27,4423723
2023-02-17,000029,46.96,8921831
2023-02-20,000029,48.25,7432893
2023-02-21,000029,47.57,1174684
2023-02-22,000029,47.55,6573769
2023-02-23,000029,47.06,8135943
2023-02-24,000029,47.04,7410720
2023-02-27,000029,46.74,1358110
2023-02-28,000029,46.54,3124089
2023-03-01,000029,47.1,9497037
2023-03-02,000029,47.56,8764163
2023-03-03,000029,46.18,7980234
2023-03-06,000029,47.06,8562860
2023-03-07,000029,45.92,6503027
2023-03-08,000029,46.23,5081168
2023-03-09,000029,45.55,5686023
2023-03-10,000029,46.29,2341309
2023-03-13,000029,46.44,5027260
2023-03-14,000029,47.23,6719296
2023-03-15,000029,46.62,6744517
2023-03-16,000029,46.58,7491520
2023-03-17,000029,47.01,1927240
2023-03-20,000029,47.37,9825342
2023-03-21,000029,46.18,8240229
2023-03-22,000029,47.17,7124716
2023-03-23,000029,47.01,8541051
2023-03-24,000029,45.67,2800083
2023-03-27,000029,46.86,8611115
2023-03-28,000029,47.46,1233847
2023-03-29,000029,48.37,5439970
2023-03-30,000029,48.83,4175184
2023-03-31,000029,50.28,2925220
2023-04-03,000029,48.85,7754229
2023-04-04,000029,48.62,8576803
2023-04-05,000029,49.75,3828931
2023-04-06,000029,49.64,5432678
2023-04-07,000029,51.12,9817793
2023-04-10,000029,49.75,6259938
2023-04-11,000029,49.4,9483855
2023-04-12,000029,48.01,4303939
2023-04-13,000029,49.33,6479120
2023-04-14,000029,48.28,3608512
2023-04-17,000029,46.86,2049758
2023-04-18,000029,47.53,6043636
2023-04-19,000029,48.73,1740636
2023-04-20,000029,49.98,7849421
2023-04-21,000029,50.52,5915809
2023-04-24,000029,51.14,5076579
2023-04-25,000029,51.52,9689648
2023-04-26,000029,51.51,2637999
2023-04-27,000029,50.96,1383622
2023-04-28,000029,50.13,6652166
2023-05-01,000029,49.97,5102564
2023-05-02,000029,49.85,3191147
2023-05-03,000029,49.19,6514621
2023-05-04,000029,47.93,1522796
2023-05-05,000029,48.47,8527896
2023-05-08,000029,49.82,1820486
2023-05-09,000029,50.13,5730672
2023-05-10,000029,49.08,3664907
2023-05-11,000029,50.16,7425055
2023-05-12,000029,49.0,3735679
2023-05-15,000029,48.5,6446588
2023-05-16,000029,47.12,3307598
2023-05-17,000029,47.74,2161919
2023-05-18,000029,48.26,2385046
2023-05-19,000029,49.19,4684465
2023-05-22,000029,48.16,7620682
2023-05-23,000029,46.96,7231055
2023-05-24,000029,47.58,3991808
2023-05-25,000029,46.91,5681646
2023-05-26,000029,47.02,9356304
2023-05-29,000029,45.93,4381375
2023-05-30,000029,46.94,8820902
2023-05-31,000029,47.31,9157633
2023-06-01,000029,46.95,3917511
2023-06-02,000029,47.8,3100817
2023-06-05,000029,48.17,3365762
2023-06-06,000029,49.25,2328556
2023-06-07,000029,47.84,8941122
2023-06-08,000029,46.85,4564737
2023-06-09,000029,45.64,6476742
2023-06-12,000029,45.12,6231797
2023-06-13,000029,45.48,9817338
2023-06-14,000029,45.64,5679237
2023-06-15,000029,46.82,2734190
2023-06-16,000029,46.96,8247735
2023-06-19,000029,45.95,5543024
2023-06-20,000029,46.65,1171795
2023-06-21,000029,46.85,8775244
2023-06-22,000029,47.1,3218016
2023-06-23,000029,47.32,8012703
2023-06-26,000029,46.68,3225028
2023-06-27,000029,47.03,6554443
2023-06-28,000029,48.39,3601347
2023-06-29,000029,49.23,8579866
2023-06-30,000029,50.64,4823807
2023-07-03,000029,49.35,2696102
2023-07-04,000029,48.0,4376206
2023-07-05,000029,48.04,3122950
2023-07-06,000029,49.16,8727799
2023-07-07,000029,49.34,2134149
2023-07-10,000029,49.97,4555794
2023-07-11,000029,49.77,8063036
2023-07-12,000029,50.52,9732205
2023-07-13,000029,50.96,6694180
2023-07-14,000029,51.98,1467432
2023-07-17,000029,53.12,5533101
2023-07-18,000029,51.54,2781799
2023-07-19,000029,51.1,6509042
2023-07-20,000029,52.35,4518111
2023-07-21,000029,53.74,1515088
2023-07-24,000029,54.18,6497092
2023-07-25,000029,53.06,9942742
2023-07-26,000029,54.65,4981891
2023-07-27,000029,56.07,6204194
2023-07-28,000029,55.94,8503243
2023-07-31,000029,56.61,8975895
2023-08-01,000029,58.19,3379847
2023-08-02,000029,58.22,6619843
2023-08-03,000029,58.95,3340314
2023-08-04,000029,58.69,7429125
2023-08-07,000029,59.82,2563364
2023-08-08,000029,60.57,3568933
2023-08-09,000029,61.31,2467382
2023-08-10,000029,62.33,9096180
2023-08-11,000029,62.51,3415700
2023-08-14,000029,62.62,2717543
2023-08-15,000029,63.55,7244798
2023-08-16,000029,64.58,9299280
2023-08-17,000029,66.14,3814686
2023-08-18,000029,64.8,6150737
2023-08-21,000029,65.19,4654253
2023-08-22,000029,63.64,1139052
2023-08-23,000029,65.26,2533328
2023-08-24,000029,66.74,9475620
2023-08-25,000029,66.95,9278423
2023-08-28,000029,66.38,6155509
2023-08-29,000029,66.88,1015955
2023-08-30,000029,68.04,5430593
2023-08-31,000029,67.41,9428474
2023-09-01,000029,66.69,4211809
2023-09-04,000029,68.36,8285002
2023-09-05,000029,68.49,4502652
2023-09-06,000029,69.06,2379557
2023-09-07,000029,70.15,1127977
2023-09-08,000029,69.58,4787180
2023-09-11,000029,67.64,5641074
2023-09-12,000029,67.92,6221583
2023-09-13,000029,69.3,5239837
2023-09-14,000029,70.52,2839518
2023-09-15,000029,72.32,1896438
2023-09-18,000029,74.13,3728847
2023-09-19,000029,72.95,2760295
2023-09-20,000029,73.29,3849570
2023-09-21,000029,72.32,7475231
2023-09-22,000029,70.35,4548534
2023-09-25,000029,71.94,8850122
2023-09-26,000029,73.04,2092627
2023-09-27,000029,71.28,1777038
2023-09-28,000029,72.85,2536669
2023-09-29,000029,72.5,5581892
2023-10-02,000029,73.75,7545722
2023-10-03,000029,73.94,6901704
2023-10-04,000029,72.34,2628454
2023-10-05,000029,73.68,9826875
2023-10-06,000029,71.62,8937204
2023-10-09,000029,71.51,1010328
2023-10-10,000029,70.51,5549313
2023-10-11,000029,71.3,2316179
2023-10-12,000029,70.79,4947057
2023-10-13,000029,69.23,9353949
2023-10-16,000029,70.1,3247205
2023-10-17,000029,71.51,1236474
2023-10-18,000029,71.87,9102246
2023-10-19,000029,71.26,2789174
2023-10-20,000029,72.44,2419761
2023-10-23,000029,70.32,7234904
2023-10-24,000029,70.56,4606994
2023-10-25,000029,69.31,3411298
2023-10-26,000029,67.71,6616922
2023-10-27,000029,69.53,9095188
2023-10-30,000029,69.86,1073497
2023-10-31,000029,68.29,8830106
2023-11-01,000029,69.64,5719004
2023-11-02,000029,67.91,5364089
2023-11-03,000029,68.92,6948837
2023-11-06,000029,70.7,8717353
2023-11-07,000029,70.58,9697796
2023-11-08,000029,71.48,9720823
2023-11-09,000029,71.31,5544479
2023-11-10,000029,70.73,4547557
2023-11-13,000029,69.33,2435241
2023-11-14,000029,68.27,7913971
2023-11-15,000029,69.19,1470836
2023-11-16,000029,67.69,5364357
2023-11-17,000029,67.32,8803525
2023-11-20,000029,67.5,9936374
2023-11-21,000029,67.51,1912066
2023-11-22,000029,69.05,6492423
2023-11-23,000029,67.71,4216731
2023-11-24,000029,68.63,2864478
2023-11-27,000029,67.18,6249233
2023-11-28,000029,68.24,2277193
2023-11-29,000029,66.69,2583467
2023-11-30,000029,67.66,8571706
2023-12-01,000029,67.57,1958413
2022-01-03,000030,48.81,9133830
2022-01-04,000030,48.25,4790800
2022-01-05,000030,49.16,4688143
2022-01-06,000030,48.73,6967467
2022-01-07,000030,49.56,9088747
2022-01-10,000030,49.17,8016517
2022-01-11,000030,48.25,5113867
2022-01-12,000030,47.11,4803027
2022-01-13,000030,46.39,7327449
2022-01-14,000030,46.41,6613814
2022-01-17,000030,45.41,9421654
2022-01-18,000030,45.83,4872594
2022-01-19,000030,45.51,6281682
2022-01-20,000030,46.23,8343479
2022-01-21,000030,46.7,7437364
2022-01-24,000030,46.4,6479446
2022-01-25,000030,46.03,6432503
2022-01-26,000030,45.82,3141086
2022-01-27,000030,47.09,6027700
2022-01-28,000030,46.66,4757163
2022-01-31,000030,46.57,7855470
2022-02-01,000030,47.23,1593588
2022-02-02,000030,47.75,3275487
2022-02-03,000030,48.36,4852667
2022-02-04,000030,47.5,6918232
2022-02-07,000030,47.53,4482322
2022-02-08,000030,47.53,6870130
2022-02-09,000030,46.74,4914922
2022-02-10,000030,46.45,5966502
2022-02-11,000030,47.05,7497360
2022-02-14,000030,46.32,1602981
2022-02-15,000030,44.97,8825753
2022-02-16,000030,44.19,5666282
2022-02-17,000030,43.9,5560038
2022-02-18,000030,42.97,1026980
2022-02-21,000030,42.35,9995210
2022-02-22,000030,41.75,9556986
2022-02-23,000030,41.47,3805257
2022-02-24,000030,40.88,4433270
2022-02-25,000030,40.11,5851494
2022-02-28,000030,39.9,3883831
2022-03-01,000030,40.07,9124434
2022-03-02,000030,40.91,4344778
2022-03-03,000030,41.37,8580931
2022-03-04,000030,40.16,1387918
2022-03-07,000030,39.04,9555117
2022-03-08,000030,38.67,3651601
2022-03-09,000030,39.45,1384559
2022-03-10,000030,38.91,6520477
2022-03-11,000030,38.35,7790694
2022-03-14,000030,38.39,7718250
2022-03-15,000030,39.33,3537939
2022-03-16,000030,40.06,3762231
2022-03-17,000030,41.03,2663135
2022-03-18,000030,41.48,2381897
2022-03-21,000030,42.62,6285036
2022-03-22,000030,42.4,4291905
2022-03-23,000030,43.18,6022202
2022-03-24,000030,43.94,3916298
2022-03-25,000030,43.41,1016994
2022-03-28,000030,43.58,3993913
2022-03-29,000030,43.6,5296273
2022-03-30,000030,44.37,7878592
2022-03-31,000030,45.04,1749004
2022-04-01,000030,45.86,8449065
2022-04-04,000030,46.84,1627051
2022-04-05,000030,46.26,4287461
2022-04-06,000030,45.75,9076064
2022-04-07,000030,44.5,5337357
2022-04-08,000030,45.13,9823023
2022-04-11,000030,45.54,9088088
2022-04-12,000030,46.17,1802740
2022-04-13,000030,45.45,3914468
2022-04-14,000030,45.4,6527241
2022-04-15,000030,45.74,9471674
2022-04-18,000030,46.81,9592801
2022-04-19,000030,46.9,4175060
2022-04-20,000030,46.62,8749732
2022-04-21,000030,45.81,5731614
2022-04-22,000030,45.06,6866640
2022-04-25,000030,44.92,4407188
2022-04-26,000030,44.1,7981660
2022-04-27,000030,44.04,7432859
2022-04-28,000030,42.74,3758483
2022-04-29,000030,41.67,1851700
2022-05-02,000030,41.05,6414834
2022-05-03,000030,40.41,5681172
2022-05-04,000030,40.29,3928516
2022-05-05,000030,40.84,1819894
2022-05-06,000030,40.96,1397880
2022-05-09,000030,42.18,7008949
2022-05-10,000030,43.31,4723138
2022-05-11,000030,43.12,9794448
2022-05-12,000030,42.67,1292948
2022-05-13,000030,42.68,4439834
2022-05-16,000030,41.53,5924404
2022-05-17,000030,42.22,7348534
2022-05-18,000030,41.69,2017109
2022-05-19,000030,41.63,3995598
2022-05-20,000030,40.44,9766921
2022-05-23,000030,41.64,8254076
2022-05-24,000030,42.83,3429138
2022-05-25,000030,41.59,7462497
2022-05-26,000030,40.46,1530348
2022-05-27,000030,40.39,2621177
2022-05-30,000030,41.0,7902470
2022-05-31,000030,39.83,4475974
2022-06-01,000030,41.01,3062671
2022-06-02,000030,40.72,5213046
2022-06-03,000030,40.32,1997272
2022-06-06,000030,40.9,3380946
2022-06-07,000030,41.43,1648983
2022-06-08,000030,42.62,3107207
2022-06-09,000030,42.5,8187823
2022-06-10,000030,43.71,3731432
2022-06-13,000030,42.74,1897736
2022-06-14,000030,41.77,8614844
2022-06-15,000030,40.94,8731621
2022-06-16,000030,40.48,2964147
2022-06-17,000030,39.5,2788216
2022-06-20,000030,39.35,5830692
2022-06-21,000030,39.79,9818454
2022-06-22,000030,39.78,1358004
2022-06-23,000030,39.3,1119874
2022-06-24,000030,39.18,2906350
2022-06-27,000030,38.42,7434812
2022-06-28,000030,38.57,1537851
2022-06-29,000030,37.47,5443300
2022-06-30,000030,36.35,4086810
2022-07-01,000030,37.1,5200149
2022-07-04,000030,37.94,8081383
2022-07-05,000030,38.97,3944497
2022-07-06,000030,38.61,6259372
2022-07-07,000030,39.37,6451343
2022-07-08,000030,39.64,1781955
2022-07-11,000030,39.89,6909346
2022-07-12,000030,39.89,6154682
2022-07-13,000030,39.63,9734038
2022-07-14,000030,38.65,9706036
2022-07-15,000030,39.36,9877118
2022-07-18,000030,38.9,1187529
2022-07-19,000030,40.05,5058302
2022-07-20,000030,40.36,8592077
2022-07-21,000030,41.2,8534790
2022-07-22,000030,41.88,5608859
2022-07-25,000030,41.14,3413923
2022-07-26,000030,40.33,3566967
2022-07-27,000030,40.3,9206685
2022-07-28,000030,41.02,9059459
2022-07-29,000030,39.92,5131426
2022-08-01,000030,40.13,2662501
2022-08-02,000030,40.33,7800294
2022-08-03,000030,39.54,7345047
2022-08-04,000030,40.0,4849075
2022-08-05,000030,40.96,7116469
2022-08-08,000030,41.41,2820482
2022-08-09,000030,40.39,3796310
2022-08-10,000030,40.96,3395053
2022-08-11,000030,40.11,3794790
2022-08-12,000030,38.92,5811125
2022-08-15,000030,40.06,3907631
2022-08-16,000030,39.58,9791413
2022-08-17,000030,39.5,9211900
2022-08-18,000030,39.26,4800675
2022-08-19,000030,39.62,9323562
2022-08-22,000030,40.5,7716120
2022-08-23,000030,41.42,5565285
2022-08-24,000030,42.49,5551307
2022-08-25,000030,41.39,7610483
2022-08-26,000030,41.38,2683833
2022-08-29,000030,42.11,9358299
2022-08-30,000030,42.29,6555282
2022-08-31,000030,42.87,1087198
2022-09-01,000030,42.7,6191653
2022-09-02,000030,42.94,3965943
2022-09-05,000030,43.38,4819798
2022-09-06,000030,44.4,5470482
2022-09-07,000030,45.29,2442290
2022-09-08,000030,44.95,2045001
2022-09-09,000030,45.43,5645705
2022-09-12,000030,46.25,6409319
2022-09-13,000030,47.38,6797352
2022-09-14,000030,45.97,5794473
2022-09-15,000030,46.33,6507069
2022-09-16,000030,45.74,5802074
2022-09-19,000030,45.7,2570836
2022-09-20,000030,46.77,9226625
2022-09-21,000030,47.2,5493383
2022-09-22,000030,46.32,9798456
2022-09-23,000030,47.27,5602540
2022-09-26,000030,48.22,7452216
2022-09-27,000030,47.01,7838690
2022-09-28,000030,46.63,3308896
2022-09-29,000030,47.27,8561156
2022-09-30,000030,46.93,1243956
2022-10-03,000030,45.65,3077931
2022-10-04,000030,44.53,4083228
2022-10-05,000030,44.25,3080589
2022-10-06,000030,45.23,5290984
2022-10-07,000030,45.13,3976716
2022-10-10,000030,45.22,6539855
2022-10-11,000030,44.64,5834154
2022-10-12,000030,43.9,7244767
2022-10-13,000030,44.8,6049759
2022-10-14,000030,44.9,5967149
2022-10-17,000030,45.29,3447827
2022-10-18,000030,46.09,1717484
2022-10-19,000030,46.07,1036650
2022-10-20,000030,46.72,2756294
2022-10-21,000030,45.66,2063601
2022-10-24,000030,46.49,5876739
2022-10-25,000030,46.45,4415324
2022-10-26,000030,46.89,4382683
2022-10-27,000030,48.17,9289944
2022-10-28,000030,48.32,2479476
2022-10-31,000030,47.23,2415105
2022-11-01,000030,46.28,9361164
2022-11-02,000030,46.62,3342209
2022-11-03,000030,46.35,6398599
2022-11-04,000030,47.53,3778144
2022-11-07,000030,46.12,5504256
2022-11-08,000030,45.1,8944013
2022-11-09,000030,45.19,7116722
2022-11-10,000030,45.37,7482505
2022-11-11,000030,46.51,6142532
2022-11-14,000030,45.78,6797712
2022-11-15,000030,45.55,7149459
2022-11-16,000030,46.87,9085872
2022-11-17,000030,46.39,4542269
2022-11-18,000030,47.52,2291891
2022-11-21,000030,47.46,6130877
2022-11-22,000030,46.7,7169428
2022-11-23,000030,45.54,7010745
2022-11-24,000030,45.82,1644256
2022-11-25,000030,44.76,4710169
2022-11-28,000030,45.47,1652435
2022-11-29,000030,46.44,9859537
2022-11-30,000030,46.8,5481448
2022-12-01,000030,46.84,5509638
2022-12-02,000030,45.68,6204428
2022-12-05,000030,46.73,7152464
2022-12-06,000030,45.67,5365645
2022-12-07,000030,46.34,9746897
2022-12-08,000030,46.19,9667940
2022-12-09,000030,45.71,2378237
2022-12-12,000030,44.71,5535234
2022-12-13,000030,43.77,8204838
2022-12-14,000030,44.6,5506700
2022-12-15,000030,43.52,6260806
2022-12-16,000030,44.28,9375396
2022-12-19,000030,44.75,3026513
2022-12-20,000030,44.96,9737220
2022-12-21,000030,45.73,2763882
2022-12-22,000030,44.52,3305491
2022-12-23,000030,45.24,8969238
2022-12-26,000030,45.48,8087683
2022-12-27,000030,45.9,8681210
2022-12-28,000030,45.29,3673421
2022-12-29,000030,46.04,1598975
2022-12-30,000030,46.04,6104222
2023-01-02,000030,44.96,7230548
2023-01-03,000030,45.47,4870228
2023-01-04,000030,44.52,7341237
2023-01-05,000030,44.77,6024876
2023-01-06,000030,45.74,4311696
2023-01-09,000030,45.3,7343009
2023-01-10,000030,45.67,1396735
2023-01-11,000030,45.61,2231882
2023-01-12,000030,44.34,4006337
2023-01-13,000030,43.98,5806157
2023-01-16,000030,44.4,4929521
2023-01-17,000030,45.01,4115907
2023-01-18,000030,44.01,1310230
2023-01-19,000030,44.26,4780458
2023-01-20,000030,43.12,9004097
2023-01-23,000030,44.36,3205873
2023-01-24,000030,45.61,5800320
2023-01-25,000030,44.67,9070998
2023-01-26,000030,44.94,1225838
2023-01-27,000030,44.44,2323763
2023-01-30,000030,44.48,8651285
2023-01-31,000030,44.77,6227654
2023-02-01,000030,45.68,4264406
2023-02-02,000030,46.25,6432583
2023-02-03,000030,46.48,9977128
2023-02-06,000030,46.79,4879103
2023-02-07,000030,46.52,2470441
2023-02-08,000030,47.75,5261746
2023-02-09,000030,48.81,7378482
2023-02-10,000030,47.6,4649017
2023-02-13,000030,47.74,1373658
2023-02-14,000030,47.65,7715443
2023-02-15,000030,47.07,7120157
2023-02-16,000030,46.11,3219612
2023-02-17,000030,46.33,5381191
2023-02-20,000030,45.89,7955466
2023-02-21,000030,45.37,9096791
2023-02-22,000030,45.44,2330561
2023-02-23,000030,45.13,8820585
2023-02-24,000030,44.59,7678779
2023-02-27,000030,44.32,2010451
2023-02-28,000030,43.01,2345135
2023-03-01,000030,43.31,4026945
2023-03-02,000030,42.6,8799241
2023-03-03,000030,43.73,6399701
2023-03-06,000030,44.75,3938232
2023-03-07,000030,44.02,3673330
2023-03-08,000030,44.68,5291066
2023-03-09,000030,44.27,4852441
2023-03-10,000030,45.03,6570364
2023-03-13,000030,43.74,6061824
2023-03-14,000030,43.95,1343354
2023-03-15,000030,42.98,3882206
2023-03-16,000030,44.24,3158705
2023-03-17,000030,44.26,2436201
2023-03-20,000030,44.11,6782391
2023-03-21,000030,43.85,9219046
2023-03-22,000030,43.17,7437562
2023-03-23,000030,43.67,6630510
2023-03-24,000030,44.72,6789033
2023-03-27,000030,43.52,9761893
2023-03-28,000030,43.07,7175812
2023-03-29,000030,42.59,6853522
2023-03-30,000030,42.55,2722784
2023-03-31,000030,41.77,7943384
2023-04-03,000030,42.35,4227778
2023-04-04,000030,43.55,1922995
2023-04-05,000030,43.14,5330052
2023-04-06,000030,44.3,1923737
2023-04-07,000030,45.03,5414630
2023-04-10,000030,44.05,1439382
2023-04-11,000030,44.41,5155452
2023-04-12,000030,43.08,1245277
2023-04-13,000030,44.31,6856975
2023-04-14,000030,44.5,5689539
2023-04-17,000030,45.32,3436321
2023-04-18,000030,46.41,3418031
2023-04-19,000030,45.55,4534235
2023-04-20,000030,45.87,7825903
2023-04-21,000030,46.21,9015158
2023-04-24,000030,45.42,6482787
2023-04-25,000030,44.67,5209264
2023-04-26,000030,45.91,3994284
2023-04-27,000030,45.27,5298075
2023-04-28,000030,45.94,2767411
2023-05-01,000030,45.16,3869099
2023-05-02,000030,46.09,3795238
2023-05-03,000030,44.97,5247070
2023-05-04,000030,44.62,3296148
2023-05-05,000030,44.38,9139156
2023-05-08,000030,44.32,7935046
2023-05-09,000030,44.89,2084883
2023-05-10,000030,44.63,6333270
2023-05-11,000030,44.66,5436351
2023-05-12,000030,45.26,5721108
2023-05-15,000030,44.47,2275536
2023-05-16,000030,45.13,4615078
2023-05-17,000030,45.85,7675710
2023-05-18,000030,46.08,2005415
2023-05-19,000030,45.4,9941487
2023-05-22,000030,44.59,9193577
2023-05-23,000030,45.4,5858180
2023-05-24,000030,46.15,7146542
2023-05-25,000030,46.83,6342076
2023-05-26,000030,45.71,9685710
2023-05-29,000030,45.91,2422295
2023-05-30,000030,46.5,9445188
2023-05-31,000030,47.55,8431017
2023-06-01,000030,48.33,8202867
2023-06-02,000030,48.05,9154032
2023-06-05,000030,49.4,4416196
2023-06-06,000030,49.79,6805128
2023-06-07,000030,50.66,2424943
2023-06-08,000030,50.64,5150960
2023-06-09,000030,50.06,3260185
2023-06-12,000030,50.17,7767933
2023-06-13,000030,49.71,9083300
2023-06-14,000030,48.49,8328993
2023-06-15,000030,49.28,9187572
2023-06-16,000030,49.85,1805863
2023-06-19,000030,50.53,8146142
2023-06-20,000030,50.41,7915007
2023-06-21,000030,50.34,7593124
2023-06-22,000030,51.34,9800766
2023-06-23,000030,50.51,9260392
2023-06-26,000030,50.64,7725289
2023-06-27,000030,51.68,6986207
2023-06-28,000030,50.15,5230214
2023-06-29,000030,49.07,9314920
2023-06-30,000030,49.99,4761599
2023-07-03,000030,49.68,5617613
2023-07-04,000030,50.98,5592488
2023-07-05,000030,51.46,1095141
2023-07-06,000030,52.12,3851660
2023-07-07,000030,53.25,1350377
2023-07-10,000030,51.71,3418844
2023-07-11,000030,50.44,7158227
2023-07-12,000030,51.89,2306893
2023-07-13,000030,51.13,5520194
2023-07-14,000030,52.09,6573779
2023-07-17,000030,50.7,1051218
2023-07-18,000030,51.59,2511745
2023-07-19,000030,52.26,4382073
2023-07-20,000030,52.16,6515307
2023-07-21,000030,53.65,5689997
2023-07-24,000030,52.37,6898286
2023-07-25,000030,53.07,4050477
2023-07-26,000030,52.93,1257921
2023-07-27,000030,52.29,4918090
2023-07-28,000030,53.55,6647562
2023-07-31,000030,53.42,9934621
2023-08-01,000030,53.24,4475648
2023-08-02,000030,54.03,2208553
2023-08-03,000030,54.52,8729942
2023-08-04,000030,56.13,2318660
2023-08-07,000030,57.64,7945294
2023-08-08,000030,57.83,9470557
2023-08-09,000030,56.79,3716257
2023-08-10,000030,56.33,6217816
2023-08-11,000030,55.15,1213658
2023-08-14,000030,54.01,7071422
2023-08-15,000030,53.63,5797495
2023-08-16,000030,52.18,8155396
2023-08-17,000030,53.07,1286742
2023-08-18,000030,54.55,1206724
2023-08-21,000030,54.33,5215498
2023-08-22,000030,54.72,4832666
2023-08-23,000030,55.7,7752480
2023-08-24,000030,56.74,7581577
2023-08-25,000030,57.49,6206850
2023-08-28,000030,58.31,4911230
2023-08-29,000030,56.67,6167902
2023-08-30,000030,56.92,7992581
2023-08-31,000030,58.5,7557495
2023-09-01,000030,57.54,1296494
2023-09-04,000030,55.88,5307486
2023-09-05,000030,54.75,4808182
2023-09-06,000030,54.8,4792516
2023-09-07,000030,54.7,2166099
2023-09-08,000030,56.19,6704170
2023-09-11,000030,55.39,3592739
2023-09-12,000030,55.15,2032499
2023-09-13,000030,56.13,5933110
2023-09-14,000030,55.33,2065125
2023-09-15,000030,55.65,5075759
2023-09-18,000030,56.78,9753380
2023-09-19,000030,58.02,7566316
2023-09-20,000030,56.42,4171586
2023-09-21,000030,56.72,7461270
2023-09-22,000030,57.86,3301595
2023-09-25,000030,59.18,4411164
2023-09-26,000030,57.78,3508217
2023-09-27,000030,57.88,7531056
2023-09-28,000030,57.34,9731056
2023-09-29,000030,58.15,8183899
2023-10-02,000030,57.48,7637623
2023-10-03,000030,55.87,5352408
2023-10-04,000030,56.04,3319595
2023-10-05,000030,54.72,8258639
2023-10-06,000030,56.32,1091564
2023-10-09,000030,57.01,2172578
2023-10-10,000030,56.01,4925003
2023-10-11,000030,56.87,9481519
2023-10-12,000030,55.89,3159275
2023-10-13,000030,54.3,3464383
2023-10-16,000030,53.6,3328606
2023-10-17,000030,53.44,9720425
2023-10-18,000030,54.49,8665444
2023-10-19,000030,55.66,5900947
2023-10-20,000030,55.18,3704780
2023-10-23,000030,55.46,5141433
2023-10-24,000030,56.53,2854848
2023-10-25,000030,55.36,5446875
2023-10-26,000030,56.34,4377639
2023-10-27,000030,56.67,2686153
2023-10-30,000030,56.07,5018428
2023-10-31,000030,56.52,8937461
2023-11-01,000030,56.56,9827085
2023-11-02,000030,57.95,2480560
2023-11-03,000030,56.49,4234675
2023-11-06,000030,55.42,2724600
2023-11-07,000030,55.84,6043822
2023-11-08,000030,55.94,2213209
2023-11-09,000030,54.6,4543139
2023-11-10,000030,54.9,3138554
2023-11-13,000030,56.05,6113885
2023-11-14,000030,56.99,2225855
2023-11-15,000030,56.23,1208968
2023-11-16,000030,56.35,5199448
2023-11-17,000030,57.57,2434461
2023-11-20,000030,56.62,7586605
2023-11-21,000030,57.69,7517860
2023-11-22,000030,58.64,9849291
2023-11-23,000030,58.1,9191775
2023-11-24,000030,57.53,5655777
2023-11-27,000030,56.51,2580500
2023-11-28,000030,55.54,9658920
2023-11-29,000030,55.32,6738403
2023-11-30,000030,54.52,5436042
2023-12-01,000030,52.96,8404391
2022-01-03,000031,50.84,2812885
2022-01-04,000031,50.94,5046877
2022-01-05,000031,50.95,6845617
2022-01-06,000031,50.42,9700355
2022-01-07,000031,50.18,1023519
2022-01-10,000031,51.33,1171118
2022-01-11,000031,52.0,4330761
2022-01-12,000031,53.51,9341821
2022-01-13,000031,54.42,4239315
2022-01-14,000031,53.71,5074571
2022-01-17,000031,53.04,8150022
2022-01-18,000031,51.86,7213581
2022-01-19,000031,52.34,3671949
2022-01-20,000031,52.42,6691817
2022-01-21,000031,51.02,9802366
2022-01-24,000031,52.13,4350133
2022-01-25,000031,51.24,1175856
2022-01-26,000031,51.32,1719686
2022-01-27,000031,52.6,6675395
2022-01-28,000031,52.01,3610221
2022-01-31,000031,52.68,8127858
2022-02-01,000031,53.37,3284326
2022-02-02,000031,53.05,1303846
2022-02-03,000031,52.87,8245045
2022-02-04,000031,51.99,3492460
2022-02-07,000031,52.52,6715606
2022-02-08,000031,53.88,1319790
2022-02-09,000031,52.53,5387701
2022-02-10,000031,53.79,3132826
2022-02-11,000031,55.24,7236086
2022-02-14,000031,53.95,3393840
2022-02-15,000031,53.33,3726008
2022-02-16,000031,52.44,7325602
2022-02-17,000031,52.98,9283818
2022-02-18,000031,52.69,8677155
2022-02-21,000031,53.47,7555242
2022-02-22,000031,53.1,2317393
2022-02-23,000031,53.88,6711503
2022-02-24,000031,53.06,4219323
2022-02-25,000031,52.39,6641641
2022-02-28,000031,51.59,2681363
2022-03-01,000031,50.2,8636412
2022-03-02,000031,49.12,1235549
2022-03-03,000031,47.69,4911127
2022-03-04,000031,46.77,2464967
2022-03-07,000031,45.76,1233057
2022-03-08,000031,44.9,3890816
2022-03-09,000031,44.65,5786762
2022-03-10,000031,45.75,9402732
2022-03-11,000031,45.79,8673456
2022-03-14,000031,46.1,8054004
2022-03-15,000031,45.06,8171035
2022-03-16,000031,44.37,8868369
2022-03-17,000031,43.19,9840946
2022-03-18,000031,41.92,8284905
2022-03-21,000031,42.98,7329153
2022-03-22,000031,43.43,1368881
2022-03-23,000031,43.18,1807026
2022-03-24,000031,41.88,5002648
2022-03-25,000031,42.37,9772785
2022-03-28,000031,42.59,2960782
2022-03-29,000031,42.7,6688824
2022-03-30,000031,41.42,4185867
2022-03-31,000031,40.94,1720572
2022-04-01,000031,40.55,6592587
2022-04-04,000031,40.77,7147942
2022-04-05,000031,40.7,1141732
2022-04-06,000031,39.95,1291350
2022-04-07,000031,39.34,1899831
2022-04-08,000031,38.42,6448064
2022-04-11,000031,38.65,2517339
2022-04-12,000031,38.68,4137848
2022-04-13,000031,39.05,3391791
2022-04-14,000031,38.81,6786916
2022-04-15,000031,38.37,7735267
2022-04-18,000031,38.45,5060407
2022-04-19,000031,37.37,2127677
2022-04-20,000031,37.81,4314116
2022-04-21,000031,37.52,4017987
2022-04-22,000031,38.58,6109004
2022-04-25,000031,37.93,7114047
2022-04-26,000031,37.88,8376009
2022-04-27,000031,37.46,5623319
2022-04-28,000031,36.81,6055315
2022-04-29,000031,36.66,8833815
2022-05-02,000031,37.3,4286575
2022-05-03,000031,36.58,4801550
2022-05-04,000031,37.41,9206005
2022-05-05,000031,37.45,4323544
2022-05-06,000031,37.45,8757023
2022-05-09,000031,38.5,3742658
2022-05-10,000031,39.3,2996820
2022-05-11,000031,39.05,1695175
2022-05-12,000031,39.63,9802314
2022-05-13,000031,38.63,6939570
2022-05-16,000031,39.24,6591894
2022-05-17,000031,39.01,3655058
2022-05-18,000031,39.73,3274148
2022-05-19,000031,39.6,8492412
2022-05-20,000031,40.62,9763258
2022-05-23,000031,40.01,5403105
2022-05-24,000031,40.92,4428210
2022-05-25,000031,40.49,2661824
2022-05-26,000031,40.41,8434776
2022-05-27,000031,39.54,9878997
2022-05-30,000031,39.63,3818110
2022-05-31,000031,39.6,2002749
2022-06-01,000031,40.08,8801120
2022-06-02,000031,41.06,9569273
2022-06-03,000031,40.54,2583653
2022-06-06,000031,40.66,5713129
2022-06-07,000031,41.69,8176572
2022-06-08,000031,42.32,3683678
2022-06-09,000031,42.17,6314244
2022-06-10,000031,41.12,9822471
2022-06-13,000031,40.38,3334398
2022-06-14,000031,40.39,9656603
2022-06-15,000031,40.64,8069872
2022-06-16,000031,39.5,5085111
2022-06-17,000031,40.04,3866452
2022-06-20,000031,38.93,9811391
2022-06-21,000031,39.44,4592984
2022-06-22,000031,40.16,8288732
2022-06-23,000031,40.2,2141214
2022-06-24,000031,40.35,1904640
2022-06-27,000031,40.58,5507315
2022-06-28,000031,41.12,5211658
2022-06-29,000031,40.47,1536404
2022-06-30,000031,39.66,2959560
2022-07-01,000031,40.02,6497467
2022-07-04,000031,39.96,7418780
2022-07-05,000031,39.4,6944547
2022-07-06,000031,38.52,6669684
2022-07-07,000031,37.58,3302326
2022-07-08,000031,37.54,9251066
2022-07-11,000031,38.34,3192332
2022-07-12,000031,38.66,9527476
2022-07-13,000031,38.53,3219403
2022-07-14,000031,37.91,6285319
2022-07-15,000031,36.92,3770112
2022-07-18,000031,37.94,2032246
2022-07-19,000031,38.63,5464238
2022-07-20,000031,39.31,4668444
2022-07-21,000031,39.14,3288243
2022-07-22,000031,38.35,2175795
2022-07-25,000031,38.89,4190558
2022-07-26,000031,38.16,9897746
2022-07-27,000031,39.24,1265310
2022-07-28,000031,38.89,9134799
2022-07-29,000031,38.01,5378869
2022-08-01,000031,38.31,5558296
2022-08-02,000031,38.39,6172539
2022-08-03,000031,39.12,2361546
2022-08-04,000031,38.3,7340071
2022-08-05,000031,38.38,5961520
2022-08-08,000031,39.05,3204649
2022-08-09,000031,39.4,5267471
2022-08-10,000031,39.34,5814436
2022-08-11,000031,39.92,5731824
2022-08-12,000031,39.16,6411732
2022-08-15,000031,38.9,3919409
2022-08-16,000031,39.66,4207832
2022-08-17,000031,39.35,3407362
2022-08-18,000031,38.84,4246586
2022-08-19,000031,38.47,7676044
2022-08-22,000031,38.81,5990643
2022-08-23,000031,38.25,1449067
2022-08-24,000031,38.83,2843902
2022-08-25,000031,37.67,6066162
2022-08-26,000031,36.92,7710584
2022-08-29,000031,35.91,1926642
2022-08-30,000031,36.68,8620391
2022-08-31,000031,36.31,6384374
2022-09-01,000031,37.14,3862646
2022-09-02,000031,37.34,5175296
2022-09-05,000031,37.13,1406472
2022-09-06,000031,37.78,9195022
2022-09-07,000031,38.7,9236606
2022-09-08,000031,38.76,4557143
2022-09-09,000031,39.84,5208124
2022-09-12,000031,39.72,2634446
2022-09-13,000031,40.46,4513839
2022-09-14,000031,39.8,1773821
2022-09-15,000031,39.05,1804253
2022-09-16,000031,39.38,8282828
2022-09-19,000031,39.28,5674238
2022-09-20,000031,40.13,4616101
2022-09-21,000031,41.31,6341058
2022-09-22,000031,40.15,7775510
2022-09-23,000031,40.11,8620357
2022-09-26,000031,41.3,8276081
2022-09-27,000031,40.42,8554386
2022-09-28,000031,40.82,8020696
2022-09-29,000031,40.1,6377172
2022-09-30,000031,40.03,7490428
2022-10-03,000031,39.66,8128564
2022-10-04,000031,39.66,3817552
2022-10-05,000031,39.89,8421165
2022-10-06,000031,40.56,4209198
2022-10-07,000031,40.71,4201938
2022-10-10,000031,41.21,9970480
2022-10-11,000031,42.39,5456040
2022-10-12,000031,43.13,7428204
2022-10-13,000031,41.88,8436984
2022-10-14,000031,43.09,5697180
2022-10-17,000031,44.32,2694389
2022-10-18,000031,45.31,9285062
2022-10-19,000031,45.46,4000366
2022-10-20,000031,46.57,3979696
2022-10-21,000031,46.51,7394660
2022-10-24,000031,45.27,1860148
2022-10-25,000031,46.04,8021937
2022-10-26,000031,44.87,2425596
2022-10-27,000031,44.93,3369620
2022-10-28,000031,46.21,8405345
2022-10-31,000031,46.55,6529159
2022-11-01,000031,47.19,4697731
2022-11-02,000031,45.93,7446606
2022-11-03,000031,44.59,6193864
2022-11-04,000031,45.73,3504588
2022-11-07,000031,45.6,2148902
2022-11-08,000031,45.04,2596537
2022-11-09,000031,45.0,2655755
2022-11-10,000031,45.87,9518644
2022-11-11,000031,46.96,4180037
2022-11-14,000031,46.04,5080545
2022-11-15,000031,46.33,6717548
2022-11-16,000031,46.71,7685346
2022-11-17,000031,46.23,4983752
2022-11-18,000031,45.71,7789291
2022-11-21,000031,45.84,8165191
2022-11-22,000031,46.72,7497446
2022-11-23,000031,47.58,7914299
2022-11-24,000031,48.31,2525996
2022-11-25,000031,48.05,7516219
2022-11-28,000031,46.68,4875772
2022-11-29,000031,46.66,5781700
2022-11-30,000031,46.92,5850967
2022-12-01,000031,45.89,7009786
2022-12-02,000031,47.0,8568525
2022-12-05,000031,48.1,1954686
2022-12-06,000031,47.98,9633662
2022-12-07,000031,49.03,4716812
2022-12-08,000031,49.29,2194269
2022-12-09,000031,50.03,4089909
2022-12-12,000031,48.76,4087358
2022-12-13,000031,49.42,6312252
2022-12-14,000031,48.41,3969828
2022-12-15,000031,47.56,2071264
2022-12-16,000031,48.67,9382070
2022-12-19,000031,49.87,9618666
2022-12-20,000031,48.46,7313392
2022-12-21,000031,48.5,8873111
2022-12-22,000031,48.56,9103897
2022-12-23,000031,47.92,7367989
2022-12-26,000031,47.85,4710711
2022-12-27,000031,47.05,1292152
2022-12-28,000031,47.54,7371236
2022-12-29,000031,48.25,2332331
2022-12-30,000031,47.69,9387957
2023-01-02,000031,48.8,9782396
2023-01-03,000031,47.64,2536401
2023-01-04,000031,48.2,7461126
2023-01-05,000031,47.67,8939736
2023-01-06,000031,48.34,9036075
2023-01-09,000031,48.08,3016347
2023-01-10,000031,48.34,6813244
2023-01-11,000031,47.68,9863262
2023-01-12,000031,46.86,9816230
2023-01-13,000031,47.66,8176884
2023-01-16,000031,47.33,8609049
2023-01-17,000031,48.57,2800152
2023-01-18,000031,47.19,1345204
2023-01-19,000031,46.6,7344306
2023-01-20,000031,47.5,9201499
2023-01-23,000031,47.57,5309308
2023-01-24,000031,47.58,2608818
2023-01-25,000031,47.64,7956564
2023-01-26,000031,46.83,3568449
2023-01-27,000031,46.7,8980127
2023-01-30,000031,47.69,8955902
2023-01-31,000031,47.23,3230736
2023-02-01,000031,48.05,4781654
2023-02-02,000031,47.84,1598599
2023-02-03,000031,48.4,5535513
2023-02-06,000031,47.14,3312365
2023-02-07,000031,47.27,4766709
2023-02-08,000031,48.58,8104770
2023-02-09,000031,49.99,5945025
2023-02-10,000031,49.88,8059971
2023-02-13,000031,50.28,9325635
2023-02-14,000031,49.0,6793889
2023-02-15,000031,50.11,3208643
2023-02-16,000031,50.42,8521324
2023-02-17,000031,48.97,4908896
2023-02-20,000031,47.66,6989833
2023-02-21,000031,46.5,5154786
2023-02-22,000031,47.28,6648929
2023-02-23,000031,48.08,8486963
2023-02-24,000031,47.71,5250299
2023-02-27,000031,47.61,1634759
2023-02-28,000031,48.73,2024037
2023-03-01,000031,48.07,8485749
2023-03-02,000031,47.75,6689477
2023-03-03,000031,46.88,8219211
2023-03-06,000031,47.32,4573382
2023-03-07,000031,46.09,7334935
2023-03-08,000031,47.15,6016092
2023-03-09,000031,46.36,8776339
2023-03-10,000031,46.66,7086990
2023-03-13,000031,46.47,7462255
2023-03-14,000031,47.68,2599563
2023-03-15,000031,48.52,3157738
2023-03-16,000031,48.27,1426030
2023-03-17,000031,47.74,6489536
2023-03-20,000031,48.45,1336355
2023-03-21,000031,47.51,3970442
2023-03-22,000031,46.94,1253885
2023-03-23,000031,45.96,6858435
2023-03-24,000031,45.42,9713295
2023-03-27,000031,44.25,4605876
2023-03-28,000031,45.08,7669112
2023-03-29,000031,44.07,7386324
2023-03-30,000031,42.95,8639720
2023-03-31,000031,43.07,3067323
2023-04-03,000031,44.11,7004530
2023-04-04,000031,43.04,6069243
2023-04-05,000031,42.82,7016177
2023-04-06,000031,41.76,1769650
2023-04-07,000031,43.0,2640654
2023-04-10,000031,43.05,8760445
2023-04-11,000031,43.11,3045228
2023-04-12,000031,44.35,1233016
2023-04-13,000031,43.44,9406741
2023-04-14,000031,43.5,5303171
2023-04-17,000031,42.37,8048452
2023-04-18,000031,41.43,9116011
2023-04-19,000031,42.39,3960284
2023-04-20,000031,42.63,7301952
2023-04-21,000031,42.34,4648508
2023-04-24,000031,41.22,6885406
2023-04-25,000031,41.18,1944444
2023-04-26,000031,40.36,1166630
2023-04-27,000031,40.82,9538963
2023-04-28,000031,40.29,5141657
2023-05-01,000031,40.71,9798352
2023-05-02,000031,40.14,6700189
2023-05-03,000031,40.14,6620388
2023-05-04,000031,41.18,1904731
2023-05-05,000031,40.99,6884180
2023-05-08,000031,41.77,6203983
2023-05-09,000031,42.36,1406544
2023-05-10,000031,42.2,6848475
2023-05-11,000031,43.37,3397387
2023-05-12,000031,44.48,9633356
2023-05-15,000031,43.37,5885709
2023-05-16,000031,42.46,6416137
2023-05-17,000031,43.17,6117170
2023-05-18,000031,43.46,2408415
2023-05-19,000031,42.28,4389818
2023-05-22,000031,42.48,7573856
2023-05-23,000031,43.08,6452580
2023-05-24,000031,44.05,7098529
2023-05-25,000031,43.41,7597037
2023-05-26,000031,42.49,5182168
2023-05-29,000031,42.02,2924005
2023-05-30,000031,42.9,9373437
2023-05-31,000031,43.84,6325424
2023-06-01,000031,44.5,2666017
2023-06-02,000031,45.64,1491867
2023-06-05,000031,46.37,1134485
2023-06-06,000031,45.33,1342661
2023-06-07,000031,44.77,6771333
2023-06-08,000031,44.63,4364784
2023-06-09,000031,44.49,1698860
2023-06-12,000031,43.27,2665137
2023-06-13,000031,44.33,1987682
2023-06-14,000031,45.0,5100997
2023-06-15,000031,45.09,1356087
2023-06-16,000031,45.54,7654488
2023-06-19,000031,45.7,4686925
2023-06-20,000031,44.4,8837115
2023-06-21,000031,43.09,8415970
2023-06-22,000031,41.82,1659718
2023-06-23,000031,41.58,9208864
2023-06-26,000031,42.07,6115430
2023-06-27,000031,42.1,5394361
2023-06-28,000031,41.78,7775487
2023-06-29,000031,42.96,5740379
2023-06-30,000031,43.52,7523815
2023-07-03,000031,42.57,2232190
2023-07-04,000031,43.03,2430764
2023-07-05,000031,43.24,3824899
2023-07-06,000031,42.3,4842632
2023-07-07,000031,42.06,4175068
2023-07-10,000031,42.34,6029038
2023-07-11,000031,41.26,5235820
2023-07-12,000031,42.11,9886463
2023-07-13,000031,40.88,4344528
2023-07-14,000031,40.06,9422355
2023-07-17,000031,39.32,4110372
2023-07-18,000031,39.07,4194771
2023-07-19,000031,38.74,4459188
2023-07-20,000031,38.76,2730172
2023-07-21,000031,37.94,5397100
2023-07-24,000031,37.47,1381493
2023-07-25,000031,38.28,1617944
2023-07-26,000031,37.14,8531031
2023-07-27,000031,37.88,1691860
2023-07-28,000031,38.31,6496921
2023-07-31,000031,38.88,4294993
2023-08-01,000031,39.73,5323524
2023-08-02,000031,38.97,3818312
2023-08-03,000031,39.82,7753784
2023-08-04,000031,38.65,5033435
2023-08-07,000031,38.44,9757304
2023-08-08,000031,38.63,9115916
2023-08-09,000031,38.91,2343257
2023-08-10,000031,39.78,4562290
2023-08-11,000031,40.46,8502413
2023-08-14,000031,40.06,1149997
2023-08-15,000031,40.53,1873346
2023-08-16,000031,41.56,9917415
2023-08-17,000031,41.66,3939504
2023-08-18,000031,42.88,8655698
2023-08-21,000031,43.52,7727559
2023-08-22,000031,42.27,2746638
2023-08-23,000031,41.53,2711214
2023-08-24,000031,41.28,9146665
2023-08-25,000031,40.29,4982719
2023-08-28,000031,39.91,6315618
2023-08-29,000031,39.79,8698057
2023-08-30,000031,40.15,6384770
2023-08-31,000031,40.15,9492623
2023-09-01,000031,39.67,7459602
2023-09-04,000031,40.59,1527490
2023-09-05,000031,40.07,5773711
2023-09-06,000031,39.9,6747474
2023-09-07,000031,39.13,4445212
2023-09-08,000031,38.21,8687578
2023-09-11,000031,38.88,3251498
2023-09-12,000031,39.97,9571638
2023-09-13,000031,40.0,9949989
2023-09-14,000031,39.92,1361739
2023-09-15,000031,39.04,1344313
2023-09-18,000031,39.52,3618898
2023-09-19,000031,40.37,2017965
2023-09-20,000031,39.76,9015982
2023-09-21,000031,39.8,2879407
2023-09-22,000031,39.33,9842666
2023-09-25,000031,39.84,2673289
2023-09-26,000031,40.06,9444007
2023-09-27,000031,41.03,7285902
2023-09-28,000031,40.91,1375208
2023-09-29,000031,41.49,8907210
2023-10-02,000031,41.87,9189373
2023-10-03,000031,42.66,5758548
2023-10-04,000031,42.03,4496273
2023-10-05,000031,41.97,3519335
2023-10-06,000031,40.73,5278638
2023-10-09,000031,39.58,5841713
2023-10-10,000031,40.66,4745803
2023-10-11,000031,40.95,5737275
2023-10-12,000031,40.71,5892137
2023-10-13,000031,41.27,7668137
2023-10-16,000031,41.61,6077261
2023-10-17,000031,42.32,6951047
2023-10-18,000031,41.73,5953926
2023-10-19,000031,42.14,9826089
2023-10-20,000031,41.3,5404021
2023-10-23,000031,40.55,2697647
2023-10-24,000031,41.36,6198654
2023-10-25,000031,42.33,8497830
2023-10-26,000031,42.87,5654416
2023-10-27,000031,42.21,2463499
2023-10-30,000031,42.13,1428670
2023-10-31,000031,41.94,9522698
2023-11-01,000031,42.27,9965151
2023-11-02,000031,42.39,2763509
2023-11-03,000031,43.19,6719422
2023-11-06,000031,42.32,7608132
2023-11-07,000031,41.37,9703470
2023-11-08,000031,42.49,9811581
2023-11-09,000031,42.24,4331024
2023-11-10,000031,41.84,7639945
2023-11-13,000031,40.92,8661032
2023-11-14,000031,41.73,9453953
2023-11-15,000031,42.91,6212497
2023-11-16,000031,42.13,3805841
2023-11-17,000031,42.69,8065825
2023-11-20,000031,41.85,4041823
2023-11-21,000031,42.37,2563566
2023-11-22,000031,42.65,8788452
2023-11-23,000031,43.67,6564532
2023-11-24,000031,44.28,4394497
2023-11-27,000031,45.33,4835560
2023-11-28,000031,45.12,6025111
2023-11-29,000031,45.25,1694761
2023-11-30,000031,45.93,9598787
2023-12-01,000031,45.88,8705663
2022-01-03,000032,50.78,6328539
2022-01-04,000032,50.32,8538894
2022-01-05,000032,49.47,5720394
2022-01-06,000032,50.03,8537503
2022-01-07,000032,50.45,4641469
2022-01-10,000032,50.31,3935273
2022-01-11,000032,50.26,6959594
2022-01-12,000032,51.51,7793430
2022-01-13,000032,52.8,5431007
2022-01-14,000032,53.53,5723785
2022-01-17,000032,53.13,9302117
2022-01-18,000032,51.61,4096933
2022-01-19,000032,53.08,5525123
2022-01-20,000032,54.45,8629862
2022-01-21,000032,55.26,3704899
2022-01-24,000032,55.75,1824781
2022-01-25,000032,57.19,5085875
2022-01-26,000032,56.6,5293950
2022-01-27,000032,58.11,8993809
2022-01-28,000032,59.61,6386527
2022-01-31,000032,59.03,3432702
2022-02-01,000032,58.22,5638652
2022-02-02,000032,56.47,6985891
2022-02-03,000032,55.84,6317510
2022-02-04,000032,55.41,7187564
2022-02-07,000032,55.75,9512890
2022-02-08,000032,54.46,3423126
2022-02-09,000032,55.56,5809015
2022-02-10,000032,53.95,8012192
2022-02-11,000032,55.1,6704755
2022-02-14,000032,56.37,6753188
2022-02-15,000032,55.55,4547091
2022-02-16,000032,56.9,7986450
2022-02-17,000032,56.75,6055459
2022-02-18,000032,57.74,8190605
2022-02-21,000032,57.33,4415446
2022-02-22,000032,55.69,6429646
2022-02-23,000032,56.78,9341168
2022-02-24,000032,58.12,2309133
2022-02-25,000032,56.46,2578519
2022-02-28,000032,56.17,9302829
2022-03-01,000032,56.55,3525384
2022-03-02,000032,56.71,3257828
2022-03-03,000032,56.72,4157397
2022-03-04,000032,55.81,8596897
2022-03-07,000032,54.77,5387226
2022-03-08,000032,54.1,6447794
2022-03-09,000032,52.85,6995164
2022-03-10,000032,52.39,2242191
2022-03-11,000032,52.29,9883310
2022-03-14,000032,50.88,7123892
2022-03-15,000032,50.42,8001368
2022-03-16,000032,50.67,2542196
2022-03-17,000032,49.66,5448749
2022-03-18,000032,49.77,1066497
2022-03-21,000032,49.0,3128462
2022-03-22,000032,49.09,6762513
2022-03-23,000032,48.63,8604180
2022-03-24,000032,49.04,2343946
2022-03-25,000032,50.15,4844569
2022-03-28,000032,49.18,3170056
2022-03-29,000032,48.37,9852631
2022-03-30,000032,49.61,9780249
2022-03-31,000032,49.05,7292219
2022-04-01,000032,49.87,6547382
2022-04-04,000032,49.73,6215245
2022-04-05,000032,50.48,6080742
2022-04-06,000032,50.02,7782640
2022-04-07,000032,51.02,9324656
2022-04-08,000032,49.88,5449654
2022-04-11,000032,48.82,2695990
2022-04-12,000032,49.21,9637784
2022-04-13,000032,49.41,6397371
2022-04-14,000032,49.72,4447840
2022-04-15,000032,50.42,8362674
2022-04-18,000032,49.59,8655796
2022-04-19,000032,50.09,2367992
2022-04-20,000032,50.42,9664969
2022-04-21,000032,51.84,2943351
2022-04-22,000032,51.2,9980471
2022-04-25,000032,51.52,4847859
2022-04-26,000032,52.18,1500550
2022-04-27,000032,53.68,1233685
2022-04-28,000032,53.13,1997596
2022-04-29,000032,53.28,9426310
2022-05-02,000032,53.92,1470231
2022-05-03,000032,54.2,7497404
2022-05-04,000032,54.9,8329539
2022-05-05,000032,56.53,3923508
2022-05-06,000032,55.13,7399217
2022-05-09,000032,55.06,3666659
2022-05-10,000032,53.52,1722735
2022-05-11,000032,52.16,9449842
2022-05-12,000032,53.53,3356728
2022-05-13,000032,53.61,1138893
2022-05-16,000032,55.07,2957298
2022-05-17,000032,55.1,7702050
2022-05-18,000032,53.74,2340534
2022-05-19,000032,54.56,6969448
2022-05-20,000032,54.48,8264354
2022-05-23,000032,53.62,6769789
2022-05-24,000032,52.69,7956911
2022-05-25,000032,51.84,5375620
2022-05-26,000032,53.02,6721040
2022-05-27,000032,54.32,2071967
2022-05-30,000032,53.41,1329845
2022-05-31,000032,52.02,6145400
2022-06-01,000032,53.12,3908225
2022-06-02,000032,53.22,6769929
2022-06-03,000032,52.3,7348462
2022-06-06,000032,51.02,7506787
2022-06-07,000032,52.14,6659361
2022-06-08,000032,50.99,1164762
2022-06-09,000032,51.73,5578674
2022-06-10,000032,51.32,3211476
2022-06-13,000032,49.95,5657624
2022-06-14,000032,50.49,6049178
2022-06-15,000032,49.79,7281381
2022-06-16,000032,49.83,5740106
2022-06-17,000032,48.53,8707620
2022-06-20,000032,47.92,9563380
2022-06-21,000032,46.53,5854518
2022-06-22,000032,46.68,4557835
2022-06-23,000032,46.81,6407782
2022-06-24,000032,47.51,6446722
2022-06-27,000032,47.65,2592590
2022-06-28,000032,46.87,6580501
2022-06-29,000032,47.79,7684487
2022-06-30,000032,46.63,4712683
2022-07-01,000032,46.34,7939585
2022-07-04,000032,46.93,4816128
2022-07-05,000032,45.55,3532882
2022-07-06,000032,44.72,3720648
2022-07-07,000032,44.51,7342990
2022-07-08,000032,44.49,5351506
2022-07-11,000032,44.98,6914521
2022-07-12,000032,45.68,9402676
2022-07-13,000032,46.09,1305454
2022-07-14,000032,46.14,8722590
2022-07-15,000032,45.52,7099592
2022-07-18,000032,46.19,1843637
2022-07-19,000032,44.85,4511004
2022-07-20,000032,46.19,7032450
2022-07-21,000032,47.54,7030528
2022-07-22,000032,47.95,8758555
2022-07-25,000032,48.07,4334909
2022-07-26,000032,49.1,8635691
2022-07-27,000032,49.26,2484532
2022-07-28,000032,49.57,3690945
2022-07-29,000032,49.23,1514179
2022-08-01,000032,49.59,4679663
2022-08-02,000032,49.11,9767075
2022-08-03,000032,49.67,3768631
2022-08-04,000032,50.88,5955241
2022-08-05,000032,50.95,8985300
2022-08-08,000032,51.03,3741335
2022-08-09,000032,52.03,3530881
2022-08-10,000032,51.18,7005375
2022-08-11,000032,51.19,2297321
2022-08-12,000032,51.79,7295503
2022-08-15,000032,51.94,2926233
2022-08-16,000032,51.78,5367935
2022-08-17,000032,52.86,6856636
2022-08-18,000032,53.92,7490967
2022-08-19,000032,52.35,5606429
2022-08-22,000032,51.36,2816101
2022-08-23,000032,50.38,9825766
2022-08-24,000032,49.25,4224016
2022-08-25,000032,49.55,6682411
2022-08-26,000032,50.9,1503429
2022-08-29,000032,51.12,5330043
2022-08-30,000032,51.45,1225835
2022-08-31,000032,51.59,8745563
2022-09-01,000032,52.19,3403437
2022-09-02,000032,51.77,5830694
2022-09-05,000032,52.8,6846450
2022-09-06,000032,54.03,3781848
2022-09-07,000032,53.84,4349614
2022-09-08,000032,53.48,1113753
2022-09-09,000032,54.97,8576723
2022-09-12,000032,55.11,9739679
2022-09-13,000032,56.66,9149877
2022-09-14,000032,56.73,8954861
2022-09-15,000032,55.21,9974473
2022-09-16,000032,56.42,7525024
2022-09-19,000032,55.27,8447669
2022-09-20,000032,54.31,8591564
2022-09-21,000032,54.66,5935277
2022-09-22,000032,55.64,9912131
2022-09-23,000032,54.59,6851813
2022-09-26,000032,53.2,5981049
2022-09-27,000032,54.56,6543224
2022-09-28,000032,55.29,7483715
2022-09-29,000032,56.84,4761097
2022-09-30,000032,55.73,9912237
2022-10-03,000032,56.14,1044309
2022-10-04,000032,57.7,3777137
2022-10-05,000032,57.97,1727298
2022-10-06,000032,57.53,4730411
2022-10-07,000032,59.02,5961291
2022-10-10,000032,57.34,2987060
2022-10-11,000032,57.14,6249196
2022-10-12,000032,57.27,6357036
2022-10-13,000032,57.59,3727995
2022-10-14,000032,59.07,8417663
2022-10-17,000032,60.02,3419982
2022-10-18,000032,61.09,4064234
2022-10-19,000032,59.77,3608148
2022-10-20,000032,61.35,1794626
2022-10-21,000032,59.71,8008351
2022-10-24,000032,60.3,3729640
2022-10-25,000032,60.48,1803316
2022-10-26,000032,61.46,6272015
2022-10-27,000032,61.82,6271358
2022-10-28,000032,60.59,7276451
2022-10-31,000032,60.61,2630105
2022-11-01,000032,58.82,1020427
2022-11-02,000032,60.53,8608903
2022-11-03,000032,60.97,5474589
2022-11-04,000032,59.79,4846582
2022-11-07,000032,59.02,7709807
2022-11-08,000032,57.99,7525922
2022-11-09,000032,58.72,4354434
2022-11-10,000032,59.05,6766084
2022-11-11,000032,59.92,1373238
2022-11-14,000032,61.37,3517687
2022-11-15,000032,61.27,5219606
2022-11-16,000032,60.26,4122208
2022-11-17,000032,58.67,5855512
2022-11-18,000032,58.59,7270071
2022-11-21,000032,58.4,4123120
2022-11-22,000032,60.13,6106218
2022-11-23,000032,61.5,1367078
2022-11-24,000032,61.77,9388295
2022-11-25,000032,63.18,7036260
2022-11-28,000032,61.86,6846373
2022-11-29,000032,61.58,9477401
2022-11-30,000032,60.5,3383450
2022-12-01,000032,60.68,4556307
2022-12-02,000032,59.79,7958388
2022-12-05,000032,60.33,8953446
2022-12-06,000032,61.08,6208345
2022-12-07,000032,60.03,7559355
2022-12-08,000032,60.21,2683850
2022-12-09,000032,59.56,2530843
2022-12-12,000032,60.93,4903636
2022-12-13,000032,61.45,6471660
2022-12-14,000032,62.52,9214893
2022-12-15,000032,63.27,1742247
2022-12-16,000032,62.21,5459400
2022-12-19,000032,60.91,4240377
2022-12-20,000032,59.83,8840594
2022-12-21,000032,61.42,6706007
2022-12-22,000032,60.2,1728294
2022-12-23,000032,59.56,8805370
2022-12-26,000032,58.1,5044508
2022-12-27,000032,58.02,1104882
2022-12-28,000032,58.28,3753325
2022-12-29,000032,56.57,2621672
2022-12-30,000032,56.29,3280521
2023-01-02,000032,56.02,7837584
2023-01-03,000032,56.14,3815426
2023-01-04,000032,57.14,3657067
2023-01-05,000032,57.12,5499595
2023-01-06,000032,57.31,6620570
2023-01-09,000032,58.2,1184623
2023-01-10,000032,57.8,9892564
2023-01-11,000032,56.93,8639092
2023-01-12,000032,57.16,9853353
2023-01-13,000032,56.91,5766288
2023-01-16,000032,57.11,2885776
2023-01-17,000032,55.66,1481301
2023-01-18,000032,55.4,8399012
2023-01-19,000032,54.37,2330083
2023-01-20,000032,55.31,3535709
2023-01-23,000032,54.91,1120306
2023-01-24,000032,55.27,6525985
2023-01-25,000032,56.19,7791143
2023-01-26,000032,54.89,9488662
2023-01-27,000032,55.38,4762944
2023-01-30,000032,55.65,4326918
2023-01-31,000032,55.28,3814679
2023-02-01,000032,54.87,5528199
2023-02-02,000032,53.78,5376602
2023-02-03,000032,52.41,7589615
2023-02-06,000032,50.94,6944094
2023-02-07,000032,51.22,2013899
2023-02-08,000032,50.41,7025234
2023-02-09,000032,50.67,7422932
2023-02-10,000032,50.83,7342974
2023-02-13,000032,50.09,6817542
2023-02-14,000032,51.11,6666204
2023-02-15,000032,52.28,1447306
2023-02-16,000032,53.46,7116944
2023-02-17,000032,53.57,6692848
2023-02-20,000032,54.83,9534674
2023-02-21,000032,55.87,6865682
2023-02-22,000032,54.32,8095248
2023-02-23,000032,55.62,2619295
2023-02-24,000032,55.43,6834228
2023-02-27,000032,55.22,8362454
2023-02-28,000032,56.64,6381432
2023-03-01,000032,57.12,1253088
2023-03-02,000032,55.55,3202604
2023-03-03,000032,54.85,4821791
2023-03-06,000032,55.85,7881070
2023-03-07,000032,55.9,9739451
2023-03-08,000032,57.52,7010000
2023-03-09,000032,57.66,2272216
2023-03-10,000032,58.29,3060056
2023-03-13,000032,59.67,7507674
2023-03-14,000032,58.66,3558102
2023-03-15,000032,58.35,1683138
2023-03-16,000032,56.73,3838059
2023-03-17,000032,55.1,6675066
2023-03-20,000032,56.14,2355560
2023-03-21,000032,57.22,1629569
2023-03-22,000032,55.99,1357317
2023-03-23,000032,57.2,3905021
2023-03-24,000032,55.63,2895447
2023-03-27,000032,57.11,9546769
2023-03-28,000032,58.43,4279046
2023-03-29,000032,57.25,3649137
2023-03-30,000032,57.31,4507996
2023-03-31,000032,55.82,6817478
2023-04-03,000032,54.49,2279451
2023-04-04,000032,54.57,6486752
2023-04-05,000032,54.81,4341240
2023-04-06,000032,54.2,9678562
2023-04-07,000032,55.4,2649688
2023-04-10,000032,54.54,8398690
2023-04-11,000032,55.21,3125402
2023-04-12,000032,55.17,5317677
2023-04-13,000032,55.13,2215608
2023-04-14,000032,54.86,5694067
2023-04-17,000032,55.93,5079891
2023-04-18,000032,55.84,2692439
2023-04-19,000032,56.1,6364863
2023-04-20,000032,57.37,8201714
2023-04-21,000032,57.0,2822066
2023-04-24,000032,55.63,9412244
2023-04-25,000032,57.16,1115918
2023-04-26,000032,56.86,2143605
2023-04-27,000032,56.58,7620479
2023-04-28,000032,56.17,9409822
2023-05-01,000032,55.05,4464171
2023-05-02,000032,54.15,2033887
2023-05-03,000032,54.72,3586289
2023-05-04,000032,54.5,7643817
2023-05-05,000032,54.51,6332939
2023-05-08,000032,54.53,4043652
2023-05-09,000032,55.29,5482196
2023-05-10,000032,54.06,9000510
2023-05-11,000032,54.93,4821820
2023-05-12,000032,55.66,7737384
2023-05-15,000032,57.14,3057526
2023-05-16,000032,58.44,7659072
2023-05-17,000032,56.82,2915674
2023-05-18,000032,55.61,2845505
2023-05-19,000032,53.95,1637307
2023-05-22,000032,54.47,7493262
2023-05-23,000032,53.51,7432672
2023-05-24,000032,54.65,4492475
2023-05-25,000032,54.84,7828574
2023-05-26,000032,56.03,1697804
2023-05-29,000032,54.58,5609505
2023-05-30,000032,54.31,5688372
2023-05-31,000032,54.54,5637529
2023-06-01,000032,53.66,2921203
2023-06-02,000032,52.63,9205204
2023-06-05,000032,51.16,8664728
2023-06-06,000032,51.18,1746535
2023-06-07,000032,51.46,9549280
2023-06-08,000032,51.76,9374771
2023-06-09,000032,51.69,8535959
2023-06-12,000032,50.76,5809982
2023-06-13,000032,51.07,1203762
2023-06-14,000032,52.51,4338026
2023-06-15,000032,51.45,9921310
2023-06-16,000032,51.68,7201517
2023-06-19,000032,51.5,7981776
2023-06-20,000032,50.51,7004295
2023-06-21,000032,51.27,6125213
2023-06-22,000032,50.01,2857344
2023-06-23,000032,49.07,8934226
2023-06-26,000032,48.3,1611420
2023-06-27,000032,46.94,4450038
2023-06-28,000032,47.67,3537133
2023-06-29,000032,48.43,6087552
2023-06-30,000032,48.13,3210830
2023-07-03,000032,47.09,8493013
2023-07-04,000032,46.44,1927003
2023-07-05,000032,45.18,8688785
2023-07-06,000032,46.25,1885664
2023-07-07,000032,45.85,2142350
2023-07-10,000032,45.62,9169131
2023-07-11,000032,45.15,7263623
2023-07-12,000032,45.36,2513008
2023-07-13,000032,45.21,3949319
2023-07-14,000032,45.84,8497725
2023-07-17,000032,45.58,9345675
2023-07-18,000032,46.2,6892898
2023-07-19,000032,47.07,3280038
2023-07-20,000032,46.52,4149701
2023-07-21,000032,47.05,7834866
2023-07-24,000032,47.88,6135083
2023-07-25,000032,47.36,7772651
2023-07-26,000032,47.3,5492957
2023-07-27,000032,48.54,9414163
2023-07-28,000032,47.54,1181698
2023-07-31,000032,46.16,6376837
2023-08-01,000032,47.0,5865541
2023-08-02,000032,47.65,3011556
2023-08-03,000032,46.63,2879846
2023-08-04,000032,47.79,2906059
2023-08-07,000032,49.13,8448061
2023-08-08,000032,49.08,7544928
2023-08-09,000032,49.89,6497194
2023-08-10,000032,49.69,4449755
2023-08-11,000032,49.92,2373918
2023-08-14,000032,50.14,1190838
2023-08-15,000032,50.07,8976096
2023-08-16,000032,50.0,9475362
2023-08-17,000032,50.26,8947787
2023-08-18,000032,51.5,7118166
2023-08-21,000032,50.97,9339243
2023-08-22,000032,52.31,6540212
2023-08-23,000032,52.3,8004739
2023-08-24,000032,51.88,6158727
2023-08-25,000032,53.0,1788324
2023-08-28,000032,52.49,1804127
2023-08-29,000032,51.56,4957792
2023-08-30,000032,51.14,3779433
2023-08-31,000032,50.6,3080381
2023-09-01,000032,51.22,3472645
2023-09-04,000032,51.47,7074670
2023-09-05,000032,51.33,5856584
2023-09-06,000032,52.74,3780523
2023-09-07,000032,53.04,3989385
2023-09-08,000032,52.39,6653893
2023-09-11,000032,52.49,3606280
2023-09-12,000032,52.62,7444804
2023-09-13,000032,52.05,6630310
2023-09-14,000032,53.31,3427440
2023-09-15,000032,52.71,3203551
2023-09-18,000032,54.05,6086574
2023-09-19,000032,53.64,4082656
2023-09-20,000032,53.39,5571394
2023-09-21,000032,54.98,4672423
2023-09-22,000032,53.66,5354066
2023-09-25,000032,54.63,5341119
2023-09-26,000032,53.19,4875273
2023-09-27,000032,54.41,5928044
2023-09-28,000032,54.54,4346252
2023-09-29,000032,53.55,8230812
2023-10-02,000032,55.03,4928902
2023-10-03,000032,55.16,1515514
2023-10-04,000032,54.11,9101849
2023-10-05,000032,53.54,1802913
2023-10-06,000032,54.32,1404448
2023-10-09,000032,53.7,8580537
2023-10-10,000032,54.09,5610091
2023-10-11,000032,54.28,2254778
2023-10-12,000032,55.35,9530193
2023-10-13,000032,54.02,4877171
2023-10-16,000032,54.58,3471532
2023-10-17,000032,55.14,4075116
2023-10-18,000032,55.78,2308474
2023-10-19,000032,57.2,6652456
2023-10-20,000032,56.73,3893727
2023-10-23,000032,56.14,9074395
2023-10-24,000032,57.22,6621783
2023-10-25,000032,58.28,9123671
2023-10-26,000032,58.56,8024440
2023-10-27,000032,59.35,7011796
2023-10-30,000032,60.11,1163105
2023-10-31,000032,59.28,8594676
2023-11-01,000032,59.26,2525338
2023-11-02,000032,57.94,1688003
2023-11-03,000032,56.65,1629578
2023-11-06,000032,56.15,4042053
2023-11-07,000032,57.25,9308532
2023-11-08,000032,56.09,7381394
2023-11-09,000032,54.46,7577514
2023-11-10,000032,54.26,6387674
2023-11-13,000032,55.45,5188478
2023-11-14,000032,54.99,1569864
2023-11-15,000032,54.38,6554497
2023-11-16,000032,53.69,1769652
2023-11-17,000032,54.93,7329039
2023-11-20,000032,54.62,6384613
2023-11-21,000032,55.7,1324352
2023-11-22,000032,57.03,1804026
2023-11-23,000032,57.12,5808029
2023-11-24,000032,57.31,5373219
2023-11-27,000032,56.76,6613972
2023-11-28,000032,56.72,6371291
2023-11-29,000032,56.06,9376925
2023-11-30,000032,55.27,6013667
2023-12-01,000032,55.33,6754689
2022-01-03,000033,49.79,8272321
2022-01-04,000033,49.96,1956662
2022-01-05,000033,50.32,9682906
2022-01-06,000033,51.11,7701024
2022-01-07,000033,50.73,7075186
2022-01-10,000033,49.65,3485684
2022-01-11,000033,49.01,8475497
2022-01-12,000033,48.14,2192279
2022-01-13,000033,49.45,3285923
2022-01-14,000033,48.37,3199647
2022-01-17,000033,47.96,6589404
2022-01-18,000033,48.87,3570913
2022-01-19,000033,49.84,6302212
2022-01-20,000033,51.1,9488280
2022-01-21,000033,51.98,3875523
2022-01-24,000033,51.3,8138475
2022-01-25,000033,49.94,1190951
2022-01-26,000033,50.08,3560512
2022-01-27,000033,51.4,1730719
2022-01-28,000033,52.03,3668940
2022-01-31,000033,50.7,3252220
2022-02-01,000033,51.33,5936234
2022-02-02,000033,51.1,6232515
2022-02-03,000033,50.9,4630916
2022-02-04,000033,51.76,7350506
2022-02-07,000033,50.31,6560568
2022-02-08,000033,51.78,5829235
2022-02-09,000033,51.05,2084747
2022-02-10,000033,51.58,7539187
2022-02-11,000033,51.4,5263583
2022-02-14,000033,49.9,1236612
2022-02-15,000033,49.61,2609748
2022-02-16,000033,48.82,7776278
2022-02-17,000033,49.59,1811622
2022-02-18,000033,49.26,6109358
2022-02-21,000033,48.72,4429887
2022-02-22,000033,47.4,1403686
2022-02-23,000033,46.68,8957090
2022-02-24,000033,47.69,9982091
2022-02-25,000033,46.4,2925365
2022-02-28,000033,45.41,8374941
2022-03-01,000033,44.08,8562226
2022-03-02,000033,43.12,6889461
2022-03-03,000033,42.35,4785794
2022-03-04,000033,43.27,4894963
2022-03-07,000033,42.9,8327500
2022-03-08,000033,43.28,3182741
2022-03-09,000033,43.71,1841815
2022-03-10,000033,44.01,3215807
2022-03-11,000033,43.41,9708573
2022-03-14,000033,42.75,5406982
2022-03-15,000033,42.88,5887616
2022-03-16,000033,43.94,8466758
2022-03-17,000033,43.31,4782823
2022-03-18,000033,42.55,9709225
2022-03-21,000033,41.36,4941874
2022-03-22,000033,42.57,1948383
2022-03-23,000033,43.65,5549092
2022-03-24,000033,44.54,7856176
2022-03-25,000033,44.12,1159317
2022-03-28,000033,42.93,3285356
2022-03-29,000033,43.21,3986423
2022-03-30,000033,44.48,6642820
2022-03-31,000033,44.74,1325171
2022-04-01,000033,43.42,4361578
2022-04-04,000033,43.25,4676188
2022-04-05,000033,42.16,2212110
2022-04-06,000033,42.24,5943360
2022-04-07,000033,41.0,4369005
2022-04-08,000033,41.28,9670481
2022-04-11,000033,40.64,2211616
2022-04-12,000033,41.6,7077797
2022-04-13,000033,40.67,6564492
2022-04-14,000033,40.73,9779209
2022-04-15,000033,41.09,3412318
2022-04-18,000033,41.0,1567253
2022-04-19,000033,41.77,4631971
2022-04-20,000033,42.24,9126300
2022-04-21,000033,43.23,7766053
2022-04-22,000033,44.5,2178885
2022-04-25,000033,44.03,4071398
2022-04-26,000033,44.0,9281708
2022-04-27,000033,43.89,6772171
2022-04-28,000033,44.03,5569442
2022-04-29,000033,44.23,2885804
2022-05-02,000033,43.05,2784349
2022-05-03,000033,43.23,6860031
2022-05-04,000033,42.58,6904249
2022-05-05,000033,43.82,5773937
2022-05-06,000033,42.93,7029447
2022-05-09,000033,42.67,8902306
2022-05-10,000033,42.97,7808720
2022-05-11,000033,43.74,7007157
2022-05-12,000033,43.89,8778146
2022-05-13,000033,44.13,7649841
2022-05-16,000033,43.21,2675263
2022-05-17,000033,42.83,7665187
2022-05-18,000033,43.17,5363658
2022-05-19,000033,43.81,6058267
2022-05-20,000033,44.76,6265977
2022-05-23,000033,44.13,2179589
2022-05-24,000033,43.56,6809911
2022-05-25,000033,44.73,6567724
2022-05-26,000033,44.24,6754300
2022-05-27,000033,43.34,6755953
2022-05-30,000033,42.99,1637251
2022-05-31,000033,41.93,4082927
2022-06-01,000033,40.86,6110992
2022-06-02,000033,41.57,3732089
2022-06-03,000033,42.13,8862685
2022-06-06,000033,43.26,2126108
2022-06-07,000033,43.84,2469138
2022-06-08,000033,44.81,7159561
2022-06-09,000033,45.18,1154425
2022-06-10,000033,44.69,8289406
2022-06-13,000033,44.12,8667603
2022-06-14,000033,45.29,6888014
2022-06-15,000033,44.61,6290786
2022-06-16,000033,45.86,8307995
2022-06-17,000033,45.41,4207168
2022-06-20,000033,46.29,4791345
2022-06-21,000033,47.52,7429633
2022-06-22,000033,48.68,1292628
2022-06-23,000033,47.85,1783433
2022-06-24,000033,47.09,7542411
2022-06-27,000033,45.73,9387135
2022-06-28,000033,44.46,4219225
2022-06-29,000033,45.63,4287007
2022-06-30,000033,46.84,2015475
2022-07-01,000033,47.59,1761373
2022-07-04,000033,47.44,4008489
2022-07-05,000033,48.79,9095136
2022-07-06,000033,48.9,7784541
2022-07-07,000033,49.46,6899500
2022-07-08,000033,49.08,3807439
2022-07-11,000033,50.04,9748349
2022-07-12,000033,50.75,6751069
2022-07-13,000033,51.42,5229909
2022-07-14,000033,52.95,5529537
2022-07-15,000033,51.75,5539357
2022-07-18,000033,52.88,6504357
2022-07-19,000033,52.5,3843686
2022-07-20,000033,52.7,1808445
2022-07-21,000033,53.31,5929643
2022-07-22,000033,53.82,4860756
2022-07-25,000033,54.46,3748223
2022-07-26,000033,53.4,6020482
2022-07-27,000033,54.94,4434404
2022-07-28,000033,53.88,9415221
2022-07-29,000033,55.34,6951098
2022-08-01,000033,55.78,9562743
2022-08-02,000033,56.73,6422340
2022-08-03,000033,55.65,1099670
2022-08-04,000033,57.22,8273825
2022-08-05,000033,58.63,6393503
2022-08-08,000033,57.68,1836379
2022-08-09,000033,57.25,5022250
2022-08-10,000033,56.11,7825024
2022-08-11,000033,54.76,9050945
2022-08-12,000033,54.38,3370046
2022-08-15,000033,55.08,7207995
2022-08-16,000033,56.16,4592387
2022-08-17,000033,56.45,8257686
2022-08-18,000033,55.89,2600505
2022-08-19,000033,56.79,3348925
2022-08-22,000033,58.02,2511235
2022-08-23,000033,58.71,3240086
2022-08-24,000033,59.43,4693319
2022-08-25,000033,59.49,7669331
2022-08-26,000033,60.1,7547237
2022-08-29,000033,61.46,1062712
2022-08-30,000033,61.34,9433648
2022-08-31,000033,61.16,9511587
2022-09-01,000033,62.44,8103567
2022-09-02,000033,63.84,6141584
2022-09-05,000033,65.25,7642725
2022-09-06,000033,64.13,5425451
2022-09-07,000033,63.86,4558427
2022-09-08,000033,62.79,1280328
2022-09-09,000033,61.41,6157419
2022-09-12,000033,59.98,6084433
2022-09-13,000033,59.29,5005991
2022-09-14,000033,58.08,7392503
2022-09-15,000033,58.04,6687678
2022-09-16,000033,59.63,5611796
2022-09-19,000033,58.5,2272717
2022-09-20,000033,57.6,2106426
2022-09-21,000033,56.83,1786485
2022-09-22,000033,58.35,6113035
2022-09-23,000033,57.38,8472024
2022-09-26,000033,57.38,2782959
2022-09-27,000033,59.04,7011386
2022-09-28,000033,57.64,2598648
2022-09-29,000033,56.54,5944576
2022-09-30,000033,56.76,9631439
2022-10-03,000033,58.29,5805749
2022-10-04,000033,57.44,3072242
2022-10-05,000033,57.76,2223240
2022-10-06,000033,56.56,6658937
2022-10-07,000033,58.06,1025544
2022-10-10,000033,57.74,8420758
2022-10-11,000033,57.5,8038167
2022-10-12,000033,56.31,2480426
2022-10-13,000033,57.34,6562254
2022-10-14,000033,57.36,3080210
2022-10-17,000033,58.06,4604699
2022-10-18,000033,57.85,4487468
2022-10-19,000033,58.61,4855849
2022-10-20,000033,59.16,9337785
2022-10-21,000033,60.51,6495895
2022-10-24,000033,61.44,1763960
2022-10-25,000033,60.47,3849521
2022-10-26,000033,62.12,2314308
2022-10-27,000033,62.33,3881761
2022-10-28,000033,63.05,3178677
2022-10-31,000033,63.3,5287137
2022-11-01,000033,62.71,3012912
2022-11-02,000033,64.58,3734669
2022-11-03,000033,63.33,7406496
2022-11-04,000033,61.77,4906571
2022-11-07,000033,60.4,8775159
2022-11-08,000033,61.69,4039629
2022-11-09,000033,62.41,2443948
2022-11-10,000033,63.74,9700900
2022-11-11,000033,64.29,9018096
2022-11-14,000033,64.11,5574043
2022-11-15,000033,63.94,4307777
2022-11-16,000033,63.22,6126757
2022-11-17,000033,64.08,3355540
2022-11-18,000033,64.52,2339697
2022-11-21,000033,64.34,9288900
2022-11-22,000033,63.66,4193634
2022-11-23,000033,65.22,3636754
2022-11-24,000033,63.29,9296820
2022-11-25,000033,64.78,2897411
2022-11-28,000033,64.32,6087654
2022-11-29,000033,65.92,9594440
2022-11-30,000033,64.91,1807804
2022-12-01,000033,64.74,2740663
2022-12-02,000033,64.88,3001694
2022-12-05,000033,65.21,2683733
2022-12-06,000033,65.26,4405129
2022-12-07,000033,67.18,1651686
2022-12-08,000033,66.61,9330633
2022-12-09,000033,67.85,1160646
2022-12-12,000033,67.74,6752369
2022-12-13,000033,66.07,5812930
2022-12-14,000033,65.4,6494240
2022-12-15,000033,64.89,2683115
2022-12-16,000033,63.71,1820640
2022-12-19,000033,64.44,4648294
2022-12-20,000033,63.93,3182760
2022-12-21,000033,62.96,2366027
2022-12-22,000033,61.34,5241657
2022-12-23,000033,61.37,1489467
2022-12-26,000033,63.17,9805960
2022-12-27,000033,65.02,5937124
2022-12-28,000033,64.57,5198682
2022-12-29,000033,65.43,2508703
2022-12-30,000033,65.28,6694805
2023-01-02,000033,65.28,3149894
2023-01-03,000033,67.19,6866491
2023-01-04,000033,68.92,5391613
2023-01-05,000033,69.96,2671098
2023-01-06,000033,70.95,6844742
2023-01-09,000033,69.14,2915733
2023-01-10,000033,71.06,3574688
2023-01-11,000033,71.72,8305822
2023-01-12,000033,70.53,3686579
2023-01-13,000033,72.17,8009914
2023-01-16,000033,72.81,4980757
2023-01-17,000033,73.25,5540593
2023-01-18,000033,73.13,1948831
2023-01-19,000033,75.19,3487391
2023-01-20,000033,76.88,8582120
2023-01-23,000033,75.33,5073706
2023-01-24,000033,73.56,4518308
2023-01-25,000033,72.24,4459409
2023-01-26,000033,73.29,2078057
2023-01-27,000033,74.62,9354421
2023-01-30,000033,73.45,3464880
2023-01-31,000033,72.77,6187132
2023-02-01,000033,74.72,9744828
2023-02-02,000033,74.16,7326072
2023-02-03,000033,74.46,1130657
2023-02-06,000033,74.76,1423447
2023-02-07,000033,75.27,3909760
2023-02-08,000033,75.42,6350148
2023-02-09,000033,74.77,1368968
2023-02-10,000033,76.94,6957652
2023-02-13,000033,75.74,5092844
2023-02-14,000033,77.36,3875082
2023-02-15,000033,77.44,5017192
2023-02-16,000033,76.52,6731455
2023-02-17,000033,77.77,6940082
2023-02-20,000033,76.62,1072961
2023-02-21,000033,78.2,5734483
2023-02-22,000033,76.76,2612067
2023-02-23,000033,74.58,2330019
2023-02-24,000033,73.26,5579765
2023-02-27,000033,72.56,5933743
2023-02-28,000033,73.06,4037958
2023-03-01,000033,73.64,4480368
2023-03-02,000033,73.78,2544644
2023-03-03,000033,75.93,5464313
2023-03-06,000033,77.45,4024286
2023-03-07,000033,75.9,9255301
2023-03-08,000033,73.94,9151165
2023-03-09,000033,73.76,7194531
2023-03-10,000033,75.41,7364413
2023-03-13,000033,73.77,3045397
2023-03-14,000033,74.57,7068006
2023-03-15,000033,74.92,6619950
2023-03-16,000033,77.13,6361269
2023-03-17,000033,78.05,6008155
2023-03-20,000033,75.92,5742019
2023-03-21,000033,73.99,9399780
2023-03-22,000033,75.45,1017833
2023-03-23,000033,75.67,3962871
2023-03-24,000033,77.29,6364609
2023-03-27,000033,77.48,1539367
2023-03-28,000033,76.97,5146788
2023-03-29,000033,74.78,2656047
2023-03-30,000033,73.73,9462668
2023-03-31,000033,73.39,1432910
2023-04-03,000033,74.98,1119946
2023-04-04,000033,73.79,4260504
2023-04-05,000033,72.71,3852171
2023-04-06,000033,74.0,2915475
2023-04-07,000033,75.82,9119994
2023-04-10,000033,74.06,5531594
2023-04-11,000033,76.0,8522960
2023-04-12,000033,74.8,7448130
2023-04-13,000033,75.52,6958123
2023-04-14,000033,77.76,3431450
2023-04-17,000033,77.85,9737436
2023-04-18,000033,78.9,8144939
2023-04-19,000033,79.17,9327244
2023-04-20,000033,81.32,4414093
2023-04-21,000033,82.3,9743246
2023-04-24,000033,83.94,4563174
2023-04-25,000033,86.45,9768538
2023-04-26,000033,86.96,4908044
2023-04-27,000033,84.73,6925457
2023-04-28,000033,82.97,4186762
2023-05-01,000033,84.57,7183695
2023-05-02,000033,84.3,7084338
2023-05-03,000033,85.52,6130754
2023-05-04,000033,85.38,2786944
2023-05-05,000033,86.91,7961175
2023-05-08,000033,85.75,9966745
2023-05-09,000033,86.37,1656865
2023-05-10,000033,88.09,1303736
2023-05-11,000033,89.42,2698987
2023-05-12,000033,88.54,2746394
2023-05-15,000033,90.09,2424187
2023-05-16,000033,89.65,9750095
2023-05-17,000033,90.07,1311654
2023-05-18,000033,87.5,2753891
2023-05-19,000033,88.91,4960110
2023-05-22,000033,86.44,4231850
2023-05-23,000033,85.14,1330392
2023-05-24,000033,86.89,3423739
2023-05-25,000033,88.46,9167883
2023-05-26,000033,89.71,1833454
2023-05-29,000033,90.16,5071114
2023-05-30,000033,91.42,4708052
2023-05-31,000033,89.15,2121628
2023-06-01,000033,91.3,9257852
2023-06-02,000033,91.25,6695785
2023-06-05,000033,91.46,8025347
2023-06-06,000033,90.64,1762696
2023-06-07,000033,89.27,1302128
2023-06-08,000033,90.08,5776138
2023-06-09,000033,91.8,6655510
2023-06-12,000033,91.22,6961340
2023-06-13,000033,93.93,3235799
2023-06-14,000033,92.24,7344130
2023-06-15,000033,90.5,7338148
2023-06-16,000033,92.2,7594403
2023-06-19,000033,91.16,8482880
2023-06-20,000033,93.42,5489547
2023-06-21,000033,92.83,7701265
2023-06-22,000033,90.28,6669668
2023-06-23,000033,90.1,2229666
2023-06-26,000033,88.26,4191430
2023-06-27,000033,88.49,8256054
2023-06-28,000033,90.64,5371296
2023-06-29,000033,93.17,7206807
2023-06-30,000033,94.38,8157521
2023-07-03,000033,94.55,4025340
2023-07-04,000033,93.09,4864958
2023-07-05,000033,94.79,5603774
2023-07-06,000033,94.65,5075152
2023-07-07,000033,96.12,1847204
2023-07-10,000033,96.18,2338959
2023-07-11,000033,97.78,3191128
2023-07-12,000033,100.5,6922604
2023-07-13,000033,98.57,1887780
2023-07-14,000033,95.79,5604436
2023-07-17,000033,93.35,4821347
2023-07-18,000033,92.77,7115241
2023-07-19,000033,91.57,6647758
2023-07-20,000033,90.43,9869468
2023-07-21,000033,89.75,2891369
2023-07-24,000033,90.5,5438820
2023-07-25,000033,91.56,8388754
2023-07-26,000033,92.4,4674016
2023-07-27,000033,92.73,3705980
2023-07-28,000033,90.05,9899152
2023-07-31,000033,90.58,1705118
2023-08-01,000033,93.08,5797291
2023-08-02,000033,95.23,7087151
2023-08-03,000033,96.96,6694712
2023-08-04,000033,95.52,9655934
2023-08-07,000033,97.79,5823113
2023-08-08,000033,98.93,7741046
2023-08-09,000033,98.07,6317062
2023-08-10,000033,95.93,3089510
2023-08-11,000033,96.0,3008561
2023-08-14,000033,98.42,5579282
2023-08-15,000033,100.88,9487464
2023-08-16,000033,98.99,4976618
2023-08-17,000033,96.92,6878871
2023-08-18,000033,95.3,8648790
2023-08-21,000033,95.35,1047303
2023-08-22,000033,94.62,1495908
2023-08-23,000033,95.45,6595584
2023-08-24,000033,96.27,4013671
2023-08-25,000033,97.21,9354221
2023-08-28,000033,99.63,5614267
2023-08-29,000033,97.55,9846335
2023-08-30,000033,98.51,1993243
2023-08-31,000033,97.04,7327802
2023-09-01,000033,98.43,3257419
2023-09-04,000033,99.24,5100825
2023-09-05,000033,101.97,5559774
2023-09-06,000033,100.63,1275245
2023-09-07,000033,102.52,1245157
2023-09-08,000033,103.56,3844894
2023-09-11,000033,101.65,5217048
2023-09-12,000033,99.78,6371310
2023-09-13,000033,98.58,9702332
2023-09-14,000033,96.39,4343881
2023-09-15,000033,97.47,1143650
2023-09-18,000033,96.81,7936894
2023-09-19,000033,97.28,1275486
2023-09-20,000033,98.05,1284893
2023-09-21,000033,98.56,1233798
2023-09-22,000033,99.27,1212328
2023-09-25,000033,96.67,9277513
2023-09-26,000033,95.78,1399936
2023-09-27,000033,93.68,6291562
2023-09-28,000033,94.58,2854335
2023-09-29,000033,95.99,9137394
2023-10-02,000033,96.86,4131147
2023-10-03,000033,99.18,2521941
2023-10-04,000033,101.43,7302139
2023-10-05,000033,102.23,4192825
2023-10-06,000033,102.73,8748628
2023-10-09,000033,102.47,8950002
2023-10-10,000033,103.56,5586361
2023-10-11,000033,106.42,2635767
2023-10-12,000033,103.58,9384181
2023-10-13,000033,103.26,6701337
2023-10-16,000033,105.26,1772465
2023-10-17,000033,104.08,8344225
2023-10-18,000033,103.76,1142212
2023-10-19,000033,102.47,4722889
2023-10-20,000033,101.68,8193853
2023-10-23,000033,99.59,7935650
2023-10-24,000033,98.64,8731794
2023-10-25,000033,98.71,9285510
2023-10-26,000033,100.19,8612260
2023-10-27,000033,98.32,6852331
2023-10-30,000033,96.59,9217173
2023-10-31,000033,98.89,7245702
2023-11-01,000033,100.9,9043786
2023-11-02,000033,98.37,8714830
2023-11-03,000033,97.05,2240940
2023-11-06,000033,99.06,5080707
2023-11-07,000033,97.95,7672750
2023-11-08,000033,99.37,8774964
2023-11-09,000033,98.65,1496290
2023-11-10,000033,99.58,4492848
2023-11-13,000033,100.14,9700740
2023-11-14,000033,98.15,6937439
2023-11-15,000033,98.5,9267173
2023-11-16,000033,100.36,6424110
2023-11-17,000033,98.28,7597859
2023-11-20,000033,98.59,4270914
2023-11-21,000033,95.81,8925826
2023-11-22,000033,96.49,3708753
2023-11-23,000033,98.19,6658317
2023-11-24,000033,100.13,6946072
2023-11-27,000033,101.58,9537476
2023-11-28,000033,103.71,3272366
2023-11-29,000033,104.41,9939554
2023-11-30,000033,104.91,8822725
2023-12-01,000033,107.41,9912642
2022-01-03,000034,49.48,2547447
2022-01-04,000034,48.83,5493916
2022-01-05,000034,50.28,1732365
2022-01-06,000034,50.98,7306583
2022-01-07,000034,52.05,5771629
2022-01-10,000034,51.51,1122673
2022-01-11,000034,52.27,9079611
2022-01-12,000034,51.77,3891302
2022-01-13,000034,50.74,3641823
2022-01-14,000034,51.09,2116410
2022-01-17,000034,50.86,6835639
2022-01-18,000034,51.45,2469962
2022-01-19,000034,52.28,2471137
2022-01-20,000034,51.23,3141092
2022-01-21,000034,50.92,4036755
2022-01-24,000034,50.15,6200732
2022-01-25,000034,49.44,8643217
2022-01-26,000034,49.81,3740820
2022-01-27,000034,48.94,9919898
2022-01-28,000034,49.02,3929666
2022-01-31,000034,49.37,6792406
2022-02-01,000034,49.86,1229339
2022-02-02,000034,49.05,9719607
2022-02-03,000034,48.15,9571147
2022-02-04,000034,46.83,6212154
2022-02-07,000034,48.16,8141644
2022-02-08,000034,49.42,5445871
2022-02-09,000034,48.99,9532980
2022-02-10,000034,48.97,8097617
2022-02-11,000034,47.64,9535074
2022-02-14,000034,47.17,8186043
2022-02-15,000034,45.87,2386677
2022-02-16,000034,46.28,1761696
2022-02-17,000034,46.34,2305881
2022-02-18,000034,45.26,3253064
2022-02-21,000034,44.51,5929288
2022-02-22,000034,43.85,2412970
2022-02-23,000034,44.7,4858125
2022-02-24,000034,44.85,7663685
2022-02-25,000034,44.73,2780761
2022-02-28,000034,45.4,2289077
2022-03-01,000034,45.81,8573456
2022-03-02,000034,46.74,5486174
2022-03-03,000034,47.39,2771099
2022-03-04,000034,47.5,7448916
2022-03-07,000034,47.62,2068462
2022-03-08,000034,49.0,4418836
2022-03-09,000034,48.2,5128494
2022-03-10,000034,48.22,7793853
2022-03-11,000034,47.82,9316286
2022-03-14,000034,46.71,9417317
2022-03-15,000034,46.81,7013672
2022-03-16,000034,47.49,3642929
2022-03-17,000034,48.5,4917544
2022-03-18,000034,47.86,1388499
2022-03-21,000034,46.9,9575366
2022-03-22,000034,46.08,7989208
2022-03-23,000034,45.5,9785726
2022-03-24,000034,46.08,8223055
2022-03-25,000034,45.61,8766808
2022-03-28,000034,45.63,8430070
2022-03-29,000034,44.98,4243277
2022-03-30,000034,45.66,8258425
2022-03-31,000034,45.59,2767833
2022-04-01,000034,46.57,3146402
2022-04-04,000034,46.11,1827570
2022-04-05,000034,45.0,4739285
2022-04-06,000034,44.37,1884920
2022-04-07,000034,44.94,9550271
2022-04-08,000034,46.14,7867829
2022-04-11,000034,46.57,4529452
2022-04-12,000034,45.38,7192463
2022-04-13,000034,44.95,9629527
2022-04-14,000034,46.19,1813369
2022-04-15,000034,47.24,5427284
2022-04-18,000034,48.52,7612216
2022-04-19,000034,47.63,6755601
2022-04-20,000034,46.99,4859976
2022-04-21,000034,48.1,7484544
2022-04-22,000034,47.35,9753127
2022-04-25,000034,46.9,7037619
2022-04-26,000034,46.35,2075323
2022-04-27,000034,47.03,6406898
2022-04-28,000034,46.92,8342268
2022-04-29,000034,48.27,7521351
2022-05-02,000034,48.22,5956234
2022-05-03,000034,46.86,3076632
2022-05-04,000034,45.85,4453797
2022-05-05,000034,45.38,1915841
2022-05-06,000034,46.64,6391085
2022-05-09,000034,46.61,6757366
2022-05-10,000034,45.26,7594296
2022-05-11,000034,46.32,1204542
2022-05-12,000034,46.58,8392883
2022-05-13,000034,47.95,8650602
2022-05-16,000034,48.61,7519521
2022-05-17,000034,49.6,3178574
2022-05-18,000034,48.63,8769741
2022-05-19,000034,48.19,1101816
2022-05-20,000034,49.08,5103445
2022-05-23,000034,49.39,2372552
2022-05-24,000034,49.42,4108580
2022-05-25,000034,49.81,3931256
2022-05-26,000034,50.35,6096339
2022-05-27,000034,49.41,3140099
2022-05-30,000034,49.3,3731599
2022-05-31,000034,48.69,4587062
2022-06-01,000034,47.78,8098976
2022-06-02,000034,47.62,7398361
2022-06-03,000034,48.15,1980409
2022-06-06,000034,47.62,9555932
2022-06-07,000034,47.49,8665796
2022-06-08,000034,48.91,4854701
2022-06-09,000034,48.34,5567488
2022-06-10,000034,48.24,5148320
2022-06-13,000034,47.03,2044106
2022-06-14,000034,46.35,9572085
2022-06-15,000034,47.35,6038285
2022-06-16,000034,45.97,5972702
2022-06-17,000034,47.22,7672826
2022-06-20,000034,47.47,3207742
2022-06-21,000034,46.8,9438556
2022-06-22,000034,45.83,9273625
2022-06-23,000034,46.03,8262800
2022-06-24,000034,46.31,7282847
2022-06-27,000034,46.56,4277093
2022-06-28,000034,46.17,6367954
2022-06-29,000034,45.93,6359686
2022-06-30,000034,46.71,3670129
2022-07-01,000034,47.14,4990804
2022-07-04,000034,46.22,3506250
2022-07-05,000034,46.16,2242853
2022-07-06,000034,45.58,5975673
2022-07-07,000034,46.08,4249493
2022-07-08,000034,47.05,6727789
2022-07-11,000034,47.84,7398211
2022-07-12,000034,47.78,5894482
2022-07-13,000034,47.01,2921541
2022-07-14,000034,48.39,8468542
2022-07-15,000034,49.05,6886200
2022-07-18,000034,48.6,9172087
2022-07-19,000034,49.0,2649063
2022-07-20,000034,47.87,4049238
2022-07-21,000034,47.48,5275565
2022-07-22,000034,46.98,7100594
2022-07-25,000034,47.85,6842262
2022-07-26,000034,49.17,6989125
2022-07-27,000034,47.8,7465106
2022-07-28,000034,48.86,4292962
2022-07-29,000034,50.1,5397537
2022-08-01,000034,49.15,3598182
2022-08-02,000034,48.12,2181439
2022-08-03,000034,47.99,6103847
2022-08-04,000034,47.06,9324662
2022-08-05,000034,46.47,1599095
2022-08-08,000034,47.22,9725001
2022-08-09,000034,46.94,4345622
2022-08-10,000034,46.76,3397407
2022-08-11,000034,47.7,2812814
2022-08-12,000034,48.36,5211970
2022-08-15,000034,48.17,8005440
2022-08-16,000034,46.87,7918165
2022-08-17,000034,46.37,5480767
2022-08-18,000034,46.38,8128762
2022-08-19,000034,47.61,3314573
2022-08-22,000034,48.57,2208641
2022-08-23,000034,47.39,4420387
2022-08-24,000034,47.05,9822834
2022-08-25,000034,47.01,4851762
2022-08-26,000034,45.77,3563814
2022-08-29,000034,45.85,8715704
2022-08-30,000034,45.99,7764219
2022-08-31,000034,45.65,8619323
2022-09-01,000034,44.97,9834657
2022-09-02,000034,46.05,1821833
2022-09-05,000034,44.95,8644377
2022-09-06,000034,46.01,1474501
2022-09-07,000034,45.81,8798485
2022-09-08,000034,45.35,1782889
2022-09-09,000034,44.32,9359182
2022-09-12,000034,44.57,2355314
2022-09-13,000034,45.58,1025467
2022-09-14,000034,45.92,4882848
2022-09-15,000034,45.78,9596393
2022-09-16,000034,46.17,9863781
2022-09-19,000034,44.93,2224023
2022-09-20,000034,45.23,6949378
2022-09-21,000034,44.48,1388833
2022-09-22,000034,44.9,6417636
2022-09-23,000034,45.15,6822969
2022-09-26,000034,45.4,9754260
2022-09-27,000034,44.06,8375097
2022-09-28,000034,42.84,3873011
2022-09-29,000034,41.69,4641499
2022-09-30,000034,41.35,4417233
2022-10-03,000034,40.37,9621459
2022-10-04,000034,40.81,3335571
2022-10-05,000034,40.34,5130545
2022-10-06,000034,39.71,2862796
2022-10-07,000034,39.52,8942655
2022-10-10,000034,38.39,2223990
2022-10-11,000034,37.88,2044634
2022-10-12,000034,37.55,5293878
2022-10-13,000034,36.63,8796927
2022-10-14,000034,36.65,5469508
2022-10-17,000034,36.58,6839258
2022-10-18,000034,37.01,8620955
2022-10-19,000034,36.48,2585262
2022-10-20,000034,36.84,5483897
2022-10-21,000034,36.26,5333190
2022-10-24,000034,36.21,8314195
2022-10-25,000034,35.34,7429835
2022-10-26,000034,34.66,8485785
2022-10-27,000034,33.65,2144821
2022-10-28,000034,33.41,7007989
2022-10-31,000034,34.4,4345856
2022-11-01,000034,33.55,4792931
2022-11-02,000034,34.52,7796789
2022-11-03,000034,35.17,5371128
2022-11-04,000034,36.06,8560686
2022-11-07,000034,35.04,2461022
2022-11-08,000034,34.02,6525717
2022-11-09,000034,34.11,1511070
2022-11-10,000034,34.51,7426298
2022-11-11,000034,34.81,4928542
2022-11-14,000034,35.3,9154315
2022-11-15,000034,36.24,7407776
2022-11-16,000034,37.25,1395562
2022-11-17,000034,36.33,9239563
2022-11-18,000034,35.97,1081372
2022-11-21,000034,36.39,5332354
2022-11-22,000034,36.11,7412155
2022-11-23,000034,36.77,3695661
2022-11-24,000034,35.8,6644307
2022-11-25,000034,36.57,1106393
2022-11-28,000034,36.18,1230276
2022-11-29,000034,36.14,3463245
2022-11-30,000034,35.9,7991038
2022-12-01,000034,36.63,4627167
2022-12-02,000034,35.66,8494485
2022-12-05,000034,35.74,2433998
2022-12-06,000034,34.95,1066777
2022-12-07,000034,35.37,6564031
2022-12-08,000034,35.91,9559996
2022-12-09,000034,35.66,5352808
2022-12-12,000034,35.54,4674014
2022-12-13,000034,34.84,9716530
2022-12-14,000034,35.85,9341133
2022-12-15,000034,36.19,7934877
2022-12-16,000034,37.24,5549093
2022-12-19,000034,36.39,3706412
2022-12-20,000034,36.42,7367742
2022-12-21,000034,36.12,2723619
2022-12-22,000034,36.17,7157382
2022-12-23,000034,35.47,1176461
2022-12-26,000034,36.21,8257719
2022-12-27,000034,35.73,4195253
2022-12-28,000034,36.25,5397144
2022-12-29,000034,36.58,3555950
2022-12-30,000034,36.1,6663079
2023-01-02,000034,35.91,4544201
2023-01-03,000034,35.33,1297383
2023-01-04,000034,35.88,2786578
2023-01-05,000034,35.14,5016905
2023-01-06,000034,35.45,1625010
2023-01-09,000034,35.99,7539495
2023-01-10,000034,35.15,5407910
2023-01-11,000034,34.29,1162254
2023-01-12,000034,33.58,6151317
2023-01-13,000034,33.21,3341911
2023-01-16,000034,32.5,9254858
2023-01-17,000034,31.72,1511312
2023-01-18,000034,32.18,4896729
2023-01-19,000034,31.91,6720472
2023-01-20,000034,31.51,7563467
2023-01-23,000034,30.7,7953308
2023-01-24,000034,29.98,2456730
2023-01-25,000034,30.56,9165065
2023-01-26,000034,31.16,8504781
2023-01-27,000034,31.77,2652382
2023-01-30,000034,32.36,2083595
2023-01-31,000034,32.99,6492606
2023-02-01,000034,33.66,5814896
2023-02-02,000034,32.7,7438966
2023-02-03,000034,33.54,6074437
2023-02-06,000034,32.61,1576512
2023-02-07,000034,32.41,9505436
2023-02-08,000034,33.16,4813414
2023-02-09,000034,33.6,3380071
2023-02-10,000034,33.63,5533794
2023-02-13,000034,33.16,9505985
2023-02-14,000034,33.21,9417492
2023-02-15,000034,33.6,7509949
2023-02-16,000034,34.2,4481401
2023-02-17,000034,33.35,2115449
2023-02-20,000034,33.5,8418287
2023-02-21,000034,33.76,1404762
2023-02-22,000034,32.78,6650655
2023-02-23,000034,33.35,2825440
2023-02-24,000034,32.68,4700607
2023-02-27,000034,33.6,7215218
2023-02-28,000034,33.97,8578920
2023-03-01,000034,34.46,9060089
2023-03-02,000034,34.03,7932456
2023-03-03,000034,33.69,3915115
2023-03-06,000034,33.13,2373388
2023-03-07,000034,32.87,8903556
2023-03-08,000034,32.37,4751789
2023-03-09,000034,32.8,9125872
2023-03-10,000034,33.46,1220735
2023-03-13,000034,32.95,2586677
2023-03-14,000034,32.23,3370096
2023-03-15,000034,32.9,5864819
2023-03-16,000034,32.68,9182892
2023-03-17,000034,32.96,9602085
2023-03-20,000034,32.16,3338537
2023-03-21,000034,31.7,1188988
2023-03-22,000034,31.84,7555854
2023-03-23,000034,30.9,4589507
2023-03-24,000034,31.27,1235916
2023-03-27,000034,31.35,8824984
2023-03-28,000034,31.06,2955567
2023-03-29,000034,31.52,9228771
2023-03-30,000034,31.99,2201422
2023-03-31,000034,31.58,4209910
2023-04-03,000034,31.55,7417731
2023-04-04,000034,31.49,3484804
2023-04-05,000034,32.04,8016424
2023-04-06,000034,31.97,2958604
2023-04-07,000034,31.52,3327937
2023-04-10,000034,31.01,9370573
2023-04-11,000034,31.6,6243266
2023-04-12,000034,32.33,3528582
2023-04-13,000034,32.25,9676405
2023-04-14,000034,33.15,4436059
2023-04-17,000034,32.45,9034656
2023-04-18,000034,32.23,5364680
2023-04-19,000034,32.03,3359637
2023-04-20,000034,32.13,2356767
2023-04-21,000034,31.71,5214011
2023-04-24,000034,31.07,4641250
2023-04-25,000034,30.55,3229016
2023-04-26,000034,30.54,2209403
2023-04-27,000034,31.33,8334296
2023-04-28,000034,31.42,4351028
2023-05-01,000034,31.06,9293566
2023-05-02,000034,30.35,1607553
2023-05-03,000034,29.73,5321013
2023-05-04,000034,29.5,2907661
2023-05-05,000034,28.87,7192555
2023-05-08,000034,29.11,6499378
2023-05-09,000034,28.97,2448992
2023-05-10,000034,29.01,2322987
2023-05-11,000034,29.73,2315705
2023-05-12,000034,29.69,1213413
2023-05-15,000034,29.52,6394523
2023-05-16,000034,29.54,2991897
2023-05-17,000034,29.28,6827548
2023-05-18,000034,28.89,1981220
2023-05-19,000034,29.75,3047974
2023-05-22,000034,30.23,4210810
2023-05-23,000034,30.95,2462696
2023-05-24,000034,31.76,1223719
2023-05-25,000034,32.39,6058838
2023-05-26,000034,32.3,6049565
2023-05-29,000034,31.87,9003602
2023-05-30,000034,31.83,4002870
2023-05-31,000034,32.39,9856720
2023-06-01,000034,32.32,6230487
2023-06-02,000034,32.66,5228443
2023-06-05,000034,33.16,6336081
2023-06-06,000034,32.27,9778585
2023-06-07,000034,32.5,6506295
2023-06-08,000034,33.16,8010595
2023-06-09,000034,34.01,9862682
2023-06-12,000034,33.39,4831218
2023-06-13,000034,33.36,1583850
2023-06-14,000034,32.71,8890224
2023-06-15,000034,33.41,6797136
2023-06-16,000034,32.99,8999344
2023-06-19,000034,32.53,5257933
2023-06-20,000034,32.25,2295601
2023-06-21,000034,31.62,4209814
2023-06-22,000034,30.96,7936801
2023-06-23,000034,30.83,3933031
2023-06-26,000034,31.38,5306740
2023-06-27,000034,30.62,7461374
2023-06-28,000034,29.75,8983534
2023-06-29,000034,29.99,3636670
2023-06-30,000034,29.8,3652782
2023-07-03,000034,29.36,6437127
2023-07-04,000034,29.84,5430392
2023-07-05,000034,30.26,1712387
2023-07-06,000034,29.65,5642445
2023-07-07,000034,30.53,6332045
2023-07-10,000034,30.37,1343371
2023-07-11,000034,29.53,1637292
2023-07-12,000034,29.81,7208047
2023-07-13,000034,29.49,9183474
2023-07-14,000034,29.4,4965971
2023-07-17,000034,28.66,5199797
2023-07-18,000034,29.36,2912348
2023-07-19,000034,29.45,2553212
2023-07-20,000034,30.15,8020271
2023-07-21,000034,29.45,2881243
2023-07-24,000034,29.09,8749988
2023-07-25,000034,28.26,9800517
2023-07-26,000034,28.26,8944725
2023-07-27,000034,27.75,4458744
2023-07-28,000034,28.54,1795427
2023-07-31,000034,28.88,9628040
2023-08-01,000034,29.19,9053888
2023-08-02,000034,29.39,3272817
2023-08-03,000034,29.01,7018016
2023-08-04,000034,29.72,8093100
2023-08-07,000034,29.78,4937694
2023-08-08,000034,29.52,8903495
2023-08-09,000034,29.99,8962213
2023-08-10,000034,29.6,8201229
2023-08-11,000034,30.3,5108466
2023-08-14,000034,30.86,9478745
2023-08-15,000034,30.92,7381585
2023-08-16,000034,31.37,5047147
2023-08-17,000034,31.0,2356625
2023-08-18,000034,30.84,8031162
2023-08-21,000034,30.13,3149522
2023-08-22,000034,30.48,1801554
2023-08-23,000034,30.32,3637938
2023-08-24,000034,30.92,7630139
2023-08-25,000034,30.23,5831328
2023-08-28,000034,29.64,5520254
2023-08-29,000034,29.53,4160058
2023-08-30,000034,29.46,2334838
2023-08-31,000034,29.45,5722474
2023-09-01,000034,29.58,4454003
2023-09-04,000034,30.45,9548243
2023-09-05,000034,29.79,3513183
2023-09-06,000034,30.14,2645608
2023-09-07,000034,29.56,4206413
2023-09-08,000034,29.61,4505327
2023-09-11,000034,29.26,8757207
2023-09-12,000034,28.88,1242651
2023-09-13,000034,28.59,2412524
2023-09-14,000034,28.51,7797012
2023-09-15,000034,28.65,6182096
2023-09-18,000034,28.96,1029316
2023-09-19,000034,28.54,1021651
2023-09-20,000034,28.96,8388608
2023-09-21,000034,28.98,5630505
2023-09-22,000034,28.6,4911570
2023-09-25,000034,27.88,8696227
2023-09-26,000034,28.65,8842253
2023-09-27,000034,27.84,9453525
2023-09-28,000034,28.14,5285722
2023-09-29,000034,28.4,1392853
2023-10-02,000034,28.33,1745502
2023-10-03,000034,28.48,6719612
2023-10-04,000034,28.95,2221390
2023-10-05,000034,28.22,5431931
2023-10-06,000034,28.6,4149662
2023-10-09,000034,28.67,3267522
2023-10-10,000034,28.61,4710300
2023-10-11,000034,29.28,8484323
2023-10-12,000034,28.99,2837974
2023-10-13,000034,29.19,7038395
2023-10-16,000034,28.41,1979534
2023-10-17,000034,28.6,9693185
2023-10-18,000034,28.17,1994939
2023-10-19,000034,27.73,6365316
2023-10-20,000034,27.11,1298127
2023-10-23,000034,27.55,3530289
2023-10-24,000034,26.88,3100561
2023-10-25,000034,26.58,2943605
2023-10-26,000034,26.25,4712520
2023-10-27,000034,26.52,9191435
2023-10-30,000034,26.63,5853248
2023-10-31,000034,26.74,3919717
2023-11-01,000034,26.87,6911617
2023-11-02,000034,27.27,7264493
2023-11-03,000034,27.83,3984579
2023-11-06,000034,27.8,3604453
2023-11-07,000034,28.29,3853869
2023-11-08,000034,28.39,8412988
2023-11-09,000034,27.72,9886864
2023-11-10,000034,27.14,5936340
2023-11-13,000034,26.89,5030828
2023-11-14,000034,26.55,9360800
2023-11-15,000034,27.18,2597170
2023-11-16,000034,27.23,1484180
2023-11-17,000034,27.18,1753645
2023-11-20,000034,26.87,7149645
2023-11-21,000034,26.54,1668517
2023-11-22,000034,26.15,2610320
2023-11-23,000034,26.49,2388107
2023-11-24,000034,26.76,2725240
2023-11-27,000034,26.77,3524896
2023-11-28,000034,26.61,8226381
2023-11-29,000034,26.6,4831969
2023-11-30,000034,26.04,4533841
2023-12-01,000034,25.32,8552309
2022-01-03,000035,49.36,6637325
2022-01-04,000035,49.58,8317360
2022-01-05,000035,48.82,2717610
2022-01-06,000035,49.64,5767834
2022-01-07,000035,49.53,4856219
2022-01-10,000035,48.8,3373578
2022-01-11,000035,48.54,2107186
2022-01-12,000035,49.48,7144057
2022-01-13,000035,48.13,4408279
2022-01-14,000035,47.41,8176260
2022-01-17,000035,48.24,4227674
2022-01-18,000035,49.24,7545815
2022-01-19,000035,50.51,6194301
2022-01-20,000035,51.89,5729376
2022-01-21,000035,53.27,3281607
2022-01-24,000035,52.47,6591553
2022-01-25,000035,52.17,3381948
2022-01-26,000035,52.87,7310112
2022-01-27,000035,54.11,2281997
2022-01-28,000035,52.67,6393799
2022-01-31,000035,51.88,8403312
2022-02-01,000035,50.53,9583853
2022-02-02,000035,49.02,3208978
2022-02-03,000035,48.67,5351447
2022-02-04,000035,48.39,2259186
2022-02-07,000035,49.8,3867413
2022-02-08,000035,50.56,7540587
2022-02-09,000035,51.24,6454855
2022-02-10,000035,51.14,6171854
2022-02-11,000035,52.53,2571570
2022-02-14,000035,53.53,5736131
2022-02-15,000035,54.08,8942403
2022-02-16,000035,53.08,6225396
2022-02-17,000035,52.56,1878175
2022-02-18,000035,52.35,7477819
2022-02-21,000035,51.33,8743749
2022-02-22,000035,52.65,8085160
2022-02-23,000035,52.22,6798564
2022-02-24,000035,51.57,4653825
2022-02-25,000035,50.07,8866899
2022-02-28,000035,50.72,6547148
2022-03-01,000035,51.44,3885721
2022-03-02,000035,50.86,8524441
2022-03-03,000035,49.86,6051744
2022-03-04,000035,48.63,6012985
2022-03-07,000035,50.01,1004848
2022-03-08,000035,49.96,3189721
2022-03-09,000035,48.69,9619160
2022-03-10,000035,49.11,6175947
2022-03-11,000035,49.62,3659554
2022-03-14,000035,51.03,8405621
2022-03-15,000035,51.57,3073843
2022-03-16,000035,50.87,1790250
2022-03-17,000035,49.79,4315777
2022-03-18,000035,50.51,8876945
2022-03-21,000035,51.75,5243698
2022-03-22,000035,50.43,9169419
2022-03-23,000035,51.55,2788951
2022-03-24,000035,51.17,1631219
2022-03-25,000035,50.13,9350849
2022-03-28,000035,49.1,8498474
2022-03-29,000035,49.91,4105511
2022-03-30,000035,49.1,2278441
2022-03-31,000035,48.31,5900554
2022-04-01,000035,49.17,2493098
2022-04-04,000035,48.55,6138578
2022-04-05,000035,49.61,7974027
2022-04-06,000035,50.95,2674810
2022-04-07,000035,50.66,4867631
2022-04-08,000035,51.31,1491265
2022-04-11,000035,52.65,2961870
2022-04-12,000035,52.63,3291744
2022-04-13,000035,53.25,8164136
2022-04-14,000035,52.06,8624145
2022-04-15,000035,52.4,4469283
2022-04-18,000035,53.78,3477816
2022-04-19,000035,54.27,1399731
2022-04-20,000035,54.39,2914408
2022-04-21,000035,54.75,3170823
2022-04-22,000035,55.6,8630765
2022-04-25,000035,56.45,3444848
2022-04-26,000035,56.56,3779237
2022-04-27,000035,55.26,6455037
2022-04-28,000035,56.13,9308339
2022-04-29,000035,54.76,6850012
2022-05-02,000035,55.14,6838973
2022-05-03,000035,54.08,7054539
2022-05-04,000035,52.61,2594056
2022-05-05,000035,53.42,1120604
2022-05-06,000035,55.01,4266528
2022-05-09,000035,56.14,8473501
2022-05-10,000035,55.29,1990688
2022-05-11,000035,56.58,7780658
2022-05-12,000035,57.76,4453651
2022-05-13,000035,59.24,5748248
2022-05-16,000035,58.21,3848359
2022-05-17,000035,56.63,7263288
2022-05-18,000035,57.32,5928812
2022-05-19,000035,58.73,1351269
2022-05-20,000035,60.42,3705096
2022-05-23,000035,61.03,5853897
2022-05-24,000035,61.9,8574151
2022-05-25,000035,62.31,8320402
2022-05-26,000035,61.22,6378325
2022-05-27,000035,60.11,8624558
2022-05-30,000035,60.7,8784885
2022-05-31,000035,59.39,3689849
2022-06-01,000035,60.12,8761586
2022-06-02,000035,59.7,3684722
2022-06-03,000035,58.0,4385451
2022-06-06,000035,57.35,4009115
2022-06-07,000035,55.76,9566752
2022-06-08,000035,54.34,1671250
2022-06-09,000035,53.53,1108396
2022-06-10,000035,52.97,7182397
2022-06-13,000035,53.56,6379132
2022-06-14,000035,52.29,6806666
2022-06-15,000035,53.03,5388991
2022-06-16,000035,54.22,7763366
2022-06-17,000035,55.12,6143595
2022-06-20,000035,54.53,4598102
2022-06-21,000035,53.73,5449889
2022-06-22,000035,52.57,9946999
2022-06-23,000035,51.63,8066357
2022-06-24,000035,52.3,7361850
2022-06-27,000035,51.4,3773065
2022-06-28,000035,50.67,6421981
2022-06-29,000035,50.95,7181885
2022-06-30,000035,50.49,1666412
2022-07-01,000035,49.25,9597890
2022-07-04,000035,49.86,6765186
2022-07-05,000035,49.7,5513595
2022-07-06,000035,49.05,3107110
2022-07-07,000035,48.41,5064250
2022-07-08,000035,47.12,4355572
2022-07-11,000035,47.09,3504789
2022-07-12,000035,46.06,7351580
2022-07-13,000035,46.55,1684024
2022-07-14,000035,45.91,4663801
2022-07-15,000035,45.46,8309030
2022-07-18,000035,44.3,4290084
2022-07-19,000035,44.84,5296430
2022-07-20,000035,45.87,1244788
2022-07-21,000035,46.26,5216094
2022-07-22,000035,47.49,5134193
2022-07-25,000035,47.82,9623343
2022-07-26,000035,47.75,5675919
2022-07-27,000035,47.3,6970263
2022-07-28,000035,45.99,3728482
2022-07-29,000035,46.61,3568877
2022-08-01,000035,45.64,5049560
2022-08-02,000035,45.77,1713219
2022-08-03,000035,46.97,4697469
2022-08-04,000035,47.42,7188421
2022-08-05,000035,46.1,8300919
2022-08-08,000035,44.98,6775818
2022-08-09,000035,45.85,6464377
2022-08-10,000035,47.22,9581389
2022-08-11,000035,48.57,9380354
2022-08-12,000035,48.63,3321930
2022-08-15,000035,48.37,9737362
2022-08-16,000035,47.94,3545668
2022-08-17,000035,48.73,8811519
2022-08-18,000035,49.71,1387425
2022-08-19,000035,48.28,5517041
2022-08-22,000035,48.89,7049723
2022-08-23,000035,49.0,6307512
2022-08-24,000035,48.36,1183611
2022-08-25,000035,47.91,6999451
2022-08-26,000035,47.88,8986918
2022-08-29,000035,46.9,9064491
2022-08-30,000035,46.23,5007763
2022-08-31,000035,47.21,2876912
2022-09-01,000035,47.56,1051547
2022-09-02,000035,48.58,2865846
2022-09-05,000035,47.89,6295259
2022-09-06,000035,49.21,7816364
2022-09-07,000035,48.7,9039063
2022-09-08,000035,47.25,1499278
2022-09-09,000035,46.27,1675258
2022-09-12,000035,45.17,9756207
2022-09-13,000035,45.88,3640624
2022-09-14,000035,44.71,5590961
2022-09-15,000035,44.35,7817686
2022-09-16,000035,43.56,7493346
2022-09-19,000035,44.73,8609997
2022-09-20,000035,43.5,6747619
2022-09-21,000035,43.36,3821368
2022-09-22,000035,44.17,2855692
2022-09-23,000035,44.92,6361189
2022-09-26,000035,45.11,6376074
2022-09-27,000035,46.0,2055489
2022-09-28,000035,46.19,6023351
2022-09-29,000035,47.03,4362906
2022-09-30,000035,46.78,1828509
2022-10-03,000035,47.89,7988395
2022-10-04,000035,48.91,9000559
2022-10-05,000035,48.17,6975792
2022-10-06,000035,48.27,6522287
2022-10-07,000035,47.9,4350016
2022-10-10,000035,46.52,2100532
2022-10-11,000035,46.78,9569606
2022-10-12,000035,45.76,1972650
2022-10-13,000035,46.98,5823660
2022-10-14,000035,48.27,5867986
2022-10-17,000035,47.38,7176030
2022-10-18,000035,47.19,3644102
2022-10-19,000035,48.42,1503227
2022-10-20,000035,49.42,4744028
2022-10-21,000035,49.35,9875554
2022-10-24,000035,48.88,1281740
2022-10-25,000035,49.02,3681699
2022-10-26,000035,50.06,8261358
2022-10-27,000035,50.36,9741647
2022-10-28,000035,51.43,1627245
2022-10-31,000035,50.01,4699230
2022-11-01,000035,51.06,8013251
2022-11-02,000035,52.4,1761531
2022-11-03,000035,50.88,5797857
2022-11-04,000035,49.86,4026027
2022-11-07,000035,48.76,6659531
2022-11-08,000035,48.48,3305777
2022-11-09,000035,49.69,1199862
2022-11-10,000035,48.35,8656079
2022-11-11,000035,47.78,9904956
2022-11-14,000035,47.31,3615168
2022-11-15,000035,48.57,6797536
2022-11-16,000035,50.0,3464427
2022-11-17,000035,48.56,3202568
2022-11-18,000035,47.43,4850954
2022-11-21,000035,47.41,2420290
2022-11-22,000035,48.29,8352426
2022-11-23,000035,47.68,4145166
2022-11-24,000035,48.46,5601335
2022-11-25,000035,49.53,6102554
2022-11-28,000035,49.65,8735284
2022-11-29,000035,51.1,2568401
2022-11-30,000035,51.16,5375576
2022-12-01,000035,52.47,1798941
2022-12-02,000035,51.19,2212370
2022-12-05,000035,50.01,4451625
2022-12-06,000035,50.2,5140008
2022-12-07,000035,49.07,3851719
2022-12-08,000035,49.58,6445002
2022-12-09,000035,49.54,4180862
2022-12-12,000035,50.11,2170583
2022-12-13,000035,51.35,5764461
2022-12-14,000035,51.22,2768829
2022-12-15,000035,51.67,5146724
2022-12-16,000035,50.76,1941606
2022-12-19,000035,51.08,1343003
2022-12-20,000035,52.58,3313277
2022-12-21,000035,51.42,3762775
2022-12-22,000035,52.61,1706362
2022-12-23,000035,53.04,1550546
2022-12-26,000035,53.76,8779376
2022-12-27,000035,53.22,7124206
2022-12-28,000035,52.88,6473215
2022-12-29,000035,52.91,2212503
2022-12-30,000035,53.25,9624404
2023-01-02,000035,54.53,6624911
2023-01-03,000035,54.04,9583613
2023-01-04,000035,54.03,8767403
2023-01-05,000035,53.71,5295975
2023-01-06,000035,52.86,7827026
2023-01-09,000035,53.02,3721567
2023-01-10,000035,53.7,4743629
2023-01-11,000035,53.19,7065456
2023-01-12,000035,52.16,4472835
2023-01-13,000035,53.69,2956918
2023-01-16,000035,52.37,8734346
2023-01-17,000035,52.19,5247305
2023-01-18,000035,53.69,9246798
2023-01-19,000035,54.64,5412775
2023-01-20,000035,53.56,6554785
2023-01-23,000035,52.13,5697540
2023-01-24,000035,51.78,7856510
2023-01-25,000035,51.65,6456303
2023-01-26,000035,52.12,7064389
2023-01-27,000035,50.63,5381049
2023-01-30,000035,51.11,4775559
2023-01-31,000035,51.48,8495578
2023-02-01,000035,50.97,2354969
2023-02-02,000035,51.72,4424270
2023-02-03,000035,52.42,2516084
2023-02-06,000035,52.97,3218955
2023-02-07,000035,54.52,3524921
2023-02-08,000035,53.77,4198328
2023-02-09,000035,54.39,9135852
2023-02-10,000035,52.79,7994683
2023-02-13,000035,51.91,3635345
2023-02-14,000035,53.29,3034550
2023-02-15,000035,52.76,8822331
2023-02-16,000035,53.54,8170492
2023-02-17,000035,54.27,1600267
2023-02-20,000035,54.12,2393185
2023-02-21,000035,53.96,6426321
2023-02-22,000035,53.09,7178801
2023-02-23,000035,54.49,9823205
2023-02-24,000035,53.32,4342462
2023-02-27,000035,54.08,1313468
2023-02-28,000035,54.73,2824287
2023-03-01,000035,54.1,3725727
2023-03-02,000035,55.33,3884654
2023-03-03,000035,54.5,4621953
2023-03-06,000035,53.39,9564593
2023-03-07,000035,51.98,5457023
2023-03-08,000035,51.47,1384429
2023-03-09,000035,52.8,4212867
2023-03-10,000035,52.92,7155348
2023-03-13,000035,51.64,1443414
2023-03-14,000035,50.26,6567198
2023-03-15,000035,50.4,7900705
2023-03-16,000035,49.46,2502924
2023-03-17,000035,48.21,1188761
2023-03-20,000035,48.97,8611183
2023-03-21,000035,47.67,5047756
2023-03-22,000035,47.65,2514963
2023-03-23,000035,47.11,4877491
2023-03-24,000035,47.71,2828015
2023-03-27,000035,47.35,8018178
2023-03-28,000035,47.22,5295853
2023-03-29,000035,46.61,2396579
2023-03-30,000035,47.42,1227142
2023-03-31,000035,48.28,7428574
2023-04-03,000035,47.18,5488655
2023-04-04,000035,47.69,1564335
2023-04-05,000035,47.09,2334876
2023-04-06,000035,46.0,6613921
2023-04-07,000035,46.83,6308885
2023-04-10,000035,47.28,5304884
2023-04-11,000035,46.8,6421650
2023-04-12,000035,47.02,6468786
2023-04-13,000035,47.94,5191730
2023-04-14,000035,47.03,4597588
2023-04-17,000035,46.33,3219330
2023-04-18,000035,47.53,2694261
2023-04-19,000035,46.83,8110450
2023-04-20,000035,47.44,4550421
2023-04-21,000035,46.03,8720867
2023-04-24,000035,45.65,3197572
2023-04-25,000035,46.74,2515068
2023-04-26,000035,46.95,2227716
2023-04-27,000035,46.51,7537331
2023-04-28,000035,45.92,5960064
2023-05-01,000035,45.74,9256023
2023-05-02,000035,44.6,2511438
2023-05-03,000035,44.75,3606553
2023-05-04,000035,44.95,6542216
2023-05-05,000035,45.09,4920592
2023-05-08,000035,46.23,2338588
2023-05-09,000035,47.14,6001230
2023-05-10,000035,47.53,8204568
2023-05-11,000035,48.3,3792865
2023-05-12,000035,47.66,6972415
2023-05-15,000035,46.58,2289576
2023-05-16,000035,47.35,6723325
2023-05-17,000035,46.8,4425741
2023-05-18,000035,46.19,3603179
2023-05-19,000035,46.22,1733355
2023-05-22,000035,45.29,4751284
2023-05-23,000035,45.91,3322957
2023-05-24,000035,47.28,2051309
2023-05-25,000035,47.72,4755551
2023-05-26,000035,49.15,6973841
2023-05-29,000035,49.3,3510499
2023-05-30,000035,50.71,4046770
2023-05-31,000035,49.63,7468739
2023-06-01,000035,48.35,6417427
2023-06-02,000035,48.59,7044267
2023-06-05,000035,49.77,7963615
2023-06-06,000035,50.49,6856265
2023-06-07,000035,49.75,1143208
2023-06-08,000035,50.57,6689150
2023-06-09,000035,50.58,5810397
2023-06-12,000035,51.07,7328306
2023-06-13,000035,51.99,9520670
2023-06-14,000035,50.69,2043056
2023-06-15,000035,49.88,9493762
2023-06-16,000035,48.79,3865932
2023-06-19,000035,49.39,8874108
2023-06-20,000035,49.91,3872903
2023-06-21,000035,50.18,5593298
2023-06-22,000035,49.8,8846720
2023-06-23,000035,50.16,7616076
2023-06-26,000035,49.91,8815682
2023-06-27,000035,51.05,6465762
2023-06-28,000035,52.5,1530384
2023-06-29,000035,51.23,6856897
2023-06-30,000035,51.62,1287406
2023-07-03,000035,51.8,5167692
2023-07-04,000035,50.61,1799597
2023-07-05,000035,50.84,1741289
2023-07-06,000035,50.55,9765643
2023-07-07,000035,50.5,6190985
2023-07-10,000035,51.2,2420270
2023-07-11,000035,50.64,4098587
2023-07-12,000035,50.94,7106637
2023-07-13,000035,51.2,5633239
2023-07-14,000035,52.09,4225443
2023-07-17,000035,51.26,2555909
2023-07-18,000035,51.88,6059823
2023-07-19,000035,52.45,7181139
2023-07-20,000035,52.45,7685858
2023-07-21,000035,53.32,3662576
2023-07-24,000035,53.35,9687292
2023-07-25,000035,52.75,2280046
2023-07-26,000035,53.34,2331800
2023-07-27,000035,52.49,7037329
2023-07-28,000035,52.56,4923053
2023-07-31,000035,53.05,6258714
2023-08-01,000035,53.82,1638277
2023-08-02,000035,53.9,5908062
2023-08-03,000035,53.97,8429050
2023-08-04,000035,54.81,6505405
2023-08-07,000035,54.55,9983148
2023-08-08,000035,54.09,4318890
2023-08-09,000035,54.25,3039752
2023-08-10,000035,54.1,1191346
2023-08-11,000035,54.96,3667487
2023-08-14,000035,55.75,8058315
2023-08-15,000035,54.13,4364242
2023-08-16,000035,52.55,3688908
2023-08-17,000035,53.98,5991903
2023-08-18,000035,54.85,5488362
2023-08-21,000035,54.75,1957474
2023-08-22,000035,54.49,7933017
2023-08-23,000035,53.26,9514050
2023-08-24,000035,53.0,1250285
2023-08-25,000035,54.52,9160517
2023-08-28,000035,53.73,2030595
2023-08-29,000035,54.37,4280190
2023-08-30,000035,55.37,5199437
2023-08-31,000035,56.98,6326316
2023-09-01,000035,58.24,7613958
2023-09-04,000035,59.17,2532567
2023-09-05,000035,58.25,4188707
2023-09-06,000035,59.75,4165842
2023-09-07,000035,59.02,6452400
2023-09-08,000035,57.69,5557441
2023-09-11,000035,58.72,6306962
2023-09-12,000035,59.9,1309088
2023-09-13,000035,59.32,2227223
2023-09-14,000035,58.31,7576471
2023-09-15,000035,56.91,3449872
2023-09-18,000035,57.69,5216845
2023-09-19,000035,58.05,4041744
2023-09-20,000035,58.95,4184729
2023-09-21,000035,57.4,8577121
2023-09-22,000035,56.78,6083419
2023-09-25,000035,56.41,3118078
2023-09-26,000035,54.91,6595487
2023-09-27,000035,55.2,2017224
2023-09-28,000035,53.7,6244305
2023-09-29,000035,54.83,9801253
2023-10-02,000035,53.87,4383734
2023-10-03,000035,52.74,5682709
2023-10-04,000035,51.22,7203219
2023-10-05,000035,50.78,4482417
2023-10-06,000035,51.58,4695187
2023-10-09,000035,52.33,6329597
2023-10-10,000035,52.57,6864033
2023-10-11,000035,51.55,2928435
2023-10-12,000035,51.23,2773189
2023-10-13,000035,50.71,2731968
2023-10-16,000035,50.79,9896442
2023-10-17,000035,49.55,9332894
2023-10-18,000035,48.7,4228264
2023-10-19,000035,47.83,8659423
2023-10-20,000035,48.91,2838049
2023-10-23,000035,50.11,3041152
2023-10-24,000035,49.93,2304990
2023-10-25,000035,50.86,4507891
2023-10-26,000035,50.64,4750543
2023-10-27,000035,50.67,9976451
2023-10-30,000035,50.08,3341884
2023-10-31,000035,49.99,7999516
2023-11-01,000035,49.21,5536106
2023-11-02,000035,48.14,5909403
2023-11-03,000035,49.5,9136093
2023-11-06,000035,49.16,2616780
2023-11-07,000035,49.06,9391582
2023-11-08,000035,49.56,4578891
2023-11-09,000035,49.07,5940120
2023-11-10,000035,50.05,8290369
2023-11-13,000035,48.92,2280193
2023-11-14,000035,47.73,4267312
2023-11-15,000035,49.08,4931959
2023-11-16,000035,49.99,8337963
2023-11-17,000035,49.97,4453984
2023-11-20,000035,51.35,1931951
2023-11-21,000035,52.65,4806339
2023-11-22,000035,53.93,5079334
2023-11-23,000035,53.55,1734813
2023-11-24,000035,54.92,6607287
2023-11-27,000035,53.74,5154556
2023-11-28,000035,54.76,4421959
2023-11-29,000035,55.85,2491708
2023-11-30,000035,56.83,9294192
2023-12-01,000035,56.12,6120037
2022-01-03,000036,51.07,5412829
2022-01-04,000036,50.17,4388892
2022-01-05,000036,50.61,3227923
2022-01-06,000036,49.43,7978244
2022-01-07,000036,48.17,4829009
2022-01-10,000036,47.82,8224875
2022-01-11,000036,47.03,7266636
2022-01-12,000036,47.57,3123766
2022-01-13,000036,46.74,7211055
2022-01-14,000036,47.45,6825363
2022-01-17,000036,47.42,8863187
2022-01-18,000036,48.69,9082666
2022-01-19,000036,49.33,7923390
2022-01-20,000036,49.54,5237111
2022-01-21,000036,50.1,7594816
2022-01-24,000036,51.44,6549535
2022-01-25,000036,52.34,3920842
2022-01-26,000036,52.87,8060782
2022-01-27,000036,54.19,6190154
2022-01-28,000036,55.14,8701662
2022-01-31,000036,56.0,3491506
2022-02-01,000036,56.9,8575242
2022-02-02,000036,57.57,5079877
2022-02-03,000036,57.56,6907443
2022-02-04,000036,57.08,4962080
2022-02-07,000036,58.51,4624187
2022-02-08,000036,59.96,1954233
2022-02-09,000036,58.68,1304989
2022-02-10,000036,59.36,9306418
2022-02-11,000036,59.21,2292706
2022-02-14,000036,60.82,1495683
2022-02-15,000036,60.57,1178522
2022-02-16,000036,59.37,7627871
2022-02-17,000036,58.09,1575089
2022-02-18,000036,57.04,2398099
2022-02-21,000036,57.04,5115074
2022-02-22,000036,58.68,3287859
2022-02-23,000036,60.41,4078139
2022-02-24,000036,60.72,8162467
2022-02-25,000036,60.33,3614560
2022-02-28,000036,61.07,1186098
2022-03-01,000036,61.87,2288994
2022-03-02,000036,62.2,7389407
2022-03-03,000036,61.51,3320721
2022-03-04,000036,63.25,7468414
2022-03-07,000036,63.46,8345716
2022-03-08,000036,64.97,2269876
2022-03-09,000036,65.75,5207204
2022-03-10,000036,63.97,8462933
2022-03-11,000036,64.65,1321262
2022-03-14,000036,63.02,8641414
2022-03-15,000036,61.36,6493161
2022-03-16,000036,59.99,7043881
2022-03-17,000036,61.1,8589279
2022-03-18,000036,60.31,5237957
2022-03-21,000036,59.47,1659247
2022-03-22,000036,60.06,4283415
2022-03-23,000036,61.46,1305002
2022-03-24,000036,61.38,5342976
2022-03-25,000036,60.71,9502235
2022-03-28,000036,60.71,5979592
2022-03-29,000036,60.99,7990294
2022-03-30,000036,59.51,3847045
2022-03-31,000036,60.1,4680633
2022-04-01,000036,60.68,9955158
2022-04-04,000036,59.97,8008495
2022-04-05,000036,61.43,8581856
2022-04-06,000036,62.92,7098594
2022-04-07,000036,63.89,1871667
2022-04-08,000036,65.31,7639267
2022-04-11,000036,65.56,7517527
2022-04-12,000036,66.39,3728896
2022-04-13,000036,68.17,8548954
2022-04-14,000036,69.87,7379282
2022-04-15,000036,69.4,9874115
2022-04-18,000036,67.74,1821654
2022-04-19,000036,67.33,7228821
2022-04-20,000036,67.53,1600424
2022-04-21,000036,69.31,1815264
2022-04-22,000036,70.87,3053074
2022-04-25,000036,69.51,8969675
2022-04-26,000036,67.49,3328190
2022-04-27,000036,68.12,6591272
2022-04-28,000036,69.42,4507092
2022-04-29,000036,67.65,9222673
2022-05-02,000036,68.49,3135035
2022-05-03,000036,69.16,3200206
2022-05-04,000036,69.55,4057128
2022-05-05,000036,67.95,9266486
2022-05-06,000036,67.88,1457405
2022-05-09,000036,67.41,3645322
2022-05-10,000036,68.29,1380545
2022-05-11,000036,69.46,2560067
2022-05-12,000036,67.6,5806436
2022-05-13,000036,68.95,8666794
2022-05-16,000036,69.83,5145640
2022-05-17,000036,70.77,4031837
2022-05-18,000036,71.03,9310054
2022-05-19,000036,69.31,6129491
2022-05-20,000036,69.21,2740491
2022-05-23,000036,70.43,7994054
2022-05-24,000036,70.62,4504819
2022-05-25,000036,69.19,1941520
2022-05-26,000036,69.74,2004183
2022-05-27,000036,71.25,6086599
2022-05-30,000036,70.35,8761867
2022-05-31,000036,70.32,8914498
2022-06-01,000036,70.83,2720551
2022-06-02,000036,72.08,9142281
2022-06-03,000036,70.25,3633627
2022-06-06,000036,70.08,3735471
2022-06-07,000036,71.52,5065855
2022-06-08,000036,72.81,9495781
2022-06-09,000036,73.94,1876014
2022-06-10,000036,74.26,4944051
2022-06-13,000036,72.84,6643115
2022-06-14,000036,73.95,6108885
2022-06-15,000036,73.85,7115557
2022-06-16,000036,73.4,3825015
2022-06-17,000036,73.55,9225511
2022-06-20,000036,71.43,3775866
2022-06-21,000036,69.57,8844678
2022-06-22,000036,70.71,4766669
2022-06-23,000036,71.02,1701699
2022-06-24,000036,70.8,8638166
2022-06-27,000036,70.49,2704059
2022-06-28,000036,69.62,3421435
2022-06-29,000036,67.74,8646700
2022-06-30,000036,66.43,3144312
2022-07-01,000036,67.94,7661238
2022-07-04,000036,68.27,9368607
2022-07-05,000036,68.58,3769974
2022-07-06,000036,70.07,1281602
2022-07-07,000036,69.33,7165036
2022-07-08,000036,67.94,3570007
2022-07-11,000036,69.02,8984378
2022-07-12,000036,67.57,7371421
2022-07-13,000036,67.86,4160674
2022-07-14,000036,66.63,5944049
2022-07-15,000036,66.66,8278124
2022-07-18,000036,65.98,9700616
2022-07-19,000036,66.69,5878258
2022-07-20,000036,64.72,3908551
2022-07-21,000036,66.6,2229669
2022-07-22,000036,66.87,8628843
2022-07-25,000036,67.05,3141354
2022-07-26,000036,65.1,3705207
2022-07-27,000036,63.66,4027449
2022-07-28,000036,64.55,5669962
2022-07-29,000036,65.92,9331251
2022-08-01,000036,66.13,2403058
2022-08-02,000036,65.75,1510029
2022-08-03,000036,67.16,5749728
2022-08-04,000036,67.13,9744169
2022-08-05,000036,66.17,8133042
2022-08-08,000036,64.74,3357567
2022-08-09,000036,64.47,1081598
2022-08-10,000036,65.47,2976968
2022-08-11,000036,65.5,5131438
2022-08-12,000036,65.32,5572423
2022-08-15,000036,66.99,6256914
2022-08-16,000036,65.28,6003158
2022-08-17,000036,66.24,6177524
2022-08-18,000036,66.58,5955442
2022-08-19,000036,66.22,5097852
2022-08-22,000036,67.03,2504573
2022-08-23,000036,67.44,5805242
2022-08-24,000036,67.76,6728549
2022-08-25,000036,69.19,9871032
2022-08-26,000036,67.5,4739333
2022-08-29,000036,68.66,5638067
2022-08-30,000036,68.17,7781110
2022-08-31,000036,69.3,3436662
2022-09-01,000036,67.4,3294621
2022-09-02,000036,67.84,8718135
2022-09-05,000036,66.17,9523787
2022-09-06,000036,66.09,8360645
2022-09-07,000036,65.44,4081699
2022-09-08,000036,66.73,9579799
2022-09-09,000036,65.51,7353345
2022-09-12,000036,66.12,9580888
2022-09-13,000036,67.96,2878581
2022-09-14,000036,67.86,1651634
2022-09-15,000036,65.82,1040439
2022-09-16,000036,67.65,2057443
2022-09-19,000036,69.05,9025759
2022-09-20,000036,70.45,7794525
2022-09-21,000036,70.38,7079425
2022-09-22,000036,70.32,7789636
2022-09-23,000036,69.36,5466581
2022-09-26,000036,70.57,9411817
2022-09-27,000036,71.5,9427177
2022-09-28,000036,72.22,1736511
2022-09-29,000036,70.49,2681058
2022-09-30,000036,71.73,1321349
2022-10-03,000036,71.16,8980652
2022-10-04,000036,69.98,5969831
2022-10-05,000036,70.57,5397817
2022-10-06,000036,71.33,5460149
2022-10-07,000036,71.2,8226159
2022-10-10,000036,70.08,3501223
2022-10-11,000036,68.17,3598032
2022-10-12,000036,69.81,5504710
2022-10-13,000036,68.33,8158446
2022-10-14,000036,67.43,2228207
2022-10-17,000036,65.45,9348450
2022-10-18,000036,64.12,1289669
2022-10-19,000036,65.38,7989302
2022-10-20,000036,64.86,7614558
2022-10-21,000036,65.24,9318078
2022-10-24,000036,63.69,6129059
2022-10-25,000036,64.18,5942495
2022-10-26,000036,64.88,8899890
2022-10-27,000036,63.83,3755761
2022-10-28,000036,65.52,4869679
2022-10-31,000036,65.18,7619522
2022-11-01,000036,64.52,5188218
2022-11-02,000036,64.06,1927316
2022-11-03,000036,62.92,8447318
2022-11-04,000036,64.47,7846287
2022-11-07,000036,65.31,5497683
2022-11-08,000036,63.77,7340453
2022-11-09,000036,61.93,8581565
2022-11-10,000036,61.24,9201256
2022-11-11,000036,60.39,6911157
2022-11-14,000036,61.31,8710998
2022-11-15,000036,59.54,1980258
2022-11-16,000036,59.19,8266282
2022-11-17,000036,58.72,5474692
2022-11-18,000036,59.04,7782316
2022-11-21,000036,57.96,8829584
2022-11-22,000036,56.72,3176340
2022-11-23,000036,56.76,7169901
2022-11-24,000036,55.49,5354490
2022-11-25,000036,56.93,1300604
2022-11-28,000036,58.0,7840647
2022-11-29,000036,57.07,2463401
2022-11-30,000036,55.62,6174237
2022-12-01,000036,54.02,1037221
2022-12-02,000036,55.33,3689154
2022-12-05,000036,56.98,7010956
2022-12-06,000036,55.3,3009613
2022-12-07,000036,55.6,1029788
2022-12-08,000036,56.58,2998608
2022-12-09,000036,55.75,5463350
2022-12-12,000036,56.16,4789754
2022-12-13,000036,57.27,8895395
2022-12-14,000036,58.64,7216441
2022-12-15,000036,58.41,3983216
2022-12-16,000036,58.79,9171855
2022-12-19,000036,59.06,6822325
2022-12-20,000036,59.29,1053118
2022-12-21,000036,59.85,6497214
2022-12-22,000036,60.4,7136641
2022-12-23,000036,60.69,5289748
2022-12-26,000036,59.93,4044455
2022-12-27,000036,58.65,5895948
2022-12-28,000036,59.81,6892570
2022-12-29,000036,60.35,9821687
2022-12-30,000036,61.89,5296972
2023-01-02,000036,60.06,9717494
2023-01-03,000036,59.32,6195357
2023-01-04,000036,60.38,5487877
2023-01-05,000036,59.63,8663260
2023-01-06,000036,60.86,2082207
2023-01-09,000036,61.78,9182659
2023-01-10,000036,61.71,1820852
2023-01-11,000036,60.84,3744574
2023-01-12,000036,61.65,1423336
2023-01-13,000036,60.11,5034441
2023-01-16,000036,61.42,3826166
2023-01-17,000036,62.74,2819843
2023-01-18,000036,61.41,4433196
2023-01-19,000036,61.38,3889672
2023-01-20,000036,59.74,5003184
2023-01-23,000036,58.99,7598208
2023-01-24,000036,57.66,5548589
2023-01-25,000036,58.87,7266904
2023-01-26,000036,57.77,7508252
2023-01-27,000036,56.27,8902230
2023-01-30,000036,56.66,5001127
2023-01-31,000036,55.84,5527729
2023-02-01,000036,55.14,6732368
2023-02-02,000036,55.76,7503909
2023-02-03,000036,54.97,2615488
2023-02-06,000036,54.16,3494756
2023-02-07,000036,53.95,6620719
2023-02-08,000036,54.91,2308893
2023-02-09,000036,56.14,2005189
2023-02-10,000036,57.44,4160918
2023-02-13,000036,55.89,6768850
2023-02-14,000036,55.6,6220907
2023-02-15,000036,55.95,4894317
2023-02-16,000036,57.18,8972441
2023-02-17,000036,58.24,8632951
2023-02-20,000036,56.63,9030522
2023-02-21,000036,56.77,6225423
2023-02-22,000036,57.05,3798486
2023-02-23,000036,58.7,1734730
2023-02-24,000036,59.6,3708354
2023-02-27,000036,60.25,9674193
2023-02-28,000036,61.79,7260276
2023-03-01,000036,62.02,7221363
2023-03-02,000036,61.75,6626610
2023-03-03,000036,60.09,2565315
2023-03-06,000036,58.32,7619533
2023-03-07,000036,58.62,1482540
2023-03-08,000036,58.58,2018488
2023-03-09,000036,59.72,7611058
2023-03-10,000036,60.37,6709243
2023-03-13,000036,61.54,1560665
2023-03-14,000036,60.73,7241999
2023-03-15,000036,61.02,7014209
2023-03-16,000036,62.7,5334121
2023-03-17,000036,63.58,3905300
2023-03-20,000036,62.73,6687632
2023-03-21,000036,64.51,8597850
2023-03-22,000036,62.73,1303057
2023-03-23,000036,64.59,8807800
2023-03-24,000036,63.63,8689560
2023-03-27,000036,63.41,3316032
2023-03-28,000036,63.68,7506001
2023-03-29,000036,63.78,3600918
2023-03-30,000036,63.63,1867758
2023-03-31,000036,65.15,9012698
2023-04-03,000036,65.64,2840451
2023-04-04,000036,63.71,3899301
2023-04-05,000036,65.41,6037572
2023-04-06,000036,64.02,7843790
2023-04-07,000036,63.65,5659945
2023-04-10,000036,64.63,9296349
2023-04-11,000036,65.55,4835548
2023-04-12,000036,63.62,1477193
2023-04-13,000036,64.43,4342686
2023-04-14,000036,64.9,3240951
2023-04-17,000036,64.16,1508708
2023-04-18,000036,65.6,3056418
2023-04-19,000036,66.02,9463555
2023-04-20,000036,66.56,6988167
2023-04-21,000036,67.48,4902070
2023-04-24,000036,65.55,1688342
2023-04-25,000036,65.52,4053864
2023-04-26,000036,66.82,7969767
2023-04-27,000036,66.52,1207420
2023-04-28,000036,67.2,5708001
2023-05-01,000036,65.31,2871616
2023-05-02,000036,65.21,3284944
2023-05-03,000036,65.35,5676669
2023-05-04,000036,66.74,4326296
2023-05-05,000036,67.39,2141437
2023-05-08,000036,68.88,5895955
2023-05-09,000036,68.21,1460845
2023-05-10,000036,67.51,3769684
2023-05-11,000036,68.24,4132683
2023-05-12,000036,67.01,5899021
2023-05-15,000036,67.64,6501450
2023-05-16,000036,66.95,9755630
2023-05-17,000036,68.37,2621042
2023-05-18,000036,68.98,9312115
2023-05-19,000036,69.27,4216551
2023-05-22,000036,70.41,1668104
2023-05-23,000036,70.95,6183782
2023-05-24,000036,72.73,3577648
2023-05-25,000036,71.41,9419051
2023-05-26,000036,71.71,4874901
2023-05-29,000036,71.27,3388717
2023-05-30,000036,71.55,9827300
2023-05-31,000036,71.15,9560513
2023-06-01,000036,72.28,4455008
2023-06-02,000036,73.36,7478285
2023-06-05,000036,73.98,9475253
2023-06-06,000036,76.03,9501770
2023-06-07,000036,74.89,4244997
2023-06-08,000036,74.77,9958196
2023-06-09,000036,75.17,9307717
2023-06-12,000036,74.85,3298263
2023-06-13,000036,76.24,7795979
2023-06-14,000036,74.0,3205274
2023-06-15,000036,71.9,5252969
2023-06-16,000036,73.16,7581892
2023-06-19,000036,72.5,7582094
2023-06-20,000036,71.0,2304023
2023-06-21,000036,72.38,6213927
2023-06-22,000036,74.17,2556813
2023-06-23,000036,72.28,7387122
2023-06-26,000036,70.87,6259298
2023-06-27,000036,70.16,2118509
2023-06-28,000036,71.01,7187215
2023-06-29,000036,70.71,5801394
2023-06-30,000036,69.51,5748923
2023-07-03,000036,68.16,5389014
2023-07-04,000036,66.64,8171022
2023-07-05,000036,67.71,6855112
2023-07-06,000036,67.43,4086721
2023-07-07,000036,66.33,2638274
2023-07-10,000036,64.59,4137956
2023-07-11,000036,66.08,1483853
2023-07-12,000036,66.95,7374560
2023-07-13,000036,66.18,6122296
2023-07-14,000036,67.75,8616513
2023-07-17,000036,65.76,1080393
2023-07-18,000036,64.32,2472699
2023-07-19,000036,63.77,8412539
2023-07-20,000036,63.97,6669247
2023-07-21,000036,65.57,1837379
2023-07-24,000036,65.43,4584448
2023-07-25,000036,66.02,3944238
2023-07-26,000036,66.58,2453284
2023-07-27,000036,65.01,1208217
2023-07-28,000036,63.73,4654886
2023-07-31,000036,62.63,9646223
2023-08-01,000036,61.65,3713439
2023-08-02,000036,60.53,4075446
2023-08-03,000036,61.97,3057258
2023-08-04,000036,60.19,4035575
2023-08-07,000036,61.52,5264971
2023-08-08,000036,60.19,8233603
2023-08-09,000036,60.51,9927965
2023-08-10,000036,59.78,5119333
2023-08-11,000036,58.96,6674390
2023-08-14,000036,59.03,9229014
2023-08-15,000036,57.59,5379288
2023-08-16,000036,56.7,2978017
2023-08-17,000036,56.24,1071316
2023-08-18,000036,55.08,1268853
2023-08-21,000036,55.8,5871300
2023-08-22,000036,55.69,4817434
2023-08-23,000036,54.03,1973477
2023-08-24,000036,55.59,2377751
2023-08-25,000036,56.85,9325820
2023-08-28,000036,58.11,7502099
2023-08-29,000036,56.57,8657696
2023-08-30,000036,55.8,6462818
2023-08-31,000036,54.61,5624539
2023-09-01,000036,55.52,8990546
2023-09-04,000036,55.12,4214301
2023-09-05,000036,56.51,1026804
2023-09-06,000036,56.92,1199254
2023-09-07,000036,58.02,3122039
2023-09-08,000036,58.65,2837797
2023-09-11,000036,59.34,4101477
2023-09-12,000036,58.05,7178144
2023-09-13,000036,57.93,1053594
2023-09-14,000036,59.6,5069021
2023-09-15,000036,58.85,6320013
2023-09-18,000036,57.86,2262825
2023-09-19,000036,58.19,5263899
2023-09-20,000036,56.81,5361296
2023-09-21,000036,57.57,9834781
2023-09-22,000036,58.14,3230551
2023-09-25,000036,59.04,5960303
2023-09-26,000036,60.02,9683625
2023-09-27,000036,60.22,1101600
2023-09-28,000036,61.13,4520554
2023-09-29,000036,62.58,8383311
2023-10-02,000036,62.28,4315816
2023-10-03,000036,61.87,8018038
2023-10-04,000036,61.07,4616505
2023-10-05,000036,62.31,1659188
2023-10-06,000036,61.39,5754313
2023-10-09,000036,61.21,2671835
2023-10-10,000036,61.78,1316359
2023-10-11,000036,61.61,1365460
2023-10-12,000036,62.26,3483877
2023-10-13,000036,61.3,9408554
2023-10-16,000036,60.39,3197298
2023-10-17,000036,60.15,4944704
2023-10-18,000036,60.59,9828045
2023-10-19,000036,62.28,1052185
2023-10-20,000036,64.01,3246400
2023-10-23,000036,65.02,1472880
2023-10-24,000036,63.17,5843507
2023-10-25,000036,61.5,4336744
2023-10-26,000036,62.82,3197399
2023-10-27,000036,63.83,9568408
2023-10-30,000036,63.67,4465956
2023-10-31,000036,65.11,8515721
2023-11-01,000036,64.61,9402410
2023-11-02,000036,65.42,1017260
2023-11-03,000036,65.67,8410768
2023-11-06,000036,64.72,8933471
2023-11-07,000036,64.15,8658592
2023-11-08,000036,63.41,5899109
2023-11-09,000036,62.03,5290866
2023-11-10,000036,60.92,8436959
2023-11-13,000036,61.98,1210118
2023-11-14,000036,63.4,3599579
2023-11-15,000036,62.89,5136927
2023-11-16,000036,64.69,5555201
2023-11-17,000036,65.99,4517033
2023-11-20,000036,66.2,8567774
2023-11-21,000036,64.32,3333335
2023-11-22,000036,64.78,2685317
2023-11-23,000036,64.39,5164059
2023-11-24,000036,63.2,7171612
2023-11-27,000036,64.09,7759999
2023-11-28,000036,64.11,1765958
2023-11-29,000036,62.37,3388027
2023-11-30,000036,61.13,7101929
2023-12-01,000036,61.74,5261370
2022-01-03,000037,48.57,4392659
2022-01-04,000037,47.99,3713911
2022-01-05,000037,48.71,5848010
2022-01-06,000037,48.99,7965312
2022-01-07,000037,50.11,7689737
2022-01-10,000037,49.19,9064847
2022-01-11,000037,48.72,6313820
2022-01-12,000037,50.11,9734660
2022-01-13,000037,50.79,8314341
2022-01-14,000037,50.64,1589135
2022-01-17,000037,50.21,4261058
2022-01-18,000037,49.08,2259165
2022-01-19,000037,48.27,6332971
2022-01-20,000037,49.24,6463359
2022-01-21,000037,48.64,8665388
2022-01-24,000037,48.83,1589824
2022-01-25,000037,48.29,1470398
2022-01-26,000037,48.02,3545211
2022-01-27,000037,48.61,9784545
2022-01-28,000037,47.49,4128652
2022-01-31,000037,47.08,5167383
2022-02-01,000037,45.92,9597283
2022-02-02,000037,46.27,8360618
2022-02-03,000037,46.15,4355790
2022-02-04,000037,45.44,2684862
2022-02-07,000037,44.66,8166372
2022-02-08,000037,44.59,6263503
2022-02-09,000037,44.78,7128062
2022-02-10,000037,43.8,9823084
2022-02-11,000037,43.71,9477436
2022-02-14,000037,44.56,6776280
2022-02-15,000037,43.48,4872560
2022-02-16,000037,42.96,8115484
2022-02-17,000037,41.99,9420824
2022-02-18,000037,43.14,2626170
2022-02-21,000037,44.37,8639867
2022-02-22,000037,45.53,3231164
2022-02-23,000037,46.78,6423721
2022-02-24,000037,45.89,6876510
2022-02-25,000037,47.01,5828254
2022-02-28,000037,48.02,3107004
2022-03-01,000037,49.4,8256984
2022-03-02,000037,49.5,9008010
2022-03-03,000037,49.7,7165570
2022-03-04,000037,50.28,4463130
2022-03-07,000037,51.18,5068842
2022-03-08,000037,50.25,1048106
2022-03-09,000037,48.97,7994169
2022-03-10,000037,49.13,9704719
2022-03-11,000037,49.19,7469926
2022-03-14,000037,47.83,2854990
2022-03-15,000037,47.04,8606736
2022-03-16,000037,47.54,9323136
2022-03-17,000037,48.58,1766554
2022-03-18,000037,49.24,6738783
2022-03-21,000037,50.11,3680003
2022-03-22,000037,51.56,7444250
2022-03-23,000037,51.22,5115625
2022-03-24,000037,51.92,7161127
2022-03-25,000037,52.63,2891217
2022-03-28,000037,53.42,5437273
2022-03-29,000037,51.95,9277608
2022-03-30,000037,52.5,4866920
2022-03-31,000037,52.2,6707820
2022-04-01,000037,52.64,2031956
2022-04-04,000037,53.6,3847763
2022-04-05,000037,54.37,7140064
2022-04-06,000037,54.14,4295272
2022-04-07,000037,53.14,4445725
2022-04-08,000037,52.01,4271480
2022-04-11,000037,51.12,4692103
2022-04-12,000037,50.04,1925936
2022-04-13,000037,51.0,2013143
2022-04-14,000037,51.41,1473303
2022-04-15,000037,52.0,7764029
2022-04-18,000037,53.15,9765100
2022-04-19,000037,52.08,8986382
2022-04-20,000037,52.03,3658548
2022-04-21,000037,52.35,5240550
2022-04-22,000037,53.78,5068494
2022-04-25,000037,53.7,2810689
2022-04-26,000037,53.82,5911039
2022-04-27,000037,55.02,1429940
2022-04-28,000037,56.2,6686509
2022-04-29,000037,56.95,4531179
2022-05-02,000037,57.91,2911823
2022-05-03,000037,57.52,6126635
2022-05-04,000037,56.1,2269394
2022-05-05,000037,55.88,9783206
2022-05-06,000037,56.93,7808131
2022-05-09,000037,55.8,7102749
2022-05-10,000037,55.62,8842047
2022-05-11,000037,55.82,8409375
2022-05-12,000037,57.1,7222790
2022-05-13,000037,55.95,7555007
2022-05-16,000037,56.49,9746664
2022-05-17,000037,57.59,1426983
2022-05-18,000037,58.2,6249340
2022-05-19,000037,59.17,3604975
2022-05-20,000037,57.69,4714981
2022-05-23,000037,56.35,1536470
2022-05-24,000037,54.75,6080904
2022-05-25,000037,53.73,2788880
2022-05-26,000037,52.36,4224559
2022-05-27,000037,51.78,6715011
2022-05-30,000037,51.89,1778706
2022-05-31,000037,50.76,3669432
2022-06-01,000037,50.94,1406046
2022-06-02,000037,51.91,1935782
2022-06-03,000037,51.61,2814551
2022-06-06,000037,50.4,3107664
2022-06-07,000037,50.94,9458150
2022-06-08,000037,51.81,8661196
2022-06-09,000037,50.8,1329954
2022-06-10,000037,50.93,4709784
2022-06-13,000037,51.67,3309758
2022-06-14,000037,52.06,4993849
2022-06-15,000037,50.86,4687320
2022-06-16,000037,51.77,3849923
2022-06-17,000037,52.71,5444622
2022-06-20,000037,52.98,6125693
2022-06-21,000037,53.04,2197411
2022-06-22,000037,53.27,5876786
2022-06-23,000037,53.06,1664171
2022-06-24,000037,53.13,5744811
2022-06-27,000037,53.67,8510485
2022-06-28,000037,54.8,8609783
2022-06-29,000037,55.97,9751555
2022-06-30,000037,55.47,8074614
2022-07-01,000037,57.02,6860251
2022-07-04,000037,56.15,9676146
2022-07-05,000037,55.33,4125768
2022-07-06,000037,54.68,4340581
2022-07-07,000037,53.1,7507960
2022-07-08,000037,53.01,1963150
2022-07-11,000037,52.32,9957166
2022-07-12,000037,53.71,9089082
2022-07-13,000037,54.92,3113133
2022-07-14,000037,56.0,4461500
2022-07-15,000037,56.16,1772800
2022-07-18,000037,57.57,2484821
2022-07-19,000037,56.62,9025428
2022-07-20,000037,57.21,6455341
2022-07-21,000037,56.28,2830669
2022-07-22,000037,55.58,9204736
2022-07-25,000037,54.29,3561442
2022-07-26,000037,55.56,7712931
2022-07-27,000037,57.15,1399860
2022-07-28,000037,58.49,7541908
2022-07-29,000037,58.49,5535645
2022-08-01,000037,56.74,6374939
2022-08-02,000037,55.39,5148549
2022-08-03,000037,53.88,1349298
2022-08-04,000037,55.13,1449358
2022-08-05,000037,54.77,1654913
2022-08-08,000037,55.99,8900960
2022-08-09,000037,57.19,7884186
2022-08-10,000037,57.67,8672830
2022-08-11,000037,56.42,8339124
2022-08-12,000037,56.45,1777656
2022-08-15,000037,55.65,8141723
2022-08-16,000037,56.71,2321308
2022-08-17,000037,56.82,7765469
2022-08-18,000037,58.24,6807371
2022-08-19,000037,59.26,4146774
2022-08-22,000037,59.47,7540792
2022-08-23,000037,60.53,8776317
2022-08-24,000037,59.32,5769789
2022-08-25,000037,57.97,7032221
2022-08-26,000037,56.55,6281977
2022-08-29,000037,57.74,4232248
2022-08-30,000037,58.09,8686933
2022-08-31,000037,57.38,9303499
2022-09-01,000037,58.36,9800497
2022-09-02,000037,58.93,3005399
2022-09-05,000037,59.11,8394457
2022-09-06,000037,58.24,3781381
2022-09-07,000037,59.07,6379285
2022-09-08,000037,59.31,5435776
2022-09-09,000037,60.57,3699974
2022-09-12,000037,60.22,4376136
2022-09-13,000037,59.33,9044649
2022-09-14,000037,60.18,7011290
2022-09-15,000037,58.56,5341009
2022-09-16,000037,58.36,1391375
2022-09-19,000037,59.54,2615636
2022-09-20,000037,59.45,4221458
2022-09-21,000037,59.72,8870133
2022-09-22,000037,58.4,9003190
2022-09-23,000037,57.01,9493999
2022-09-26,000037,57.18,2466740
2022-09-27,000037,56.95,9291444
2022-09-28,000037,56.21,2729092
2022-09-29,000037,55.95,1760656
2022-09-30,000037,55.37,8709736
2022-10-03,000037,56.27,8344280
2022-10-04,000037,57.47,9897601
2022-10-05,000037,58.0,1316461
2022-10-06,000037,58.57,4299057
2022-10-07,000037,57.13,9504950
2022-10-10,000037,58.43,8400929
2022-10-11,000037,58.98,9173334
2022-10-12,000037,58.6,2196616
2022-10-13,000037,59.5,4789887
2022-10-14,000037,58.41,7737355
2022-10-17,000037,58.78,6090071
2022-10-18,000037,60.18,3010780
2022-10-19,000037,59.17,4246488
2022-10-20,000037,58.01,6562634
2022-10-21,000037,57.65,6827413
2022-10-24,000037,57.27,8166751
2022-10-25,000037,58.42,8837241
2022-10-26,000037,58.08,5860266
2022-10-27,000037,57.33,7012858
2022-10-28,000037,57.34,3487360
2022-10-31,000037,59.02,5019276
2022-11-01,000037,58.67,5429433
2022-11-02,000037,60.01,7666675
2022-11-03,000037,59.07,7884013
2022-11-04,000037,58.19,2522603
2022-11-07,000037,59.53,9213447
2022-11-08,000037,60.88,7097309
2022-11-09,000037,61.15,5765411
2022-11-10,000037,61.57,8281523
2022-11-11,000037,60.36,2547785
2022-11-14,000037,60.77,8675496
2022-11-15,000037,62.02,2547139
2022-11-16,000037,60.36,4695509
2022-11-17,000037,60.63,2689600
2022-11-18,000037,60.73,5674056
2022-11-21,000037,59.23,1260421
2022-11-22,000037,60.28,8447317
2022-11-23,000037,58.78,1502046
2022-11-24,000037,59.14,6712268
2022-11-25,000037,58.48,3237587
2022-11-28,000037,58.82,3138166
2022-11-29,000037,57.37,3755512
2022-11-30,000037,57.29,6325999
2022-12-01,000037,58.37,8332062
2022-12-02,000037,59.79,4542861
2022-12-05,000037,60.97,7824902
2022-12-06,000037,60.01,1943798
2022-12-07,000037,60.1,7197464
2022-12-08,000037,59.3,4152752
2022-12-09,000037,59.01,3541305
2022-12-12,000037,59.83,4505165
2022-12-13,000037,61.12,2799750
2022-12-14,000037,61.52,7083702
2022-12-15,000037,60.93,2435951
2022-12-16,000037,62.42,8539903
2022-12-19,000037,61.56,1746459
2022-12-20,000037,61.45,7249765
2022-12-21,000037,62.26,5511806
2022-12-22,000037,61.88,9358599
2022-12-23,000037,61.15,3800135
2022-12-26,000037,61.91,1289005
2022-12-27,000037,60.19,6056179
2022-12-28,000037,61.76,4301681
2022-12-29,000037,61.53,5190004
2022-12-30,000037,60.91,7888677
2023-01-02,000037,59.9,6310081
2023-01-03,000037,60.57,3805516
2023-01-04,000037,62.12,1891673
2023-01-05,000037,63.67,7057707
2023-01-06,000037,62.19,5338530
2023-01-09,000037,62.31,9902084
2023-01-10,000037,63.7,3871388
2023-01-11,000037,61.84,9616642
2023-01-12,000037,60.16,2767654
2023-01-13,000037,60.94,9434288
2023-01-16,000037,59.62,3103336
2023-01-17,000037,59.39,7899469
2023-01-18,000037,61.09,2840849
2023-01-19,000037,60.12,8464751
2023-01-20,000037,61.45,1311029
2023-01-23,000037,59.97,3850297
2023-01-24,000037,58.59,9055978
2023-01-25,000037,59.25,4571840
2023-01-26,000037,60.75,2985247
2023-01-27,000037,61.84,8449264
2023-01-30,000037,62.85,4635174
2023-01-31,000037,62.49,4801309
2023-02-01,000037,61.58,2479535
2023-02-02,000037,63.09,7508392
2023-02-03,000037,62.32,8835068
2023-02-06,000037,60.56,7887422
2023-02-07,000037,60.35,7395844
2023-02-08,000037,60.46,1056778
2023-02-09,000037,60.69,9856885
2023-02-10,000037,59.23,4309594
2023-02-13,000037,58.93,3973410
2023-02-14,000037,60.19,1704418
2023-02-15,000037,60.6,9910094
2023-02-16,000037,59.43,9227845
2023-02-17,000037,58.37,9731444
2023-02-20,000037,60.0,6776948
2023-02-21,000037,60.98,7118479
2023-02-22,000037,59.29,8879419
2023-02-23,000037,57.86,1259594
2023-02-24,000037,57.94,7212879
2023-02-27,000037,59.52,4960887
2023-02-28,000037,60.26,9700741
2023-03-01,000037,59.89,4303389
2023-03-02,000037,60.91,7145618
2023-03-03,000037,61.91,4405979
2023-03-06,000037,61.28,8936189
2023-03-07,000037,59.94,1750925
2023-03-08,000037,58.45,5271958
2023-03-09,000037,56.85,7861566
2023-03-10,000037,57.8,6276176
2023-03-13,000037,57.8,3377713
2023-03-14,000037,56.92,3350380
2023-03-15,000037,55.74,9112903
2023-03-16,000037,55.78,9636325
2023-03-17,000037,56.7,7540395
2023-03-20,000037,55.57,4412250
2023-03-21,000037,56.73,3216607
2023-03-22,000037,57.91,2850582
2023-03-23,000037,57.69,5340769
2023-03-24,000037,58.44,9625964
2023-03-27,000037,57.36,4847679
2023-03-28,000037,56.72,9697553
2023-03-29,000037,55.59,8780121
2023-03-30,000037,56.29,2593728
2023-03-31,000037,56.54,2124059
2023-04-03,000037,57.75,6302489
2023-04-04,000037,59.27,4077424
2023-04-05,000037,58.51,6148780
2023-04-06,000037,59.98,6361703
2023-04-07,000037,61.02,8236180
2023-04-10,000037,61.42,9900590
2023-04-11,000037,59.63,9743539
2023-04-12,000037,60.61,1271527
2023-04-13,000037,60.09,1459477
2023-04-14,000037,60.14,8894927
2023-04-17,000037,59.92,1099353
2023-04-18,000037,59.57,4705359
2023-04-19,000037,60.01,5890192
2023-04-20,000037,58.57,1316867
2023-04-21,000037,60.16,9994577
2023-04-24,000037,59.96,1608781
2023-04-25,000037,61.72,2405326
2023-04-26,000037,61.25,5913874
2023-04-27,000037,60.44,2168351
2023-04-28,000037,61.71,5648664
2023-05-01,000037,59.93,6228661
2023-05-02,000037,59.9,1407218
2023-05-03,000037,58.29,8824701
2023-05-04,000037,59.74,5700794
2023-05-05,000037,60.4,8068708
2023-05-08,000037,60.82,6469606
2023-05-09,000037,62.29,6782191
2023-05-10,000037,61.1,9752298
2023-05-11,000037,61.77,9656427
2023-05-12,000037,62.8,9081200
2023-05-15,000037,62.59,4399206
2023-05-16,000037,61.7,1502371
2023-05-17,000037,62.22,2799705
2023-05-18,000037,62.29,1402634
2023-05-19,000037,62.31,1765633
2023-05-22,000037,61.83,2150475
2023-05-23,000037,61.66,3694907
2023-05-24,000037,60.8,3226209
2023-05-25,000037,62.43,8721427
2023-05-26,000037,63.49,7302892
2023-05-29,000037,65.31,3212066
2023-05-30,000037,67.2,7670689
2023-05-31,000037,68.24,3861495
2023-06-01,000037,69.76,5762126
2023-06-02,000037,68.43,3870025
2023-06-05,000037,70.46,5998212
2023-06-06,000037,69.5,7311587
2023-06-07,000037,69.1,1066755
2023-06-08,000037,67.06,5970564
2023-06-09,000037,66.22,3153813
2023-06-12,000037,66.62,7929107
2023-06-13,000037,68.25,7528441
2023-06-14,000037,66.28,4895158
2023-06-15,000037,64.69,3045731
2023-06-16,000037,63.03,7173939
2023-06-19,000037,62.06,7458090
2023-06-20,000037,61.47,9697932
2023-06-21,000037,62.26,7015068
2023-06-22,000037,63.95,5237536
2023-06-23,000037,64.83,5772032
2023-06-26,000037,65.09,8340330
2023-06-27,000037,64.98,9697010
2023-06-28,000037,65.49,4039614
2023-06-29,000037,66.65,4540856
2023-06-30,000037,68.35,9461558
2023-07-03,000037,67.8,8300866
2023-07-04,000037,68.26,5484824
2023-07-05,000037,70.12,6839903
2023-07-06,000037,68.85,1827102
2023-07-07,000037,70.78,6020645
2023-07-10,000037,72.9,2108230
2023-07-11,000037,75.01,7414381
2023-07-12,000037,74.56,8770043
2023-07-13,000037,75.47,6037354
2023-07-14,000037,74.74,2839128
2023-07-17,000037,72.63,7290879
2023-07-18,000037,74.18,2577263
2023-07-19,000037,75.6,9496388
2023-07-20,000037,76.92,4744998
2023-07-21,000037,77.46,4737098
2023-07-24,000037,77.57,1958580
2023-07-25,000037,79.45,8249558
2023-07-26,000037,79.74,9398369
2023-07-27,000037,80.15,3349389
2023-07-28,000037,80.23,2022871
2023-07-31,000037,81.74,9584600
2023-08-01,000037,83.64,5767590
2023-08-02,000037,83.81,6683965
2023-08-03,000037,82.27,5504425
2023-08-04,000037,81.03,2570600
2023-08-07,000037,81.66,8945628
2023-08-08,000037,80.79,6357163
2023-08-09,000037,83.07,9544816
2023-08-10,000037,85.37,8822361
2023-08-11,000037,87.44,4774799
2023-08-14,000037,87.53,8050522
2023-08-15,000037,86.69,6800917
2023-08-16,000037,87.92,2535957
2023-08-17,000037,88.42,8758860
2023-08-18,000037,86.6,9717158
2023-08-21,000037,87.28,9981569
2023-08-22,000037,88.38,9099196
2023-08-23,000037,88.51,2115411
2023-08-24,000037,86.7,3963275
2023-08-25,000037,84.81,7739951
2023-08-28,000037,86.74,6164521
2023-08-29,000037,88.43,5682406
2023-08-30,000037,86.15,8361262
2023-08-31,000037,86.34,3378835
2023-09-01,000037,88.79,9789277
2023-09-04,000037,87.64,7883442
2023-09-05,000037,88.51,6245623
2023-09-06,000037,88.74,9185294
2023-09-07,000037,89.23,6849700
2023-09-08,000037,87.93,3860774
2023-09-11,000037,90.31,3006277
2023-09-12,000037,88.32,3207497
2023-09-13,000037,86.74,7416292
2023-09-14,000037,85.01,9412179
2023-09-15,000037,83.56,4693549
2023-09-18,000037,83.17,7122720
2023-09-19,000037,83.88,7968895
2023-09-20,000037,82.91,5026449
2023-09-21,000037,82.71,5647584
2023-09-22,000037,83.63,5510672
2023-09-25,000037,85.22,5827907
2023-09-26,000037,86.59,5522488
2023-09-27,000037,86.32,8613455
2023-09-28,000037,85.43,1857658
2023-09-29,000037,86.74,4161862
2023-10-02,000037,85.74,6729674
2023-10-03,000037,87.99,5752535
2023-10-04,000037,90.06,8766273
2023-10-05,000037,90.9,9598115
2023-10-06,000037,92.3,3430409
2023-10-09,000037,92.76,9233689
2023-10-10,000037,91.24,8582461
2023-10-11,000037,89.87,7708855
2023-10-12,000037,87.35,1545070
2023-10-13,000037,88.15,5070198
2023-10-16,000037,90.06,3068263
2023-10-17,000037,89.36,9459547
2023-10-18,000037,91.44,4993838
2023-10-19,000037,90.99,5392023
2023-10-20,000037,89.1,2440666
2023-10-23,000037,90.26,2061374
2023-10-24,000037,89.38,1308057
2023-10-25,000037,89.78,9874590
2023-10-26,000037,90.05,1682981
2023-10-27,000037,88.27,9437362
2023-10-30,000037,87.13,9421663
2023-10-31,000037,86.19,7992058
2023-11-01,000037,83.82,7731645
2023-11-02,000037,83.08,5786387
2023-11-03,000037,85.07,6164441
2023-11-06,000037,84.67,2378564
2023-11-07,000037,83.15,8100274
2023-11-08,000037,84.6,5126455
2023-11-09,000037,84.43,2922366
2023-11-10,000037,83.0,1520417
2023-11-13,000037,81.4,9508585
2023-11-14,000037,81.11,6511047
2023-11-15,000037,82.84,1159512
2023-11-16,000037,81.49,8911109
2023-11-17,000037,83.15,4787679
2023-11-20,000037,84.56,6420340
2023-11-21,000037,85.78,2709170
2023-11-22,000037,84.48,7955839
2023-11-23,000037,84.7,5146975
2023-11-24,000037,85.78,4765842
2023-11-27,000037,86.53,4446583
2023-11-28,000037,87.5,9602466
2023-11-29,000037,85.17,9397712
2023-11-30,000037,85.33,4944535
2023-12-01,000037,84.92,1487473
2022-01-03,000038,48.83,1568816
2022-01-04,000038,49.45,6620403
2022-01-05,000038,50.87,3717022
2022-01-06,000038,50.0,8879053
2022-01-07,000038,49.23,8406055
2022-01-10,000038,50.08,1030534
2022-01-11,000038,50.3,1036468
2022-01-12,000038,49.56,3778396
2022-01-13,000038,50.6,6400397
2022-01-14,000038,50.97,6812195
2022-01-17,000038,51.66,5613628
2022-01-18,000038,50.62,9408254
2022-01-19,000038,51.46,8649417
2022-01-20,000038,52.51,5603079
2022-01-21,000038,53.72,9715495
2022-01-24,000038,52.95,1754549
2022-01-25,000038,52.12,1355837
2022-01-26,000038,51.63,5501270
2022-01-27,000038,51.08,9072049
2022-01-28,000038,49.85,5896196
2022-01-31,000038,51.17,6018435
2022-02-01,000038,50.72,6390112
2022-02-02,000038,50.75,4468043
2022-02-03,000038,51.61,8913579
2022-02-04,000038,52.17,4951321
2022-02-07,000038,51.53,1200344
2022-02-08,000038,52.32,9005515
2022-02-09,000038,53.73,7420183
2022-02-10,000038,55.03,5366789
2022-02-11,000038,55.58,6819705
2022-02-14,000038,54.27,6284918
2022-02-15,000038,55.09,4314037
2022-02-16,000038,56.56,5450452
2022-02-17,000038,57.2,4950241
2022-02-18,000038,56.27,7083673
2022-02-21,000038,54.97,8425970
2022-02-22,000038,55.47,5148646
2022-02-23,000038,54.61,3678549
2022-02-24,000038,56.17,4750662
2022-02-25,000038,57.74,3632100
2022-02-28,000038,58.42,4517242
2022-03-01,000038,56.89,9087452
2022-03-02,000038,55.93,8714830
2022-03-03,000038,57.56,2380780
2022-03-04,000038,58.01,9298442
2022-03-07,000038,57.28,5671816
2022-03-08,000038,57.51,2156108
2022-03-09,000038,58.96,9729813
2022-03-10,000038,60.39,5725525
2022-03-11,000038,60.65,1125382
2022-03-14,000038,60.73,1598578
2022-03-15,000038,59.67,2230550
2022-03-16,000038,60.82,5758577
2022-03-17,000038,61.73,5221432
2022-03-18,000038,61.63,4888258
2022-03-21,000038,61.55,2244405
2022-03-22,000038,62.02,8630960
2022-03-23,000038,60.59,8326622
2022-03-24,000038,61.06,4568467
2022-03-25,000038,59.4,6855076
2022-03-28,000038,58.54,9129072
2022-03-29,000038,57.41,8951846
2022-03-30,000038,56.86,3577041
2022-03-31,000038,57.88,7087769
2022-04-01,000038,58.61,5263163
2022-04-04,000038,57.69,1360567
2022-04-05,000038,57.47,3516715
2022-04-06,000038,55.95,2161197
2022-04-07,000038,57.38,9895715
2022-04-08,000038,56.09,2014854
2022-04-11,000038,57.34,9219704
2022-04-12,000038,55.95,6547525
2022-04-13,000038,56.14,7150711
2022-04-14,000038,55.3,2176770
2022-04-15,000038,54.37,5571650
2022-04-18,000038,53.25,8497353
2022-04-19,000038,52.24,5780629
2022-04-20,000038,52.24,2928411
2022-04-21,000038,51.87,9364930
2022-04-22,000038,53.12,9750060
2022-04-25,000038,53.83,5888324
2022-04-26,000038,53.85,4406885
2022-04-27,000038,53.98,5654487
2022-04-28,000038,54.8,9378882
2022-04-29,000038,54.01,1636442
2022-05-02,000038,52.73,1686830
2022-05-03,000038,51.43,1768419
2022-05-04,000038,50.82,5444375
2022-05-05,000038,49.88,3219619
2022-05-06,000038,50.96,3854292
2022-05-09,000038,52.42,7339645
2022-05-10,000038,53.19,9468037
2022-05-11,000038,51.99,5648666
2022-05-12,000038,52.17,4473781
2022-05-13,000038,52.11,8186118
2022-05-16,000038,51.74,3198320
2022-05-17,000038,50.7,5177564
2022-05-18,000038,49.27,6879011
2022-05-19,000038,49.13,8494498
2022-05-20,000038,48.96,4357684
2022-05-23,000038,49.06,4690043
2022-05-24,000038,47.91,3391927
2022-05-25,000038,46.53,7092814
2022-05-26,000038,45.9,8890926
2022-05-27,000038,44.58,6363087
2022-05-30,000038,43.26,3827205
2022-05-31,000038,43.61,9870492
2022-06-01,000038,42.72,4103087
2022-06-02,000038,41.75,1623072
2022-06-03,000038,42.62,2463177
2022-06-06,000038,43.3,8926977
2022-06-07,000038,43.94,2575641
2022-06-08,000038,43.05,3611546
2022-06-09,000038,42.3,6858724
2022-06-10,000038,41.41,6324549
2022-06-13,000038,40.71,2488006
2022-06-14,000038,41.58,5367795
2022-06-15,000038,42.73,6829223
2022-06-16,000038,41.72,9576759
2022-06-17,000038,41.45,9185497
2022-06-20,000038,42.24,9906638
2022-06-21,000038,42.21,2804056
2022-06-22,000038,42.16,8634642
2022-06-23,000038,41.27,6997649
2022-06-24,000038,41.03,9785339
2022-06-27,000038,40.53,3876293
2022-06-28,000038,41.06,3640276
2022-06-29,000038,40.49,9209587
2022-06-30,000038,41.24,3719277
2022-07-01,000038,40.1,9919585
2022-07-04,000038,40.68,1669304
2022-07-05,000038,40.9,2541969
2022-07-06,000038,41.37,5969873
2022-07-07,000038,40.6,6108529
2022-07-08,000038,40.14,4695372
2022-07-11,000038,40.91,3785129
2022-07-12,000038,40.14,2296114
2022-07-13,000038,39.12,5971075
2022-07-14,000038,38.44,7951061
2022-07-15,000038,39.37,6375735
2022-07-18,000038,38.81,6626598
2022-07-19,000038,38.15,6375530
2022-07-20,000038,37.39,8711886
2022-07-21,000038,38.44,5738780
2022-07-22,000038,37.83,7492517
2022-07-25,000038,37.84,3809517
2022-07-26,000038,36.84,5260513
2022-07-27,000038,37.51,2356527
2022-07-28,000038,38.14,5309958
2022-07-29,000038,37.48,1420858
2022-08-01,000038,37.37,1033357
2022-08-02,000038,36.39,9871685
2022-08-03,000038,36.17,9402727
2022-08-04,000038,37.06,9879261
2022-08-05,000038,37.21,4005761
2022-08-08,000038,37.75,6198380
2022-08-09,000038,38.7,2881360
2022-08-10,000038,38.93,8887095
2022-08-11,000038,39.93,4653694
2022-08-12,000038,38.79,1842362
2022-08-15,000038,37.82,1572366
2022-08-16,000038,37.05,4196659
2022-08-17,000038,36.04,7749274
2022-08-18,000038,36.55,4103097
2022-08-19,000038,36.51,2991090
2022-08-22,000038,36.27,5135070
2022-08-23,000038,35.79,4148490
2022-08-24,000038,36.65,9473441
2022-08-25,000038,36.62,6173573
2022-08-26,000038,35.88,7965166
2022-08-29,000038,36.59,3630627
2022-08-30,000038,37.45,1512531
2022-08-31,000038,38.39,3728717
2022-09-01,000038,37.65,5147890
2022-09-02,000038,37.21,5975186
2022-09-05,000038,37.05,5218712
2022-09-06,000038,36.05,6904296
2022-09-07,000038,35.42,6935106
2022-09-08,000038,34.61,9682602
2022-09-09,000038,33.97,7894562
2022-09-12,000038,33.76,3256194
2022-09-13,000038,33.66,6682175
2022-09-14,000038,32.96,3748185
2022-09-15,000038,32.7,7559272
2022-09-16,000038,32.47,9698688
2022-09-19,000038,32.64,3003210
2022-09-20,000038,32.45,6584545
2022-09-21,000038,33.39,3060115
2022-09-22,000038,34.35,9701219
2022-09-23,000038,35.24,2453429
2022-09-26,000038,35.43,6935701
2022-09-27,000038,36.05,6954262
2022-09-28,000038,36.16,3492390
2022-09-29,000038,36.26,9943503
2022-09-30,000038,36.84,6359736
2022-10-03,000038,37.25,6162114
2022-10-04,000038,37.81,8382477
2022-10-05,000038,38.51,6445151
2022-10-06,000038,39.66,4646178
2022-10-07,000038,39.74,7455078
2022-10-10,000038,40.43,4471471
2022-10-11,000038,40.47,3313239
2022-10-12,000038,39.31,2421482
2022-10-13,000038,40.05,6741142
2022-10-14,000038,40.4,5943555
2022-10-17,000038,39.76,5027136
2022-10-18,000038,39.1,7697105
2022-10-19,000038,38.44,3012385
2022-10-20,000038,39.04,2694980
2022-10-21,000038,38.38,5328823
2022-10-24,000038,38.61,8127874
2022-10-25,000038,38.19,7125289
2022-10-26,000038,37.93,8324031
2022-10-27,000038,36.99,6648850
2022-10-28,000038,36.2,3964763
2022-10-31,000038,36.18,6312011
2022-11-01,000038,37.26,7181296
2022-11-02,000038,36.55,1114170
2022-11-03,000038,35.93,9077328
2022-11-04,000038,36.4,2955641
2022-11-07,000038,35.46,9055609
2022-11-08,000038,34.98,4612236
2022-11-09,000038,34.41,4701118
2022-11-10,000038,35.05,7814144
2022-11-11,000038,35.0,5814251
2022-11-14,000038,34.98,6013687
2022-11-15,000038,35.73,9023142
2022-11-16,000038,36.52,9345943
2022-11-17,000038,37.3,1612431
2022-11-18,000038,38.32,9392664
2022-11-21,000038,37.46,7318052
2022-11-22,000038,36.91,8479306
2022-11-23,000038,36.2,2253774
2022-11-24,000038,35.43,1502023
2022-11-25,000038,36.33,6581314
2022-11-28,000038,37.39,9572104
2022-11-29,000038,37.0,2451230
2022-11-30,000038,36.99,3938476
2022-12-01,000038,36.24,9721426
2022-12-02,000038,35.44,1645169
2022-12-05,000038,35.51,2345583
2022-12-06,000038,34.5,5956098
2022-12-07,000038,34.43,5944107
2022-12-08,000038,34.15,4431456
2022-12-09,000038,34.51,8378179
2022-12-12,000038,34.57,3218981
2022-12-13,000038,34.62,6001526
2022-12-14,000038,34.07,3451794
2022-12-15,000038,34.42,9313368
2022-12-16,000038,34.8,2126232
2022-12-19,000038,34.65,2155639
2022-12-20,000038,35.37,3426171
2022-12-21,000038,35.19,3796839
2022-12-22,000038,35.27,3823044
2022-12-23,000038,34.8,6867761
2022-12-26,000038,35.06,8283045
2022-12-27,000038,34.57,5578000
2022-12-28,000038,34.24,9045447
2022-12-29,000038,34.98,6785135
2022-12-30,000038,34.71,6627545
2023-01-02,000038,35.38,3371499
2023-01-03,000038,35.03,9517988
2023-01-04,000038,35.66,5663731
2023-01-05,000038,35.62,3189208
2023-01-06,000038,34.7,7963091
2023-01-09,000038,35.66,6944897
2023-01-10,000038,36.68,5122244
2023-01-11,000038,36.14,7493208
2023-01-12,000038,36.51,9713748
2023-01-13,000038,36.74,9850459
2023-01-16,000038,36.05,2902334
2023-01-17,000038,35.92,9240101
2023-01-18,000038,35.21,3475570
2023-01-19,000038,35.31,8636495
2023-01-20,000038,35.53,4969187
2023-01-23,000038,36.22,9087735
2023-01-24,000038,36.21,6297419
2023-01-25,000038,36.02,3311446
2023-01-26,000038,35.55,3141951
2023-01-27,000038,36.46,9983676
2023-01-30,000038,35.59,1947567
2023-01-31,000038,36.17,2087009
2023-02-01,000038,36.96,6034413
2023-02-02,000038,37.22,3662529
2023-02-03,000038,38.01,5526193
2023-02-06,000038,38.47,9262121
2023-02-07,000038,39.27,4777982
2023-02-08,000038,39.89,1478223
2023-02-09,000038,39.21,3502580
2023-02-10,000038,39.85,8422757
2023-02-13,000038,40.18,9362724
2023-02-14,000038,41.22,7280145
2023-02-15,000038,42.38,2805918
2023-02-16,000038,42.24,6603211
2023-02-17,000038,42.87,1958406
2023-02-20,000038,43.19,8102756
2023-02-21,000038,43.72,6663037
2023-02-22,000038,42.57,3915930
2023-02-23,000038,42.37,7005439
2023-02-24,000038,41.96,5790887
2023-02-27,000038,42.7,3183685
2023-02-28,000038,43.39,5174766
2023-03-01,000038,42.16,6326170
2023-03-02,000038,43.18,2865049
2023-03-03,000038,42.86,8051336
2023-03-06,000038,43.17,7330786
2023-03-07,000038,44.45,7150556
2023-03-08,000038,44.15,2685854
2023-03-09,000038,44.46,7130751
2023-03-10,000038,45.15,6274006
2023-03-13,000038,45.22,3524993
2023-03-14,000038,44.31,5033941
2023-03-15,000038,44.54,4071819
2023-03-16,000038,44.13,1742528
2023-03-17,000038,44.61,1544920
2023-03-20,000038,44.21,9444097
2023-03-21,000038,43.33,4333383
2023-03-22,000038,43.16,7325182
2023-03-23,000038,43.53,3798950
2023-03-24,000038,44.47,6534032
2023-03-27,000038,45.12,2291599
2023-03-28,000038,46.16,4720844
2023-03-29,000038,47.07,8962383
2023-03-30,000038,47.98,3288474
2023-03-31,000038,47.14,9806578
2023-04-03,000038,46.45,6061432
2023-04-04,000038,45.66,5465313
2023-04-05,000038,47.02,2017624
2023-04-06,000038,46.66,8326113
2023-04-07,000038,45.95,8540583
2023-04-10,000038,45.52,3300203
2023-04-11,000038,46.81,8731049
2023-04-12,000038,47.16,4875665
2023-04-13,000038,46.06,8926271
2023-04-14,000038,46.53,8900935
2023-04-17,000038,46.33,2984363
2023-04-18,000038,47.66,2706524
2023-04-19,000038,48.32,7386270
2023-04-20,000038,47.69,3487029
2023-04-21,000038,47.92,6375502
2023-04-24,000038,49.34,7684576
2023-04-25,000038,50.22,5675373
2023-04-26,000038,51.01,8733702
2023-04-27,000038,50.12,6031909
2023-04-28,000038,51.34,3709010
2023-05-01,000038,50.79,9380849
2023-05-02,000038,52.09,4071692
2023-05-03,000038,53.4,3386488
2023-05-04,000038,54.72,3718588
2023-05-05,000038,53.46,5213272
2023-05-08,000038,54.98,9154979
2023-05-09,000038,55.3,8882170
2023-05-10,000038,55.49,9415250
2023-05-11,000038,55.72,3569807
2023-05-12,000038,56.4,9011772
2023-05-15,000038,56.53,5127295
2023-05-16,000038,55.18,5416256
2023-05-17,000038,56.31,9796077
2023-05-18,000038,56.31,8977615
2023-05-19,000038,55.94,4772182
2023-05-22,000038,56.52,8263431
2023-05-23,000038,56.81,6848568
2023-05-24,000038,55.99,6451904
2023-05-25,000038,55.33,3876503
2023-05-26,000038,56.92,3695943
2023-05-29,000038,55.4,6366112
2023-05-30,000038,55.04,1520721
2023-05-31,000038,54.32,3044592
2023-06-01,000038,54.24,7969208
2023-06-02,000038,54.52,2065780
2023-06-05,000038,54.28,5807523
2023-06-06,000038,55.77,3066305
2023-06-07,000038,55.86,6046364
2023-06-08,000038,54.48,1570169
2023-06-09,000038,54.4,4147339
2023-06-12,000038,52.88,3358477
2023-06-13,000038,53.36,8035948
2023-06-14,000038,52.57,5444566
2023-06-15,000038,51.21,7776415
2023-06-16,000038,51.74,5272074
2023-06-19,000038,51.8,5463427
2023-06-20,000038,52.14,5880599
2023-06-21,000038,51.17,1939229
2023-06-22,000038,51.01,6970017
2023-06-23,000038,50.36,1667252
2023-06-26,000038,49.98,3319110
2023-06-27,000038,48.69,5489615
2023-06-28,000038,49.73,8740340
2023-06-29,000038,50.56,2106944
2023-06-30,000038,49.61,3231809
2023-07-03,000038,49.53,8754310
2023-07-04,000038,50.85,1414721
2023-07-05,000038,51.91,1567621
2023-07-06,000038,50.41,8109170
2023-07-07,000038,50.32,2820920
2023-07-10,000038,50.15,3691822
2023-07-11,000038,51.36,3339007
2023-07-12,000038,51.88,1976282
2023-07-13,000038,52.1,1995147
2023-07-14,000038,50.57,1132996
2023-07-17,000038,50.89,9740539
2023-07-18,000038,51.58,8468403
2023-07-19,000038,50.38,9669926
2023-07-20,000038,49.0,5089136
2023-07-21,000038,50.05,7553040
2023-07-24,000038,50.33,4444404
2023-07-25,000038,51.46,8975958
2023-07-26,000038,50.97,7924052
2023-07-27,000038,50.57,9762540
2023-07-28,000038,52.04,6467372
2023-07-31,000038,52.2,8274501
2023-08-01,000038,51.67,5672817
2023-08-02,000038,51.57,3943152
2023-08-03,000038,52.85,7123083
2023-08-04,000038,52.99,1376071
2023-08-07,000038,54.1,6228446
2023-08-08,000038,55.57,4742187
2023-08-09,000038,56.77,6658237
2023-08-10,000038,56.23,9702339
2023-08-11,000038,55.08,7831428
2023-08-14,000038,54.69,6298642
2023-08-15,000038,54.37,1048214
2023-08-16,000038,55.15,2560508
2023-08-17,000038,55.26,9399851
2023-08-18,000038,56.44,9036024
2023-08-21,000038,55.4,6561227
2023-08-22,000038,56.15,6813881
2023-08-23,000038,54.92,8592449
2023-08-24,000038,53.66,9223371
2023-08-25,000038,52.88,4404011
2023-08-28,000038,53.76,1715862
2023-08-29,000038,53.03,6188397
2023-08-30,000038,52.06,1828311
2023-08-31,000038,52.51,2011266
2023-09-01,000038,52.66,2250042
2023-09-04,000038,51.94,2509982
2023-09-05,000038,51.65,6474958
2023-09-06,000038,50.19,2461266
2023-09-07,000038,49.53,3650317
2023-09-08,000038,48.67,2883611
2023-09-11,000038,48.76,9946913
2023-09-12,000038,50.1,5129400
2023-09-13,000038,50.1,2415927
2023-09-14,000038,50.78,1376800
2023-09-15,000038,51.76,9776257
2023-09-18,000038,51.94,9553794
2023-09-19,000038,52.34,2569226
2023-09-20,000038,53.03,1718389
2023-09-21,000038,53.36,1042704
2023-09-22,000038,51.94,9614956
2023-09-25,000038,51.23,4271166
2023-09-26,000038,50.55,5773739
2023-09-27,000038,51.22,9799371
2023-09-28,000038,50.11,3145121
2023-09-29,000038,51.03,4477882
2023-10-02,000038,50.02,6607661
2023-10-03,000038,49.65,5896625
2023-10-04,000038,48.57,4989387
2023-10-05,000038,47.58,8075713
2023-10-06,000038,48.19,1043210
2023-10-09,000038,47.44,1315609
2023-10-10,000038,47.83,2038607
2023-10-11,000038,48.28,9997663
2023-10-12,000038,49.36,4736578
2023-10-13,000038,49.69,4489408
2023-10-16,000038,48.65,3268271
2023-10-17,000038,48.75,7889964
2023-10-18,000038,49.72,6446467
2023-10-19,000038,50.29,7195407
2023-10-20,000038,50.42,3421259
2023-10-23,000038,50.32,4288862
2023-10-24,000038,51.77,1632165
2023-10-25,000038,51.36,7652783
2023-10-26,000038,52.87,5120470
2023-10-27,000038,53.09,4514693
2023-10-30,000038,54.3,1122739
2023-10-31,000038,54.94,5985309
2023-11-01,000038,54.17,3265801
2023-11-02,000038,54.29,9572701
2023-11-03,000038,54.17,1318497
2023-11-06,000038,53.69,6369108
2023-11-07,000038,54.56,2660058
2023-11-08,000038,53.3,8619880
2023-11-09,000038,51.7,8761116
2023-11-10,000038,53.15,8788229
2023-11-13,000038,52.7,1041292
2023-11-14,000038,51.38,7886301
2023-11-15,000038,51.53,1655892
2023-11-16,000038,51.24,5832013
2023-11-17,000038,50.03,3193637
2023-11-20,000038,48.62,3157306
2023-11-21,000038,49.43,9260709
2023-11-22,000038,48.27,2072035
2023-11-23,000038,47.96,7929969
2023-11-24,000038,48.86,3423158
2023-11-27,000038,47.48,5711866
2023-11-28,000038,47.61,6961388
2023-11-29,000038,46.89,6396699
2023-11-30,000038,46.76,7644060
2023-12-01,000038,45.89,1945518
2022-01-03,000039,51.14,3419918
2022-01-04,000039,50.86,7749744
2022-01-05,000039,51.39,5695146
2022-01-06,000039,52.43,9156827
2022-01-07,000039,53.46,7011638
2022-01-10,000039,52.25,1157788
2022-01-11,000039,53.27,6599431
2022-01-12,000039,53.57,3443795
2022-01-13,000039,52.43,8639790
2022-01-14,000039,51.91,9385361
2022-01-17,000039,50.42,2454715
2022-01-18,000039,49.82,3089516
2022-01-19,000039,49.4,6049312
2022-01-20,000039,50.59,9439950
2022-01-21,000039,50.52,2751789
2022-01-24,000039,52.04,7605336
2022-01-25,000039,53.48,7690236
2022-01-26,000039,54.49,8825020
2022-01-27,000039,54.1,8395802
2022-01-28,000039,54.41,3576157
2022-01-31,000039,53.37,2387624
2022-02-01,000039,52.54,3467172
2022-02-02,000039,52.84,6159658
2022-02-03,000039,51.43,5543984
2022-02-04,000039,52.89,4888538
2022-02-07,000039,52.81,2880879
2022-02-08,000039,52.85,2332603
2022-02-09,000039,52.92,5400672
2022-02-10,000039,52.62,1420268
2022-02-11,000039,53.33,9181601
2022-02-14,000039,54.93,3476229
2022-02-15,000039,54.64,5793255
2022-02-16,000039,53.86,4500695
2022-02-17,000039,54.17,3799798
2022-02-18,000039,55.12,4460674
2022-02-21,000039,55.31,8484426
2022-02-22,000039,56.53,9965413
2022-02-23,000039,57.71,7200853
2022-02-24,000039,57.88,9344473
2022-02-25,000039,56.14,6341908
2022-02-28,000039,55.99,5712275
2022-03-01,000039,56.08,6349045
2022-03-02,000039,54.48,4672389
2022-03-03,000039,53.83,1607482
2022-03-04,000039,52.64,4100300
2022-03-07,000039,51.54,8375539
2022-03-08,000039,51.13,3755728
2022-03-09,000039,51.89,3112400
2022-03-10,000039,52.11,2884775
2022-03-11,000039,52.92,3472626
2022-03-14,000039,53.95,7145572
2022-03-15,000039,54.87,7144185
2022-03-16,000039,54.9,7561746
2022-03-17,000039,54.7,6406808
2022-03-18,000039,55.95,9376111
2022-03-21,000039,56.65,5503192
2022-03-22,000039,56.2,4067351
2022-03-23,000039,55.49,4616295
2022-03-24,000039,54.16,3033844
2022-03-25,000039,54.08,7590683
2022-03-28,000039,54.82,8904702
2022-03-29,000039,54.52,8703338
2022-03-30,000039,55.69,9458930
2022-03-31,000039,54.27,6414927
2022-04-01,000039,54.55,1054052
2022-04-04,000039,55.94,8121468
2022-04-05,000039,57.23,3598096
2022-04-06,000039,57.69,1793652
2022-04-07,000039,56.56,7962098
2022-04-08,000039,57.38,8827119
2022-04-11,000039,56.59,2905288
2022-04-12,000039,55.69,6289719
2022-04-13,000039,57.28,4642874
2022-04-14,000039,58.9,8479163
2022-04-15,000039,60.16,3274826
2022-04-18,000039,59.91,4592366
2022-04-19,000039,58.15,7490356
2022-04-20,000039,57.34,3420574
2022-04-21,000039,55.66,1046904
2022-04-22,000039,55.09,4423842
2022-04-25,000039,53.77,6550417
2022-04-26,000039,52.34,1869011
2022-04-27,000039,53.48,6213448
2022-04-28,000039,54.8,9100202
2022-04-29,000039,53.96,3497832
2022-05-02,000039,52.78,7799383
2022-05-03,000039,52.58,9411771
2022-05-04,000039,52.41,3223667
2022-05-05,000039,52.68,3577433
2022-05-06,000039,51.53,4952921
2022-05-09,000039,50.13,1931586
2022-05-10,000039,48.67,6353947
2022-05-11,000039,48.57,4684202
2022-05-12,000039,49.35,4003135
2022-05-13,000039,49.47,1321114
2022-05-16,000039,49.99,2474532
2022-05-17,000039,48.78,4052155
2022-05-18,000039,49.55,6991806
2022-05-19,000039,50.26,7752827
2022-05-20,000039,49.94,8084967
2022-05-23,000039,49.23,2130338
2022-05-24,000039,49.93,7982399
2022-05-25,000039,49.89,6083020
2022-05-26,000039,48.87,2231023
2022-05-27,000039,49.67,8950540
2022-05-30,000039,48.22,4510545
2022-05-31,000039,48.25,5636787
2022-06-01,000039,48.15,4559171
2022-06-02,000039,47.89,7367359
2022-06-03,000039,48.42,2071109
2022-06-06,000039,48.46,1892192
2022-06-07,000039,48.77,2451429
2022-06-08,000039,48.14,2987964
2022-06-09,000039,48.86,2460369
2022-06-10,000039,48.51,4669534
2022-06-13,000039,47.18,4224241
2022-06-14,000039,47.52,6841182
2022-06-15,000039,46.46,5758557
2022-06-16,000039,47.69,4832482
2022-06-17,000039,46.64,7110386
2022-06-20,000039,46.19,2204324
2022-06-21,000039,44.93,5141228
2022-06-22,000039,45.7,5283346
2022-06-23,000039,45.76,3891506
2022-06-24,000039,46.0,9920921
2022-06-27,000039,46.12,1296448
2022-06-28,000039,45.47,2535546
2022-06-29,000039,44.26,1987607
2022-06-30,000039,44.53,5131499
2022-07-01,000039,43.79,5624340
2022-07-04,000039,44.74,9356696
2022-07-05,000039,44.17,7269407
2022-07-06,000039,44.68,6318363
2022-07-07,000039,43.95,4551338
2022-07-08,000039,45.04,3048333
2022-07-11,000039,45.43,5871652
2022-07-12,000039,46.43,8793887
2022-07-13,000039,45.53,3185717
2022-07-14,000039,44.35,4579448
2022-07-15,000039,43.95,9162035
2022-07-18,000039,43.57,2049913
2022-07-19,000039,44.56,6415777
2022-07-20,000039,45.54,8813210
2022-07-21,000039,44.34,4381210
2022-07-22,000039,45.56,7076253
2022-07-25,000039,46.53,6216317
2022-07-26,000039,45.54,8893299
2022-07-27,000039,46.86,3007378
2022-07-28,000039,46.63,6032415
2022-07-29,000039,47.05,5657575
2022-08-01,000039,46.26,6735365
2022-08-02,000039,46.55,9536107
2022-08-03,000039,46.09,1807816
2022-08-04,000039,44.92,2400565
2022-08-05,000039,45.41,2038513
2022-08-08,000039,45.81,2124975
2022-08-09,000039,45.26,4028304
2022-08-10,000039,46.08,5440869
2022-08-11,000039,46.86,9354432
2022-08-12,000039,46.62,6069251
2022-08-15,000039,47.18,2267361
2022-08-16,000039,47.06,8803556
2022-08-17,000039,46.92,1203701
2022-08-18,000039,47.73,5177023
2022-08-19,000039,47.09,6354935
2022-08-22,000039,48.39,4466649
2022-08-23,000039,48.85,8508671
2022-08-24,000039,48.07,5973438
2022-08-25,000039,48.47,5588082
2022-08-26,000039,49.4,7727433
2022-08-29,000039,50.29,2402006
2022-08-30,000039,51.1,1717182
2022-08-31,000039,52.37,1215192
2022-09-01,000039,51.51,5214172
2022-09-02,000039,51.59,6956456
2022-09-05,000039,52.03,5558568
2022-09-06,000039,52.14,7603445
2022-09-07,000039,51.77,1474774
2022-09-08,000039,51.33,3381670
2022-09-09,000039,52.81,1764182
2022-09-12,000039,53.21,3674699
2022-09-13,000039,51.69,8646628
2022-09-14,000039,50.79,6480528
2022-09-15,000039,51.77,5385935
2022-09-16,000039,53.16,8964397
2022-09-19,000039,52.12,8740571
2022-09-20,000039,51.84,8392672
2022-09-21,000039,52.62,9995014
2022-09-22,000039,51.51,2629996
2022-09-23,000039,50.14,7948191
2022-09-26,000039,50.12,1179570
2022-09-27,000039,49.25,4290107
2022-09-28,000039,48.53,6009610
2022-09-29,000039,47.32,1627324
2022-09-30,000039,46.03,2285135
2022-10-03,000039,45.43,6919698
2022-10-04,000039,45.75,4039969
2022-10-05,000039,46.77,7191339
2022-10-06,000039,46.83,4292727
2022-10-07,000039,46.28,3527470
2022-10-10,000039,47.12,4292698
2022-10-11,000039,46.16,5870361
2022-10-12,000039,45.45,5378097
2022-10-13,000039,44.86,5961262
2022-10-14,000039,44.2,8416211
2022-10-17,000039,44.73,2439028
2022-10-18,000039,45.79,3766911
2022-10-19,000039,44.89,6274863
2022-10-20,000039,43.79,7853103
2022-10-21,000039,42.63,5690928
2022-10-24,000039,43.42,5325433
2022-10-25,000039,42.37,8847452
2022-10-26,000039,41.56,9448373
2022-10-27,000039,41.61,5809958
2022-10-28,000039,42.22,2645310
2022-10-31,000039,42.09,3958739
2022-11-01,000039,41.72,6437797
2022-11-02,000039,42.86,4351824
2022-11-03,000039,43.19,6765623
2022-11-04,000039,42.06,9963974
2022-11-07,000039,41.55,3154009
2022-11-08,000039,41.88,4648755
2022-11-09,000039,42.83,3000365
2022-11-10,000039,42.77,7041449
2022-11-11,000039,41.66,2414763
2022-11-14,000039,41.73,1935729
2022-11-15,000039,41.08,2318108
2022-11-16,000039,41.71,3164380
2022-11-17,000039,41.21,2799996
2022-11-18,000039,41.54,1640152
2022-11-21,000039,41.11,4229564
2022-11-22,000039,41.96,1160114
2022-11-23,000039,42.62,5411785
2022-11-24,000039,42.5,9913547
2022-11-25,000039,43.57,4281224
2022-11-28,000039,42.44,4451457
2022-11-29,000039,41.84,5528367
2022-11-30,000039,41.31,7820299
2022-12-01,000039,40.44,4774746
2022-12-02,000039,40.17,1343918
2022-12-05,000039,39.45,2765181
2022-12-06,000039,40.18,4638362
2022-12-07,000039,41.15,7144633
2022-12-08,000039,41.55,4445840
2022-12-09,000039,40.41,5194134
2022-12-12,000039,40.96,1521230
2022-12-13,000039,41.44,4747690
2022-12-14,000039,41.68,8645330
2022-12-15,000039,41.14,1157808
2022-12-16,000039,41.45,4200118
2022-12-19,000039,42.54,7611373
2022-12-20,000039,43.17,9003151
2022-12-21,000039,43.54,2030536
2022-12-22,000039,43.08,7332201
2022-12-23,000039,43.73,6115624
2022-12-26,000039,44.27,9004115
2022-12-27,000039,43.51,9605347
2022-12-28,000039,42.38,4255438
2022-12-29,000039,41.54,6528837
2022-12-30,000039,42.2,6306160
2023-01-02,000039,41.16,6447670
2023-01-03,000039,41.71,1505104
2023-01-04,000039,42.8,9942463
2023-01-05,000039,42.51,6852453
2023-01-06,000039,43.14,7652102
2023-01-09,000039,44.23,6272767
2023-01-10,000039,42.99,8279989
2023-01-11,000039,44.23,8239665
2023-01-12,000039,44.45,1824577
2023-01-13,000039,43.49,6773114
2023-01-16,000039,43.45,3949547
2023-01-17,000039,44.68,3022522
2023-01-18,000039,44.98,3993977
2023-01-19,000039,45.32,4000513
2023-01-20,000039,46.02,9767357
2023-01-23,000039,47.04,2876267
2023-01-24,000039,48.11,4344243
2023-01-25,000039,48.98,7168394
2023-01-26,000039,48.03,2172444
2023-01-27,000039,46.87,5747590
2023-01-30,000039,45.68,6315226
2023-01-31,000039,45.84,4338277
2023-02-01,000039,46.82,7248413
2023-02-02,000039,47.17,1278312
2023-02-03,000039,48.54,3815735
2023-02-06,000039,47.09,6319340
2023-02-07,000039,47.87,6372962
2023-02-08,000039,48.49,5472856
2023-02-09,000039,47.67,8259973
2023-02-10,000039,46.86,5042653
2023-02-13,000039,47.93,8938157
2023-02-14,000039,47.09,9647862
2023-02-15,000039,45.84,6894157
2023-02-16,000039,46.34,2607857
2023-02-17,000039,46.64,1388087
2023-02-20,000039,45.94,6632268
2023-02-21,000039,47.17,9754094
2023-02-22,000039,45.84,1550999
2023-02-23,000039,47.13,4992842
2023-02-24,000039,46.73,1851115
2023-02-27,000039,47.32,7119358
2023-02-28,000039,46.46,9015304
2023-03-01,000039,45.14,1311618
2023-03-02,000039,45.16,2002415
2023-03-03,000039,45.38,4356826
2023-03-06,000039,46.28,6223770
2023-03-07,000039,47.49,5713853
2023-03-08,000039,46.8,6056414
2023-03-09,000039,47.98,2013453
2023-03-10,000039,49.19,2944531
2023-03-13,000039,48.86,4575837
2023-03-14,000039,50.06,5932367
2023-03-15,000039,51.52,2483826
2023-03-16,000039,52.99,4662514
2023-03-17,000039,51.43,7690455
2023-03-20,000039,50.62,3893725
2023-03-21,000039,49.25,9229816
2023-03-22,000039,49.91,7169937
2023-03-23,000039,48.58,1835353
2023-03-24,000039,49.61,4731379
2023-03-27,000039,50.42,6171118
2023-03-28,000039,51.08,4084184
2023-03-29,000039,49.61,3419810
2023-03-30,000039,50.42,6787345
2023-03-31,000039,50.96,9574448
2023-04-03,000039,50.45,7230801
2023-04-04,000039,51.36,7979626
2023-04-05,000039,51.92,9397493
2023-04-06,000039,52.29,3085998
2023-04-07,000039,52.9,5745315
2023-04-10,000039,51.71,8772629
2023-04-11,000039,53.13,9598163
2023-04-12,000039,53.18,5137445
2023-04-13,000039,53.1,5451454
2023-04-14,000039,53.61,7660681
2023-04-17,000039,53.51,3116312
2023-04-18,000039,52.68,5417308
2023-04-19,000039,52.1,8036039
2023-04-20,000039,50.72,7304697
2023-04-21,000039,49.68,9098335
2023-04-24,000039,50.09,9458126
2023-04-25,000039,50.93,4149742
2023-04-26,000039,51.48,8174252
2023-04-27,000039,50.13,6282023
2023-04-28,000039,48.65,5777349
2023-05-01,000039,48.75,2143453
2023-05-02,000039,49.97,4394222
2023-05-03,000039,50.24,5351166
2023-05-04,000039,49.57,1753516
2023-05-05,000039,48.09,1226711
2023-05-08,000039,49.26,9498791
2023-05-09,000039,48.38,7419471
2023-05-10,000039,48.35,2749398
2023-05-11,000039,46.94,4603631
2023-05-12,000039,46.75,7267416
2023-05-15,000039,46.39,4432382
2023-05-16,000039,47.76,9118973
2023-05-17,000039,47.48,7320371
2023-05-18,000039,46.79,2339656
2023-05-19,000039,46.25,3040127
2023-05-22,000039,46.32,4207954
2023-05-23,000039,45.92,4126576
2023-05-24,000039,44.87,9376492
2023-05-25,000039,45.02,8579631
2023-05-26,000039,45.04,1441059
2023-05-29,000039,44.37,6213883
2023-05-30,000039,43.39,4413729
2023-05-31,000039,43.03,1017004
2023-06-01,000039,42.54,2816113
2023-06-02,000039,43.57,6888915
2023-06-05,000039,44.22,9159480
2023-06-06,000039,43.7,9125208
2023-06-07,000039,43.49,6930530
2023-06-08,000039,42.41,3659237
2023-06-09,000039,42.75,2440125
2023-06-12,000039,41.95,9605065
2023-06-13,000039,41.46,5269036
2023-06-14,000039,41.4,8204466
2023-06-15,000039,40.81,2462924
2023-06-16,000039,41.42,6944869
2023-06-19,000039,40.29,3743714
2023-06-20,000039,39.68,2463434
2023-06-21,000039,40.43,1018481
2023-06-22,000039,40.2,4691775
2023-06-23,000039,40.96,6668080
2023-06-26,000039,41.98,1015935
2023-06-27,000039,41.76,8194435
2023-06-28,000039,42.0,7361286
2023-06-29,000039,41.36,3509259
2023-06-30,000039,40.41,2409802
2023-07-03,000039,41.12,3723540
2023-07-04,000039,40.76,8697003
2023-07-05,000039,40.38,9047934
2023-07-06,000039,41.43,3266154
2023-07-07,000039,41.53,4615239
2023-07-10,000039,41.21,9025061
2023-07-11,000039,41.71,3301797
2023-07-12,000039,41.12,8544498
2023-07-13,000039,40.31,9479603
2023-07-14,000039,39.34,9186317
2023-07-17,000039,38.29,6187852
2023-07-18,000039,38.23,6451796
2023-07-19,000039,37.72,5124257
2023-07-20,000039,37.87,3953506
2023-07-21,000039,37.75,2537992
2023-07-24,000039,37.06,8369484
2023-07-25,000039,36.83,9125417
2023-07-26,000039,35.84,2903700
2023-07-27,000039,36.23,8137943
2023-07-28,000039,37.3,7953708
2023-07-31,000039,36.55,2245720
2023-08-01,000039,36.64,6279253
2023-08-02,000039,36.19,5322144
2023-08-03,000039,35.62,1193481
2023-08-04,000039,36.46,8753051
2023-08-07,000039,36.99,4165362
2023-08-08,000039,36.1,7827021
2023-08-09,000039,36.35,2252853
2023-08-10,000039,37.31,3973805
2023-08-11,000039,36.24,7199587
2023-08-14,000039,36.77,5584329
2023-08-15,000039,36.73,7822392
2023-08-16,000039,36.76,2920323
2023-08-17,000039,36.37,6284778
2023-08-18,000039,36.02,6639209
2023-08-21,000039,35.35,2759560
2023-08-22,000039,35.84,4107700
2023-08-23,000039,36.14,8922686
2023-08-24,000039,36.99,7773266
2023-08-25,000039,37.08,6696957
2023-08-28,000039,38.12,3714786
2023-08-29,000039,39.04,6538821
2023-08-30,000039,38.11,6529424
2023-08-31,000039,38.56,7540570
2023-09-01,000039,37.76,6917447
2023-09-04,000039,37.15,9675293
2023-09-05,000039,37.4,1019539
2023-09-06,000039,38.46,5784047
2023-09-07,000039,39.53,4546327
2023-09-08,000039,39.0,6238782
2023-09-11,000039,37.99,2423433
2023-09-12,000039,37.95,3735788
2023-09-13,000039,38.02,9009437
2023-09-14,000039,37.28,3061479
2023-09-15,000039,37.21,6543772
2023-09-18,000039,36.81,8644027
2023-09-19,000039,36.25,9795105
2023-09-20,000039,35.26,7658746
2023-09-21,000039,35.51,7671732
2023-09-22,000039,36.49,8684796
2023-09-25,000039,37.5,1015106
2023-09-26,000039,38.35,8511964
2023-09-27,000039,37.6,1582381
2023-09-28,000039,37.01,9980867
2023-09-29,000039,36.16,8978375
2023-10-02,000039,36.74,2765886
2023-10-03,000039,37.0,7724445
2023-10-04,000039,36.09,7807961
2023-10-05,000039,35.94,5652636
2023-10-06,000039,36.98,4218874
2023-10-09,000039,37.64,1167228
2023-10-10,000039,36.88,1415375
2023-10-11,000039,37.12,2838541
2023-10-12,000039,37.63,6365078
2023-10-13,000039,38.74,4829146
2023-10-16,000039,38.32,6605491
2023-10-17,000039,37.27,5138685
2023-10-18,000039,37.87,4903829
2023-10-19,000039,37.27,1594017
2023-10-20,000039,36.38,3892200
2023-10-23,000039,36.32,7125264
2023-10-24,000039,35.85,7937799
2023-10-25,000039,35.04,8325385
2023-10-26,000039,35.21,7111620
2023-10-27,000039,35.16,8619050
2023-10-30,000039,35.73,9054739
2023-10-31,000039,35.43,3112996
2023-11-01,000039,36.45,2532756
2023-11-02,000039,35.5,7104918
2023-11-03,000039,34.65,6183383
2023-11-06,000039,34.23,8046260
2023-11-07,000039,33.64,1000984
2023-11-08,000039,33.39,8123957
2023-11-09,000039,33.51,1338591
2023-11-10,000039,32.96,7337622
2023-11-13,000039,32.47,9539271
2023-11-14,000039,32.28,9946343
2023-11-15,000039,31.48,1511784
2023-11-16,000039,31.18,5015424
2023-11-17,000039,31.02,9516871
2023-11-20,000039,30.3,9096568
2023-11-21,000039,29.4,5050906
2023-11-22,000039,29.18,4334247
2023-11-23,000039,28.88,4717050
2023-11-24,000039,28.32,8105500
2023-11-27,000039,28.45,5765922
2023-11-28,000039,29.13,3083358
2023-11-29,000039,29.95,1478299
2023-11-30,000039,29.25,3193899
2023-12-01,000039,29.8,7209258
2022-01-03,000040,51.41,2264150
2022-01-04,000040,50.16,6893844
2022-01-05,000040,51.41,5866124
2022-01-06,000040,52.36,8766403
2022-01-07,000040,53.55,2698677
2022-01-10,000040,52.42,6623447
2022-01-11,000040,51.84,4168505
2022-01-12,000040,50.43,7511139
2022-01-13,000040,51.91,3728947
2022-01-14,000040,52.81,9880391
2022-01-17,000040,53.39,5582050
2022-01-18,000040,53.35,8717832
2022-01-19,000040,52.0,7384891
2022-01-20,000040,52.27,3113876
2022-01-21,000040,50.87,7324489
2022-01-24,000040,49.74,3176632
2022-01-25,000040,48.85,7152051
2022-01-26,000040,49.59,4658118
2022-01-27,000040,48.72,6734883
2022-01-28,000040,49.51,5116943
2022-01-31,000040,49.23,2210523
2022-02-01,000040,49.96,3791929
2022-02-02,000040,49.3,7637826
2022-02-03,000040,49.61,7167226
2022-02-04,000040,50.49,5590155
2022-02-07,000040,51.66,4777337
2022-02-08,000040,51.14,3532088
2022-02-09,000040,51.75,7508871
2022-02-10,000040,51.28,5566394
2022-02-11,000040,52.04,5760819
2022-02-14,000040,52.73,1138789
2022-02-15,000040,51.45,8550536
2022-02-16,000040,51.37,5561467
2022-02-17,000040,50.1,3224399
2022-02-18,000040,49.87,7989492
2022-02-21,000040,51.09,4271185
2022-02-22,000040,49.74,2602596
2022-02-23,000040,49.93,2630147
2022-02-24,000040,51.35,6692154
2022-02-25,000040,52.45,1252899
2022-02-28,000040,53.63,3110081
2022-03-01,000040,54.58,7994055
2022-03-02,000040,53.82,2496705
2022-03-03,000040,54.79,1337725
2022-03-04,000040,55.96,5833212
2022-03-07,000040,57.42,6023264
2022-03-08,000040,55.7,1930794
2022-03-09,000040,55.51,9754101
2022-03-10,000040,53.87,5693140
2022-03-11,000040,53.94,5238124
2022-03-14,000040,55.26,9775424
2022-03-15,000040,56.78,3787010
2022-03-16,000040,58.09,1252869
2022-03-17,000040,57.18,2030299
2022-03-18,000040,57.82,7856501
2022-03-21,000040,58.93,2101789
2022-03-22,000040,59.11,8149539
2022-03-23,000040,57.4,2418856
2022-03-24,000040,55.9,7460715
2022-03-25,000040,55.63,6693219
2022-03-28,000040,54.01,9408960
2022-03-29,000040,53.97,7176189
2022-03-30,000040,55.34,2138060
2022-03-31,000040,55.42,2886534
2022-04-01,000040,54.82,5613544
2022-04-04,000040,54.31,3734702
2022-04-05,000040,54.25,1811685
2022-04-06,000040,54.86,7175612
2022-04-07,000040,55.45,8416871
2022-04-08,000040,55.66,5931697
2022-04-11,000040,54.19,2275023
2022-04-12,000040,55.27,7056247
2022-04-13,000040,55.58,9443459
2022-04-14,000040,55.7,2758856
2022-04-15,000040,56.5,8147428
2022-04-18,000040,57.76,1557219
2022-04-19,000040,58.33,4314599
2022-04-20,000040,59.64,4147193
2022-04-21,000040,60.68,3514644
2022-04-22,000040,61.62,9890518
2022-04-25,000040,62.27,8696683
2022-04-26,000040,61.5,4050599
2022-04-27,000040,62.09,3350754
2022-04-28,000040,63.4,6662806
2022-04-29,000040,62.85,5908135
2022-05-02,000040,63.93,8647884
2022-05-03,000040,65.67,9240955
2022-05-04,000040,66.82,1110609
2022-05-05,000040,68.65,3088776
2022-05-06,000040,69.97,7860722
2022-05-09,000040,70.16,1710586
2022-05-10,000040,71.31,9574666
2022-05-11,000040,69.25,1468627
2022-05-12,000040,68.28,8726127
2022-05-13,000040,66.92,3042515
2022-05-16,000040,67.61,3596113
2022-05-17,000040,66.16,8115831
2022-05-18,000040,66.24,3120322
2022-05-19,000040,65.73,7933045
2022-05-20,000040,65.04,6716079
2022-05-23,000040,64.65,8216404
2022-05-24,000040,63.01,4383674
2022-05-25,000040,63.14,4623782
2022-05-26,000040,61.65,8137559
2022-05-27,000040,62.35,2862021
2022-05-30,000040,61.87,9013057
2022-05-31,000040,62.24,9208797
2022-06-01,000040,61.19,8290438
2022-06-02,000040,61.7,4577688
2022-06-03,000040,63.01,6681801
2022-06-06,000040,61.73,4982696
2022-06-07,000040,60.78,2401747
2022-06-08,000040,59.29,6462514
2022-06-09,000040,60.3,2935642
2022-06-10,000040,60.09,7256897
2022-06-13,000040,60.27,6656442
2022-06-14,000040,61.14,2822629
2022-06-15,000040,60.87,6961462
2022-06-16,000040,61.64,3630271
2022-06-17,000040,61.62,9485974
2022-06-20,000040,62.77,5002883
2022-06-21,000040,62.79,1083870
2022-06-22,000040,64.41,5967689
2022-06-23,000040,64.8,5135951
2022-06-24,000040,66.04,9156162
2022-06-27,000040,65.5,3102817
2022-06-28,000040,63.98,5195411
2022-06-29,000040,62.24,6750714
2022-06-30,000040,63.84,6306763
2022-07-01,000040,63.24,8139363
2022-07-04,000040,63.7,8375173
2022-07-05,000040,62.1,9692043
2022-07-06,000040,63.25,8383867
2022-07-07,000040,64.62,7539209
2022-07-08,000040,64.82,5910694
2022-07-11,000040,64.99,6222244
2022-07-12,000040,65.96,8736170
2022-07-13,000040,64.94,3178074
2022-07-14,000040,65.26,7268440
2022-07-15,000040,64.55,9288615
2022-07-18,000040,65.28,8699012
2022-07-19,000040,63.97,9516091
2022-07-20,000040,64.97,6124229
2022-07-21,000040,66.36,4580280
2022-07-22,000040,64.65,7786515
2022-07-25,000040,63.41,2444836
2022-07-26,000040,64.87,4318673
2022-07-27,000040,64.75,7470288
2022-07-28,000040,64.51,5729674
2022-07-29,000040,65.48,4066288
2022-08-01,000040,64.76,9220424
2022-08-02,000040,63.72,1451202
2022-08-03,000040,63.52,1630596
2022-08-04,000040,62.51,8710202
2022-08-05,000040,61.71,4809035
2022-08-08,000040,62.32,8949017
2022-08-09,000040,61.41,1682141
2022-08-10,000040,60.57,1018172
2022-08-11,000040,61.18,1631649
2022-08-12,000040,62.83,4583844
2022-08-15,000040,63.49,5173368
2022-08-16,000040,65.14,7364525
2022-08-17,000040,64.71,1151875
2022-08-18,000040,65.8,9773443
2022-08-19,000040,67.56,2864299
2022-08-22,000040,68.37,9246805
2022-08-23,000040,69.77,8886519
2022-08-24,000040,70.79,9292381
2022-08-25,000040,68.98,8996004
2022-08-26,000040,66.97,7226432
2022-08-29,000040,68.67,2801850
2022-08-30,000040,67.2,3397970
2022-08-31,000040,67.47,3470437
2022-09-01,000040,67.48,2380188
2022-09-02,000040,67.16,5251670
2022-09-05,000040,69.01,9391240
2022-09-06,000040,70.23,1436985
2022-09-07,000040,71.87,8701504
2022-09-08,000040,72.66,4506272
2022-09-09,000040,70.59,4900401
2022-09-12,000040,69.12,6894521
2022-09-13,000040,70.87,8442781
2022-09-14,000040,70.87,5499024
2022-09-15,000040,72.27,2347989
2022-09-16,000040,70.18,3082285
2022-09-19,000040,68.79,6677097
2022-09-20,000040,67.01,9723902
2022-09-21,000040,66.53,7543307
2022-09-22,000040,68.14,2456071
2022-09-23,000040,69.88,2555834
2022-09-26,000040,70.72,5600322
2022-09-27,000040,68.93,6054329
2022-09-28,000040,68.07,3449306
2022-09-29,000040,67.19,4330618
2022-09-30,000040,65.67,3027427
2022-10-03,000040,66.22,6034736
2022-10-04,000040,66.29,2302403
2022-10-05,000040,66.43,7957927
2022-10-06,000040,67.02,8654317
2022-10-07,000040,67.64,4680946
2022-10-10,000040,68.28,2299929
2022-10-11,000040,68.03,4991900
2022-10-12,000040,69.92,7328458
2022-10-13,000040,68.49,3195588
2022-10-14,000040,68.04,6889800
2022-10-17,000040,66.33,8994915
2022-10-18,000040,67.18,1786490
2022-10-19,000040,66.49,3059304
2022-10-20,000040,68.25,6111013
2022-10-21,000040,68.49,5869272
2022-10-24,000040,70.15,2833332
2022-10-25,000040,68.05,7205102
2022-10-26,000040,67.54,1270725
2022-10-27,000040,69.31,2539321
2022-10-28,000040,68.45,3975570
2022-10-31,000040,66.94,7709003
2022-11-01,000040,67.5,1107881
2022-11-02,000040,69.09,1902508
2022-11-03,000040,67.96,8427967
2022-11-04,000040,67.39,4909227
2022-11-07,000040,67.94,1574565
2022-11-08,000040,67.68,3975922
2022-11-09,000040,66.89,4379709
2022-11-10,000040,66.71,5657423
2022-11-11,000040,66.27,7034757
2022-11-14,000040,65.54,6668452
2022-11-15,000040,65.57,7303456
2022-11-16,000040,65.14,8053924
2022-11-17,000040,64.56,3415272
2022-11-18,000040,65.25,9595042
2022-11-21,000040,65.0,3631934
2022-11-22,000040,63.13,4906440
2022-11-23,000040,62.22,7536653
2022-11-24,000040,60.42,9801733
2022-11-25,000040,61.12,2245449
2022-11-28,000040,62.0,9915375
2022-11-29,000040,62.5,8683602
2022-11-30,000040,61.92,3608630
2022-12-01,000040,60.49,2678052
2022-12-02,000040,61.59,2091787
2022-12-05,000040,63.01,1274243
2022-12-06,000040,62.99,6798242
2022-12-07,000040,62.01,6289990
2022-12-08,000040,61.37,1363524
2022-12-09,000040,60.16,2580370
2022-12-12,000040,59.12,4496779
2022-12-13,000040,58.93,2821013
2022-12-14,000040,57.62,4248159
2022-12-15,000040,55.95,9129845
2022-12-16,000040,54.84,5285884
2022-12-19,000040,53.69,3014501
2022-12-20,000040,54.2,7573806
2022-12-21,000040,55.74,6747134
2022-12-22,000040,55.93,8563998
2022-12-23,000040,56.52,8495156
2022-12-26,000040,55.21,8502738
2022-12-27,000040,55.89,2475118
2022-12-28,000040,55.5,5434022
2022-12-29,000040,55.45,3420229
2022-12-30,000040,56.57,9796269
2023-01-02,000040,55.81,2329534
2023-01-03,000040,57.06,6493425
2023-01-04,000040,56.89,8499398
2023-01-05,000040,55.84,6911454
2023-01-06,000040,55.91,4366421
2023-01-09,000040,57.53,5753954
2023-01-10,000040,56.76,8850202
2023-01-11,000040,57.33,1791927
2023-01-12,000040,55.74,2003952
2023-01-13,000040,56.37,1208649
2023-01-16,000040,55.27,7657118
2023-01-17,000040,54.99,3074221
2023-01-18,000040,55.16,9252491
2023-01-19,000040,54.47,7653258
2023-01-20,000040,55.69,7251147
2023-01-23,000040,57.25,3289147
2023-01-24,000040,56.74,4565870
2023-01-25,000040,56.05,4575060
2023-01-26,000040,56.22,5054337
2023-01-27,000040,56.62,6924085
2023-01-30,000040,54.96,1556329
2023-01-31,000040,54.86,6902698
2023-02-01,000040,53.83,7993930
2023-02-02,000040,52.64,2978564
2023-02-03,000040,51.8,1429135
2023-02-06,000040,52.14,3425287
2023-02-07,000040,52.72,4091284
2023-02-08,000040,52.42,6279113
2023-02-09,000040,51.73,8344827
2023-02-10,000040,51.6,5523927
2023-02-13,000040,50.99,5860970
2023-02-14,000040,51.1,8387705
2023-02-15,000040,50.02,3280434
2023-02-16,000040,50.48,6651982
2023-02-17,000040,50.03,1918407
2023-02-20,000040,50.27,9071067
2023-02-21,000040,50.76,1482835
2023-02-22,000040,52.11,4132613
2023-02-23,000040,51.01,5940514
2023-02-24,000040,50.24,5274513
2023-02-27,000040,50.31,2094712
2023-02-28,000040,50.18,8233468
2023-03-01,000040,51.36,9553414
2023-03-02,000040,51.27,4385673
2023-03-03,000040,52.56,9844145
2023-03-06,000040,52.25,9152691
2023-03-07,000040,53.68,2139547
2023-03-08,000040,55.23,9117081
2023-03-09,000040,55.58,9902773
2023-03-10,000040,55.87,6730013
2023-03-13,000040,57.14,9183054
2023-03-14,000040,57.95,2291125
2023-03-15,000040,58.18,2964743
2023-03-16,000040,59.16,3512086
2023-03-17,000040,58.31,1377624
2023-03-20,000040,58.9,1675888
2023-03-21,000040,59.47,3160714
2023-03-22,000040,60.77,5596870
2023-03-23,000040,62.42,7985460
2023-03-24,000040,62.31,6396106
2023-03-27,000040,61.31,9313478
2023-03-28,000040,59.81,2002571
2023-03-29,000040,59.5,8805458
2023-03-30,000040,60.33,9935063
2023-03-31,000040,60.6,9267774
2023-04-03,000040,58.82,5966052
2023-04-04,000040,59.86,4349829
2023-04-05,000040,58.69,1894689
2023-04-06,000040,60.12,6036863
2023-04-07,000040,59.21,7676196
2023-04-10,000040,59.21,4353573
2023-04-11,000040,59.43,8251285
2023-04-12,000040,60.93,1366034
2023-04-13,000040,60.76,6732431
2023-04-14,000040,60.9,7144784
2023-04-17,000040,61.09,1089155
2023-04-18,000040,62.56,5976988
2023-04-19,000040,63.5,8083432
2023-04-20,000040,62.35,9067846
2023-04-21,000040,61.47,1749968
2023-04-24,000040,62.4,8158249
2023-04-25,000040,63.48,7373250
2023-04-26,000040,63.75,5777827
2023-04-27,000040,64.77,5311432
2023-04-28,000040,65.05,2027439
2023-05-01,000040,63.56,9926631
2023-05-02,000040,62.11,6771184
2023-05-03,000040,62.23,4981114
2023-05-04,000040,62.79,8989954
2023-05-05,000040,62.63,4184964
2023-05-08,000040,62.03,6837809
2023-05-09,000040,60.79,8159578
2023-05-10,000040,60.12,5113598
2023-05-11,000040,61.12,5411884
2023-05-12,000040,60.11,3110763
2023-05-15,000040,61.04,7706753
2023-05-16,000040,60.61,7410635
2023-05-17,000040,62.29,7088929
2023-05-18,000040,63.76,3309759
2023-05-19,000040,65.03,8798297
2023-05-22,000040,65.15,9310174
2023-05-23,000040,66.11,4585556
2023-05-24,000040,67.82,7292619
2023-05-25,000040,68.5,9616080
2023-05-26,000040,69.98,8975875
2023-05-29,000040,68.79,5709240
2023-05-30,000040,69.7,2928396
2023-05-31,000040,68.67,8189924
2023-06-01,000040,67.92,9893512
2023-06-02,000040,69.29,2911211
2023-06-05,000040,69.38,5019027
2023-06-06,000040,70.38,9430163
2023-06-07,000040,71.28,4024847
2023-06-08,000040,72.65,9789896
2023-06-09,000040,71.81,7951138
2023-06-12,000040,72.91,4552184
2023-06-13,000040,74.47,3862993
2023-06-14,000040,73.16,7573621
2023-06-15,000040,73.65,2227161
2023-06-16,000040,71.97,3123004
2023-06-19,000040,71.99,4421605
2023-06-20,000040,73.75,8882907
2023-06-21,000040,73.99,4270725
2023-06-22,000040,74.65,6385492
2023-06-23,000040,75.57,3760706
2023-06-26,000040,75.33,9935622
2023-06-27,000040,76.06,7359007
2023-06-28,000040,78.33,3551408
2023-06-29,000040,77.72,6528486
2023-06-30,000040,79.27,2793060
2023-07-03,000040,80.44,3365619
2023-07-04,000040,81.26,7203593
2023-07-05,000040,80.03,3071555
2023-07-06,000040,80.84,9701117
2023-07-07,000040,81.51,5922797
2023-07-10,000040,82.02,1967681
2023-07-11,000040,82.75,7364267
2023-07-12,000040,84.0,5695757
2023-07-13,000040,84.92,4857688
2023-07-14,000040,84.0,9568893
2023-07-17,000040,83.91,7799565
2023-07-18,000040,84.05,4785210
2023-07-19,000040,83.38,9900317
2023-07-20,000040,81.4,6068828
2023-07-21,000040,79.96,4295594
2023-07-24,000040,81.07,7152953
2023-07-25,000040,80.72,6770631
2023-07-26,000040,80.99,3831334
2023-07-27,000040,79.5,3346718
2023-07-28,000040,79.44,1261575
2023-07-31,000040,77.61,8926045
2023-08-01,000040,79.64,6774397
2023-08-02,000040,77.39,8385477
2023-08-03,000040,77.97,2574278
2023-08-04,000040,76.85,3704947
2023-08-07,000040,75.04,9846641
2023-08-08,000040,73.56,1895962
2023-08-09,000040,72.39,9342362
2023-08-10,000040,71.68,6528074
2023-08-11,000040,70.22,5185963
2023-08-14,000040,70.77,1138097
2023-08-15,000040,71.56,7457521
2023-08-16,000040,71.84,5600407
2023-08-17,000040,73.41,2929363
2023-08-18,000040,72.14,9368827
2023-08-21,000040,72.15,4769223
2023-08-22,000040,73.19,2134918
2023-08-23,000040,74.97,2182361
2023-08-24,000040,75.99,2149387
2023-08-25,000040,75.17,6767492
2023-08-28,000040,73.39,7777545
2023-08-29,000040,72.59,2812988
2023-08-30,000040,74.28,1095934
2023-08-31,000040,73.63,8905944
2023-09-01,000040,75.7,3498097
2023-09-04,000040,76.72,8671115
2023-09-05,000040,77.32,1892249
2023-09-06,000040,77.69,2842092
2023-09-07,000040,77.62,3367389
2023-09-08,000040,79.42,5481386
2023-09-11,000040,78.01,6853974
2023-09-12,000040,78.01,6269141
2023-09-13,000040,79.93,6608787
2023-09-14,000040,81.82,2711770
2023-09-15,000040,82.28,1987933
2023-09-18,000040,83.11,5238424
2023-09-19,000040,84.46,4616446
2023-09-20,000040,82.31,9611892
2023-09-21,000040,84.69,2376578
2023-09-22,000040,86.31,6073229
2023-09-25,000040,86.28,4948670
2023-09-26,000040,85.06,7181148
2023-09-27,000040,86.2,6545497
2023-09-28,000040,88.67,5338206
2023-09-29,000040,87.06,5543605
2023-10-02,000040,88.07,9762821
2023-10-03,000040,87.45,1304884
2023-10-04,000040,87.99,4259842
2023-10-05,000040,89.01,1994186
2023-10-06,000040,90.41,7667428
2023-10-09,000040,88.67,3708772
2023-10-10,000040,86.44,5267071
2023-10-11,000040,86.95,5576871
2023-10-12,000040,85.39,8141685
2023-10-13,000040,85.63,7963923
2023-10-16,000040,85.9,2342170
2023-10-17,000040,86.0,9279384
2023-10-18,000040,85.33,1254011
2023-10-19,000040,84.19,5697920
2023-10-20,000040,84.46,4326342
2023-10-23,000040,84.14,4669408
2023-10-24,000040,83.81,9589448
2023-10-25,000040,83.58,1353552
2023-10-26,000040,83.63,7091331
2023-10-27,000040,83.24,6204187
2023-10-30,000040,83.26,5230425
2023-10-31,000040,85.63,2946457
2023-11-01,000040,84.03,2155789
2023-11-02,000040,84.29,2901969
2023-11-03,000040,82.06,9602555
2023-11-06,000040,83.9,9367081
2023-11-07,000040,83.44,5592907
2023-11-08,000040,81.18,9202676
2023-11-09,000040,81.6,5953379
2023-11-10,000040,82.94,3461994
2023-11-13,000040,82.45,7420137
2023-11-14,000040,81.5,2288194
2023-11-15,000040,82.16,2464336
2023-11-16,000040,84.3,1761600
2023-11-17,000040,85.25,1141323
2023-11-20,000040,83.59,5393453
2023-11-21,000040,83.61,4038257
2023-11-22,000040,83.31,4034813
2023-11-23,000040,83.58,9087041
2023-11-24,000040,85.68,5883697
2023-11-27,000040,86.77,2587643
2023-11-28,000040,86.09,7019576
2023-11-29,000040,84.22,5494184
2023-11-30,000040,85.27,8461128
2023-12-01,000040,86.41,2431081
2022-01-03,000041,50.54,4971529
2022-01-04,000041,50.35,4548439
2022-01-05,000041,51.19,3190797
2022-01-06,000041,49.77,7228368
2022-01-07,000041,49.04,1199222
2022-01-10,000041,50.33,2773856
2022-01-11,000041,49.59,9871838
2022-01-12,000041,50.61,6010868
2022-01-13,000041,51.72,9283047
2022-01-14,000041,53.17,9685395
2022-01-17,000041,52.21,8238129
2022-01-18,000041,51.71,4290744
2022-01-19,000041,50.57,3120395
2022-01-20,000041,50.75,2246341
2022-01-21,000041,49.87,7742357
2022-01-24,000041,50.02,5636409
2022-01-25,000041,49.2,1055460
2022-01-26,000041,50.08,9427437
2022-01-27,000041,50.27,2801510
2022-01-28,000041,48.87,3208867
2022-01-31,000041,49.72,5300972
2022-02-01,000041,49.35,8542595
2022-02-02,000041,50.12,7133857
2022-02-03,000041,50.18,1817888
2022-02-04,000041,51.03,3929210
2022-02-07,000041,50.74,6476250
2022-02-08,000041,49.82,9214467
2022-02-09,000041,49.55,4015604
2022-02-10,000041,50.06,3573275
2022-02-11,000041,51.06,1149356
2022-02-14,000041,51.17,6678544
2022-02-15,000041,52.45,4501534
2022-02-16,000041,53.91,6215146
2022-02-17,000041,52.58,9262279
2022-02-18,000041,53.03,2818939
2022-02-21,000041,52.51,6012421
2022-02-22,000041,52.41,5093211
2022-02-23,000041,52.38,4625615
2022-02-24,000041,52.51,5005763
2022-02-25,000041,52.95,7940979
2022-02-28,000041,52.67,8826474
2022-03-01,000041,52.22,3080330
2022-03-02,000041,50.97,7110397
2022-03-03,000041,51.39,7670431
2022-03-04,000041,52.46,2139458
2022-03-07,000041,52.81,7261720
2022-03-08,000041,54.1,7793018
2022-03-09,000041,54.49,2726414
2022-03-10,000041,53.95,4576124
2022-03-11,000041,52.59,4183293
2022-03-14,000041,51.11,5258619
2022-03-15,000041,51.06,8326924
2022-03-16,000041,52.55,5234203
2022-03-17,000041,54.08,6898318
2022-03-18,000041,53.6,4431646
2022-03-21,000041,54.52,7305406
2022-03-22,000041,54.88,3926108
2022-03-23,000041,53.74,7785419
2022-03-24,000041,52.17,8546944
2022-03-25,000041,53.21,3649742
2022-03-28,000041,52.79,7615016
2022-03-29,000041,51.75,5180757
2022-03-30,000041,51.55,5680720
2022-03-31,000041,50.19,2258676
2022-04-01,000041,51.42,4772220
2022-04-04,000041,51.15,1603500
2022-04-05,000041,50.73,5023741
2022-04-06,000041,50.05,4977593
2022-04-07,000041,48.83,3631897
2022-04-08,000041,49.85,8833206
2022-04-11,000041,50.16,4961354
2022-04-12,000041,49.0,4201975
2022-04-13,000041,49.26,8859281
2022-04-14,000041,48.46,5322730
2022-04-15,000041,48.24,3494150
2022-04-18,000041,48.28,9555157
2022-04-19,000041,47.85,3402071
2022-04-20,000041,47.95,6601981
2022-04-21,000041,48.36,6544343
2022-04-22,000041,47.53,9832944
2022-04-25,000041,48.35,8802335
2022-04-26,000041,48.65,8643774
2022-04-27,000041,47.34,9929809
2022-04-28,000041,48.61,1201810
2022-04-29,000041,48.32,7718404
2022-05-02,000041,47.85,3149686
2022-05-03,000041,46.95,5548007
2022-05-04,000041,46.33,1074114
2022-05-05,000041,46.36,6648845
2022-05-06,000041,47.26,6458260
2022-05-09,000041,48.35,1200972
2022-05-10,000041,47.14,5217038
2022-05-11,000041,46.8,1170013
2022-05-12,000041,47.45,9121115
2022-05-13,000041,46.88,5461261
2022-05-16,000041,45.85,6120440
2022-05-17,000041,45.72,9995776
2022-05-18,000041,46.62,9899044
2022-05-19,000041,47.36,8426281
2022-05-20,000041,46.24,6297275
2022-05-23,000041,47.3,4754032
2022-05-24,000041,46.82,9110734
2022-05-25,000041,45.43,8148968
2022-05-26,000041,45.52,3144076
2022-05-27,000041,44.67,6074651
2022-05-30,000041,43.63,2767410
2022-05-31,000041,43.65,6823079
2022-06-01,000041,44.85,8239423
2022-06-02,000041,44.82,5613300
2022-06-03,000041,44.04,4773346
2022-06-06,000041,43.24,3860015
2022-06-07,000041,43.34,1014896
2022-06-08,000041,43.61,1459813
2022-06-09,000041,42.96,6858789
2022-06-10,000041,43.44,5394534
2022-06-13,000041,43.8,1408589
2022-06-14,000041,42.5,1533255
2022-06-15,000041,41.87,9345790
2022-06-16,000041,42.05,6607475
2022-06-17,000041,42.51,8213125
2022-06-20,000041,42.79,5484844
2022-06-21,000041,42.36,9964032
2022-06-22,000041,42.66,2811606
2022-06-23,000041,43.3,4507696
2022-06-24,000041,42.67,4989632
2022-06-27,000041,42.49,4335471
2022-06-28,000041,43.19,8071818
2022-06-29,000041,42.72,2571146
2022-06-30,000041,43.47,4437195
2022-07-01,000041,44.05,5031007
2022-07-04,000041,44.89,7244817
2022-07-05,000041,44.99,9118578
2022-07-06,000041,45.25,1379946
2022-07-07,000041,44.43,3685190
2022-07-08,000041,44.84,2021508
2022-07-11,000041,46.02,2567784
2022-07-12,000041,46.64,1356543
2022-07-13,000041,46.32,3147239
2022-07-14,000041,46.13,9011959
2022-07-15,000041,46.93,5182262
2022-07-18,000041,46.77,4043796
2022-07-19,000041,46.84,3170835
2022-07-20,000041,48.01,8899884
2022-07-21,000041,48.66,4301461
2022-07-22,000041,50.03,4214193
2022-07-25,000041,50.87,4479731
2022-07-26,000041,49.67,1500334
2022-07-27,000041,50.68,9521050
2022-07-28,000041,49.8,4401716
2022-07-29,000041,48.87,2147918
2022-08-01,000041,48.56,6251755
2022-08-02,000041,47.38,8335179
2022-08-03,000041,48.18,5973124
2022-08-04,000041,46.8,7870538
2022-08-05,000041,46.63,2733830
2022-08-08,000041,46.65,5207188
2022-08-09,000041,45.55,9358914
2022-08-10,000041,44.51,1791374
2022-08-11,000041,45.41,3021717
2022-08-12,000041,44.45,7232217
2022-08-15,000041,45.21,3129057
2022-08-16,000041,45.44,2394463
2022-08-17,000041,46.54,3942870
2022-08-18,000041,46.43,5781877
2022-08-19,000041,46.56,9594305
2022-08-22,000041,46.54,5792717
2022-08-23,000041,46.09,5303905
2022-08-24,000041,47.15,1122093
2022-08-25,000041,46.55,2054472
2022-08-26,000041,47.44,3352043
2022-08-29,000041,46.99,2348251
2022-08-30,000041,48.1,1503859
2022-08-31,000041,48.75,5982728
2022-09-01,000041,50.01,5870990
2022-09-02,000041,48.66,6679312
2022-09-05,000041,49.39,3775150
2022-09-06,000041,49.88,6552906
2022-09-07,000041,50.13,7518203
2022-09-08,000041,49.99,6895253
2022-09-09,000041,48.72,7703951
2022-09-12,000041,49.51,6968508
2022-09-13,000041,49.38,1202738
2022-09-14,000041,48.28,7327639
2022-09-15,000041,47.07,3816640
2022-09-16,000041,48.46,9577735
2022-09-19,000041,49.71,3568750
2022-09-20,000041,50.02,8017110
2022-09-21,000041,51.46,8962939
2022-09-22,000041,49.96,9544448
2022-09-23,000041,48.8,7479357
2022-09-26,000041,47.86,2941343
2022-09-27,000041,48.14,4445539
2022-09-28,000041,48.47,9337706
2022-09-29,000041,48.75,6863916
2022-09-30,000041,50.12,9163361
2022-10-03,000041,51.16,4469596
2022-10-04,000041,50.98,5301782
2022-10-05,000041,50.43,7868066
2022-10-06,000041,49.19,4338069
2022-10-07,000041,50.04,5943991
2022-10-10,000041,49.78,6535219
2022-10-11,000041,49.07,8071060
2022-10-12,000041,49.88,3157614
2022-10-13,000041,49.93,9157868
2022-10-14,000041,49.29,1558765
2022-10-17,000041,48.53,6632544
2022-10-18,000041,49.22,1005201
2022-10-19,000041,49.47,4268562
2022-10-20,000041,50.0,1357532
2022-10-21,000041,49.32,7377091
2022-10-24,000041,49.37,3408103
2022-10-25,000041,49.95,1617034
2022-10-26,000041,51.3,1111175
2022-10-27,000041,51.53,9259091
2022-10-28,000041,51.78,7950826
2022-10-31,000041,50.25,1188263
2022-11-01,000041,51.5,1054051
2022-11-02,000041,50.84,3796188
2022-11-03,000041,51.35,3983070
2022-11-04,000041,51.69,1134214
2022-11-07,000041,50.41,2610974
2022-11-08,000041,49.42,4170199
2022-11-09,000041,50.48,6842392
2022-11-10,000041,49.87,9097338
2022-11-11,000041,50.23,1545257
2022-11-14,000041,49.32,3271381
2022-11-15,000041,50.31,7587781
2022-11-16,000041,49.29,8945754
2022-11-17,000041,49.03,3926248
2022-11-18,000041,48.46,3427476
2022-11-21,000041,48.58,2439120
2022-11-22,000041,47.52,3420366
2022-11-23,000041,48.0,8254898
2022-11-24,000041,48.18,7450235
2022-11-25,000041,47.2,6942267
2022-11-28,000041,47.11,1738949
2022-11-29,000041,48.04,9165182
2022-11-30,000041,48.27,8428154
2022-12-01,000041,48.63,1565887
2022-12-02,000041,47.2,3216209
2022-12-05,000041,45.9,3290501
2022-12-06,000041,47.15,2273585
2022-12-07,000041,47.41,1138865
2022-12-08,000041,47.66,1878316
2022-12-09,000041,46.96,4078111
2022-12-12,000041,46.86,7268662
2022-12-13,000041,45.78,2784377
2022-12-14,000041,46.62,5186237
2022-12-15,000041,46.96,3948693
2022-12-16,000041,48.36,8669620
2022-12-19,000041,47.0,7423236
2022-12-20,000041,46.96,7528645
2022-12-21,000041,47.0,5371260
2022-12-22,000041,48.06,7459079
2022-12-23,000041,48.93,7046759
2022-12-26,000041,48.4,7257635
2022-12-27,000041,48.38,2892621
2022-12-28,000041,48.36,1715281
2022-12-29,000041,48.16,3970226
2022-12-30,000041,48.41,4858649
2023-01-02,000041,47.44,4489223
2023-01-03,000041,48.71,2608056
2023-01-04,000041,48.69,6094937
2023-01-05,000041,49.61,8135156
2023-01-06,000041,50.84,6199540
2023-01-09,000041,49.92,9996005
2023-01-10,000041,50.52,4852798
2023-01-11,000041,51.34,3599031
2023-01-12,000041,51.57,5596229
2023-01-13,000041,51.83,7309228
2023-01-16,000041,52.04,2118387
2023-01-17,000041,53.0,5150820
2023-01-18,000041,52.4,6531031
2023-01-19,000041,51.01,4988732
2023-01-20,000041,51.67,7999870
2023-01-23,000041,51.97,8530384
2023-01-24,000041,51.25,8942125
2023-01-25,000041,50.58,1686919
2023-01-26,000041,51.56,2279440
2023-01-27,000041,50.65,3635244
2023-01-30,000041,49.49,4274864
2023-01-31,000041,49.87,3368438
2023-02-01,000041,50.31,2101579
2023-02-02,000041,49.25,5937167
2023-02-03,000041,49.41,7022660
2023-02-06,000041,50.77,9931562
2023-02-07,000041,50.37,5076634
2023-02-08,000041,50.03,2867492
2023-02-09,000041,49.07,2777028
2023-02-10,000041,47.79,8543082
2023-02-13,000041,48.36,8534220
2023-02-14,000041,48.08,2068830
2023-02-15,000041,48.0,6907045
2023-02-16,000041,48.92,7965096
2023-02-17,000041,48.6,7871062
2023-02-20,000041,49.23,5587557
2023-02-21,000041,48.62,2183396
2023-02-22,000041,47.97,5040057
2023-02-23,000041,48.09,7338619
2023-02-24,000041,48.43,5058013
2023-02-27,000041,48.91,2808582
2023-02-28,000041,49.64,2855814
2023-03-01,000041,50.59,2999068
2023-03-02,000041,49.17,5208699
2023-03-03,000041,49.62,5014357
2023-03-06,000041,50.14,5127956
2023-03-07,000041,48.96,4289586
2023-03-08,000041,48.94,6924178
2023-03-09,000041,49.02,1191409
2023-03-10,000041,48.77,8064334
2023-03-13,000041,49.19,6267320
2023-03-14,000041,48.82,9895191
2023-03-15,000041,47.5,5685408
2023-03-16,000041,48.05,7786332
2023-03-17,000041,47.16,9155900
2023-03-20,000041,46.64,3447471
2023-03-21,000041,46.46,5298896
2023-03-22,000041,45.93,5154995
2023-03-23,000041,46.84,9667108
2023-03-24,000041,46.27,2881739
2023-03-27,000041,45.44,8308466
2023-03-28,000041,46.13,4781123
2023-03-29,000041,47.46,4692370
2023-03-30,000041,47.75,2624324
2023-03-31,000041,46.8,3778264
2023-04-03,000041,45.86,2601238
2023-04-04,000041,47.17,5187476
2023-04-05,000041,47.18,2252739
2023-04-06,000041,48.15,4095842
2023-04-07,000041,47.13,9713408
2023-04-10,000041,46.93,9247126
2023-04-11,000041,47.5,8534222
2023-04-12,000041,48.2,8963619
2023-04-13,000041,48.25,6098854
2023-04-14,000041,48.61,7571754
2023-04-17,000041,49.91,4592109
2023-04-18,000041,50.54,9935032
2023-04-19,000041,49.06,5695137
2023-04-20,000041,48.18,3039222
2023-04-21,000041,47.62,9825368
2023-04-24,000041,47.36,6083656
2023-04-25,000041,47.94,3559618
2023-04-26,000041,47.12,9181764
2023-04-27,000041,47.62,1733236
2023-04-28,000041,47.26,1412118
2023-05-01,000041,48.43,3911880
2023-05-02,000041,49.51,2207383
2023-05-03,000041,48.56,9103571
2023-05-04,000041,47.82,4870552
2023-05-05,000041,46.74,4535362
2023-05-08,000041,47.02,9123847
2023-05-09,000041,46.15,2935685
2023-05-10,000041,45.02,6106850
2023-05-11,000041,44.66,6075361
2023-05-12,000041,45.06,4785144
2023-05-15,000041,44.49,7020985
2023-05-16,000041,43.78,8173551
2023-05-17,000041,43.55,4617499
2023-05-18,000041,42.71,8713703
2023-05-19,000041,43.89,2195056
2023-05-22,000041,44.76,8309469
2023-05-23,000041,43.62,3465343
2023-05-24,000041,44.07,7885582
2023-05-25,000041,44.54,9562215
2023-05-26,000041,45.43,1260283
2023-05-29,000041,45.83,1745532
2023-05-30,000041,44.5,1185432
2023-05-31,000041,43.82,9547460
2023-06-01,000041,44.83,2997959
2023-06-02,000041,45.63,1934037
2023-06-05,000041,46.58,1287401
2023-06-06,000041,46.01,5630696
2023-06-07,000041,44.92,6543812
2023-06-08,000041,46.19,6347633
2023-06-09,000041,45.45,9952340
2023-06-12,000041,44.35,4651730
2023-06-13,000041,45.12,1741643
2023-06-14,000041,45.29,4954286
2023-06-15,000041,44.02,7351024
2023-06-16,000041,45.13,7963550
2023-06-19,000041,46.41,4077160
2023-06-20,000041,45.28,1310997
2023-06-21,000041,46.39,8073519
2023-06-22,000041,45.94,6162650
2023-06-23,000041,46.61,1356421
2023-06-26,000041,46.94,2967740
2023-06-27,000041,47.92,5323365
2023-06-28,000041,49.28,3808174
2023-06-29,000041,49.93,1042431
2023-06-30,000041,49.86,4832684
2023-07-03,000041,48.8,4912256
2023-07-04,000041,50.25,7149567
2023-07-05,000041,50.61,9152763
2023-07-06,000041,50.69,9138593
2023-07-07,000041,50.5,8026884
2023-07-10,000041,49.29,2902156
2023-07-11,000041,50.4,2157028
2023-07-12,000041,49.52,2352246
2023-07-13,000041,49.3,5177668
2023-07-14,000041,49.93,3989678
2023-07-17,000041,48.51,7982149
2023-07-18,000041,47.53,4738628
2023-07-19,000041,46.91,3270428
2023-07-20,000041,46.12,8953597
2023-07-21,000041,45.11,7451236
2023-07-24,000041,45.41,6370003
2023-07-25,000041,44.54,7936789
2023-07-26,000041,45.04,4237126
2023-07-27,000041,45.99,6506066
2023-07-28,000041,45.32,6048821
2023-07-31,000041,46.03,3393743
2023-08-01,000041,47.18,4742134
2023-08-02,000041,48.24,7615533
2023-08-03,000041,48.21,1545943
2023-08-04,000041,48.99,5557001
2023-08-07,000041,49.25,6396285
2023-08-08,000041,49.39,8500914
2023-08-09,000041,50.44,3484489
2023-08-10,000041,51.6,4233727
2023-08-11,000041,52.58,4392492
2023-08-14,000041,52.22,3378467
2023-08-15,000041,53.67,7415234
2023-08-16,000041,55.05,4851764
2023-08-17,000041,55.86,1009729
2023-08-18,000041,56.0,9389670
2023-08-21,000041,54.53,4613995
2023-08-22,000041,55.46,8372301
2023-08-23,000041,55.94,6360519
2023-08-24,000041,54.47,6554272
2023-08-25,000041,55.2,6524310
2023-08-28,000041,54.79,2933557
2023-08-29,000041,56.11,7516742
2023-08-30,000041,56.33,5448262
2023-08-31,000041,57.81,9845818
2023-09-01,000041,56.34,8154218
2023-09-04,000041,57.28,1066966
2023-09-05,000041,58.7,2514066
2023-09-06,000041,58.5,5564677
2023-09-07,000041,56.78,2563006
2023-09-08,000041,58.05,3438761
2023-09-11,000041,56.32,2555403
2023-09-12,000041,57.88,2505358
2023-09-13,000041,56.42,7028821
2023-09-14,000041,57.52,9012704
2023-09-15,000041,56.01,2689657
2023-09-18,000041,54.76,8843655
2023-09-19,000041,55.87,5429427
2023-09-20,000041,56.54,5580942
2023-09-21,000041,54.94,2356213
2023-09-22,000041,53.92,6319494
2023-09-25,000041,53.89,4110805
2023-09-26,000041,55.07,3044516
2023-09-27,000041,55.23,2376159
2023-09-28,000041,54.19,4246627
2023-09-29,000041,54.7,4440323
2023-10-02,000041,55.28,4182821
2023-10-03,000041,56.07,5464220
2023-10-04,000041,54.49,7146033
2023-10-05,000041,53.23,9331328
2023-10-06,000041,53.75,8740424
2023-10-09,000041,55.11,4135696
2023-10-10,000041,56.2,8252926
2023-10-11,000041,56.24,3144540
2023-10-12,000041,56.2,8529088
2023-10-13,000041,55.09,6259863
2023-10-16,000041,56.68,3055457
2023-10-17,000041,56.18,2551658
2023-10-18,000041,55.21,8097327
2023-10-19,000041,55.57,8543938
2023-10-20,000041,55.11,4085746
2023-10-23,000041,56.41,8182348
2023-10-24,000041,56.9,4258217
2023-10-25,000041,57.48,5271405
2023-10-26,000041,58.02,2757103
2023-10-27,000041,58.45,5525500
2023-10-30,000041,58.44,7715752
2023-10-31,000041,57.66,3890684
2023-11-01,000041,59.06,8961565
2023-11-02,000041,57.55,4477993
2023-11-03,000041,56.41,3348347
2023-11-06,000041,57.49,8188708
2023-11-07,000041,56.01,9725419
2023-11-08,000041,54.48,1165179
2023-11-09,000041,55.55,4749160
2023-11-10,000041,55.51,7364994
2023-11-13,000041,54.36,7816048
2023-11-14,000041,54.08,4894641
2023-11-15,000041,55.25,4464894
2023-11-16,000041,55.49,8897474
2023-11-17,000041,57.02,1594891
2023-11-20,000041,56.2,1690747
2023-11-21,000041,57.25,5460566
2023-11-22,000041,57.77,7647963
2023-11-23,000041,58.0,7714060
2023-11-24,000041,56.63,3696702
2023-11-27,000041,57.29,4497720
2023-11-28,000041,56.2,6427094
2023-11-29,000041,57.54,9847319
2023-11-30,000041,56.35,9804915
2023-12-01,000041,57.42,7778298
2022-01-03,000042,48.9,6689281
2022-01-04,000042,49.49,7072164
2022-01-05,000042,50.58,8132500
2022-01-06,000042,49.67,6699556
2022-01-07,000042,49.53,2606217
2022-01-10,000042,49.34,2968305
2022-01-11,000042,48.06,9278345
2022-01-12,000042,48.25,2057261
2022-01-13,000042,48.03,3119090
2022-01-14,000042,47.16,5063394
2022-01-17,000042,46.52,8138035
2022-01-18,000042,47.74,5146397
2022-01-19,000042,47.23,2993435
2022-01-20,000042,47.69,8875969
2022-01-21,000042,48.21,3041734
2022-01-24,000042,47.63,3741203
2022-01-25,000042,46.35,5995561
2022-01-26,000042,46.74,5557057
2022-01-27,000042,46.95,8622268
2022-01-28,000042,47.78,5466924
2022-01-31,000042,47.01,1900181
2022-02-01,000042,47.91,5975692
2022-02-02,000042,46.7,2112404
2022-02-03,000042,46.88,1648378
2022-02-04,000042,46.39,6679943
2022-02-07,000042,46.42,2653855
2022-02-08,000042,45.4,9196492
2022-02-09,000042,45.13,4413769
2022-02-10,000042,46.29,5692638
2022-02-11,000042,45.93,4289488
2022-02-14,000042,46.91,1695363
2022-02-15,000042,47.78,8388580
2022-02-16,000042,47.59,9697515
2022-02-17,000042,47.65,1732595
2022-02-18,000042,47.56,8247489
2022-02-21,000042,46.33,7354854
2022-02-22,000042,46.63,5231545
2022-02-23,000042,47.91,9357334
2022-02-24,000042,47.47,8896418
2022-02-25,000042,46.68,5844314
2022-02-28,000042,47.7,4382965
2022-03-01,000042,47.28,2810044
2022-03-02,000042,46.84,9746028
2022-03-03,000042,45.71,7586211
2022-03-04,000042,44.43,9308424
2022-03-07,000042,43.73,1433513
2022-03-08,000042,43.34,8501169
2022-03-09,000042,42.9,8883613
2022-03-10,000042,44.09,5628571
2022-03-11,000042,43.34,7088029
2022-03-14,000042,42.7,4106657
2022-03-15,000042,43.98,5829419
2022-03-16,000042,43.61,8922082
2022-03-17,000042,44.34,1950136
2022-03-18,000042,43.74,7559681
2022-03-21,000042,44.45,8503223
2022-03-22,000042,45.57,4314922
2022-03-23,000042,44.53,3342586
2022-03-24,000042,45.76,1821093
2022-03-25,000042,46.59,8320519
2022-03-28,000042,47.85,8290374
2022-03-29,000042,46.48,6715019
2022-03-30,000042,47.52,3228781
2022-03-31,000042,47.31,7889059
2022-04-01,000042,48.21,6126628
2022-04-04,000042,47.52,8316055
2022-04-05,000042,46.56,1578410
2022-04-06,000042,47.25,2164095
2022-04-07,000042,48.65,5742498
2022-04-08,000042,48.06,7337638
2022-04-11,000042,46.98,1160230
2022-04-12,000042,45.67,3503063
2022-04-13,000042,44.5,9347524
2022-04-14,000042,45.76,8683693
2022-04-15,000042,46.04,8123997
2022-04-18,000042,46.67,1292340
2022-04-19,000042,45.34,9560334
2022-04-20,000042,44.62,2237866
2022-04-21,000042,44.29,6832848
2022-04-22,000042,43.82,4802484
2022-04-25,000042,43.86,9498242
2022-04-26,000042,43.74,9499250
2022-04-27,000042,44.24,1054283
2022-04-28,000042,44.16,1158827
2022-04-29,000042,43.84,7017364
2022-05-02,000042,45.11,9028661
2022-05-03,000042,44.99,8589599
2022-05-04,000042,44.76,3339435
2022-05-05,000042,43.81,7035698
2022-05-06,000042,42.56,8729577
2022-05-09,000042,42.95,9645646
2022-05-10,000042,43.83,9927507
2022-05-11,000042,43.3,8783809
2022-05-12,000042,42.45,6439569
2022-05-13,000042,42.76,3676187
2022-05-16,000042,43.91,4599168
2022-05-17,000042,44.62,5397742
2022-05-18,000042,45.22,2128459
2022-05-19,000042,44.36,7620626
2022-05-20,000042,45.32,1526316
2022-05-23,000042,44.62,6370737
2022-05-24,000042,44.51,8418827
2022-05-25,000042,43.42,9257640
2022-05-26,000042,44.13,8278747
2022-05-27,000042,44.65,8830512
2022-05-30,000042,45.64,6703213
2022-05-31,000042,46.73,4325318
2022-06-01,000042,46.8,2894197
2022-06-02,000042,47.35,6322861
2022-06-03,000042,48.39,5059593
2022-06-06,000042,48.61,7323858
2022-06-07,000042,49.82,2555761
2022-06-08,000042,50.1,2431342
2022-06-09,000042,49.53,8272677
2022-06-10,000042,48.84,5915513
2022-06-13,000042,49.75,5219937
2022-06-14,000042,49.18,3802192
2022-06-15,000042,50.6,7225746
2022-06-16,000042,50.02,2312560
2022-06-17,000042,50.53,2703568
2022-06-20,000042,49.4,3925003
2022-06-21,000042,48.13,3915559
2022-06-22,000042,48.46,4722577
2022-06-23,000042,49.58,6283006
2022-06-24,000042,50.43,6591626
2022-06-27,000042,51.65,9068155
2022-06-28,000042,51.15,7133003
2022-06-29,000042,50.92,4295249
2022-06-30,000042,51.39,7320863
2022-07-01,000042,52.09,5920798
2022-07-04,000042,52.36,3570936
2022-07-05,000042,53.93,6590224
2022-07-06,000042,54.39,4248118
2022-07-07,000042,55.65,4298466
2022-07-08,000042,56.5,3213420
2022-07-11,000042,58.1,8764306
2022-07-12,000042,56.55,6736678
2022-07-13,000042,56.3,2513839
2022-07-14,000042,54.79,6429897
2022-07-15,000042,55.66,3745485
2022-07-18,000042,56.43,1463007
2022-07-19,000042,57.14,4405657
2022-07-20,000042,56.6,7755520
2022-07-21,000042,57.18,2361993
2022-07-22,000042,56.49,1904499
2022-07-25,000042,57.82,5631618
2022-07-26,000042,58.54,7232712
2022-07-27,000042,58.89,1960803
2022-07-28,000042,57.42,4835666
2022-07-29,000042,58.61,6946765
2022-08-01,000042,56.91,5755090
2022-08-02,000042,55.67,4255205
2022-08-03,000042,55.04,2615688
2022-08-04,000042,56.36,7981037
2022-08-05,000042,54.97,3933365
2022-08-08,000042,55.05,5741645
2022-08-09,000042,56.56,1996157
2022-08-10,000042,55.74,4644265
2022-08-11,000042,56.08,9030698
2022-08-12,000042,54.49,2930385
2022-08-15,000042,53.71,4796594
2022-08-16,000042,53.98,8682598
2022-08-17,000042,55.25,5988346
2022-08-18,000042,56.31,3380639
2022-08-19,000042,56.54,7597290
2022-08-22,000042,57.93,8986713
2022-08-23,000042,59.07,6553599
2022-08-24,000042,59.02,6607860
2022-08-25,000042,57.87,1039245
2022-08-26,000042,56.22,6831616
2022-08-29,000042,54.6,5495685
2022-08-30,000042,53.68,4001804
2022-08-31,000042,53.64,5044314
2022-09-01,000042,54.66,1474771
2022-09-02,000042,55.54,5409538
2022-09-05,000042,55.96,4983131
2022-09-06,000042,55.48,7325559
2022-09-07,000042,56.22,6979032
2022-09-08,000042,57.58,9825710
2022-09-09,000042,58.71,2402453
2022-09-12,000042,57.62,7468836
2022-09-13,000042,59.11,1422788
2022-09-14,000042,58.33,5041714
2022-09-15,000042,57.71,2355388
2022-09-16,000042,57.84,4436812
2022-09-19,000042,58.59,4781719
2022-09-20,000042,57.14,8857998
2022-09-21,000042,56.27,9784528
2022-09-22,000042,54.87,4595120
2022-09-23,000042,54.79,7423401
2022-09-26,000042,56.13,2113426
2022-09-27,000042,57.57,5925579
2022-09-28,000042,58.05,4423067
2022-09-29,000042,59.65,9403370
2022-09-30,000042,59.28,2355839
2022-10-03,000042,57.88,3227822
2022-10-04,000042,58.68,8636490
2022-10-05,000042,58.81,7913356
2022-10-06,000042,58.12,9493853
2022-10-07,000042,58.82,4656500
2022-10-10,000042,57.58,8358138
2022-10-11,000042,59.19,4909882
2022-10-12,000042,57.99,2122126
2022-10-13,000042,59.62,7239567
2022-10-14,000042,58.52,5760573
2022-10-17,000042,57.03,1977004
2022-10-18,000042,57.25,8985697
2022-10-19,000042,55.74,4306309
2022-10-20,000042,56.74,4130952
2022-10-21,000042,55.42,5886669
2022-10-24,000042,54.86,3114430
2022-10-25,000042,53.36,9252363
2022-10-26,000042,53.86,1700276
2022-10-27,000042,52.4,6859306
2022-10-28,000042,52.0,5551793
2022-10-31,000042,51.02,2747691
2022-11-01,000042,51.83,1694052
2022-11-02,000042,52.88,8413319
2022-11-03,000042,54.06,6820195
2022-11-04,000042,54.88,6889327
2022-11-07,000042,56.41,8983768
2022-11-08,000042,57.1,3360410
2022-11-09,000042,57.75,6643972
2022-11-10,000042,58.58,9863348
2022-11-11,000042,58.42,2620392
2022-11-14,000042,59.37,9955632
2022-11-15,000042,58.03,8871277
2022-11-16,000042,56.35,7348332
2022-11-17,000042,56.65,5624407
2022-11-18,000042,58.01,9885520
2022-11-21,000042,59.14,1267604
2022-11-22,000042,59.06,1872343
2022-11-23,000042,59.07,7298667
2022-11-24,000042,59.71,3944577
2022-11-25,000042,58.86,3421494
2022-11-28,000042,57.71,9486217
2022-11-29,000042,57.46,7676813
2022-11-30,000042,58.36,2359139
2022-12-01,000042,57.43,8621646
2022-12-02,000042,56.14,3167389
2022-12-05,000042,55.79,5056483
2022-12-06,000042,55.26,1189999
2022-12-07,000042,54.39,9992512
2022-12-08,000042,53.87,5953560
2022-12-09,000042,53.23,5689350
2022-12-12,000042,52.68,2607770
2022-12-13,000042,53.42,4352110
2022-12-14,000042,52.35,1363907
2022-12-15,000042,53.79,7351871
2022-12-16,000042,53.18,7584571
2022-12-19,000042,52.98,7481973
2022-12-20,000042,51.72,4361043
2022-12-21,000042,52.02,7260040
2022-12-22,000042,52.54,4030159
2022-12-23,000042,51.65,4557971
2022-12-26,000042,51.34,5716938
2022-12-27,000042,51.78,7751476
2022-12-28,000042,51.84,4471414
2022-12-29,000042,51.34,6816234
2022-12-30,000042,51.26,8690047
2023-01-02,000042,51.82,6503664
2023-01-03,000042,51.28,3496878
2023-01-04,000042,50.9,9235796
2023-01-05,000042,51.51,4796860
2023-01-06,000042,51.21,9562250
2023-01-09,000042,50.38,3335385
2023-01-10,000042,51.82,2106797
2023-01-11,000042,52.57,1696239
2023-01-12,000042,53.87,2285018
2023-01-13,000042,54.39,6682374
2023-01-16,000042,53.25,4314417
2023-01-17,000042,53.1,1099194
2023-01-18,000042,53.01,9183018
2023-01-19,000042,53.25,1366269
2023-01-20,000042,52.0,5477419
2023-01-23,000042,50.84,6626756
2023-01-24,000042,50.44,1667880
2023-01-25,000042,48.93,1223492
2023-01-26,000042,49.38,7137809
2023-01-27,000042,50.46,1520318
2023-01-30,000042,51.47,5338464
2023-01-31,000042,51.74,3595628
2023-02-01,000042,50.41,9259981
2023-02-02,000042,51.58,9647013
2023-02-03,000042,50.56,9765156
2023-02-06,000042,51.99,6021293
2023-02-07,000042,52.28,9992618
2023-02-08,000042,50.9,7195313
2023-02-09,000042,50.32,7458550
2023-02-10,000042,51.63,5162644
2023-02-13,000042,52.48,8558956
2023-02-14,000042,51.82,9457230
2023-02-15,000042,51.54,7511709
2023-02-16,000042,50.67,9937680
2023-02-17,000042,50.95,5853975
2023-02-20,000042,50.82,9219137
2023-02-21,000042,49.96,9760002
2023-02-22,000042,48.57,6575739
2023-02-23,000042,48.02,8109066
2023-02-24,000042,49.1,3346189
2023-02-27,000042,47.88,1502103
2023-02-28,000042,47.78,8415240
2023-03-01,000042,48.67,6332642
2023-03-02,000042,49.65,2459665
2023-03-03,000042,50.5,3446661
2023-03-06,000042,51.53,7881393
2023-03-07,000042,52.53,6493110
2023-03-08,000042,51.85,8712386
2023-03-09,000042,50.88,8154719
2023-03-10,000042,50.2,7752862
2023-03-13,000042,50.48,3688058
2023-03-14,000042,51.87,8069216
2023-03-15,000042,52.99,6745077
2023-03-16,000042,53.82,7402113
2023-03-17,000042,52.72,2227607
2023-03-20,000042,52.29,2859758
2023-03-21,000042,52.92,1370530
2023-03-22,000042,54.42,7207859
2023-03-23,000042,53.24,8653080
2023-03-24,000042,54.71,6291943
2023-03-27,000042,55.45,7571260
2023-03-28,000042,55.04,1410406
2023-03-29,000042,55.12,4331775
2023-03-30,000042,54.36,8482974
2023-03-31,000042,54.68,9459538
2023-04-03,000042,55.03,9702352
2023-04-04,000042,55.42,6610039
2023-04-05,000042,54.85,1108741
2023-04-06,000042,56.0,5196074
2023-04-07,000042,55.77,9265972
2023-04-10,000042,54.23,7235857
2023-04-11,000042,55.1,8927788
2023-04-12,000042,56.57,2519223
2023-04-13,000042,55.46,1047584
2023-04-14,000042,56.27,5292001
2023-04-17,000042,56.31,2815100
2023-04-18,000042,55.42,9502423
2023-04-19,000042,56.56,3540930
2023-04-20,000042,54.99,4947431
2023-04-21,000042,55.3,4498001
2023-04-24,000042,54.73,8226151
2023-04-25,000042,54.91,5902085
2023-04-26,000042,54.59,1042317
2023-04-27,000042,55.19,3466623
2023-04-28,000042,54.92,3362731
2023-05-01,000042,54.61,7301281
2023-05-02,000042,54.48,8054486
2023-05-03,000042,53.37,3942739
2023-05-04,000042,53.13,8363679
2023-05-05,000042,52.48,5736099
2023-05-08,000042,52.03,9459123
2023-05-09,000042,53.58,3555834
2023-05-10,000042,53.44,2666650
2023-05-11,000042,52.57,7597659
2023-05-12,000042,53.03,4701895
2023-05-15,000042,52.92,9957432
2023-05-16,000042,53.62,3626933
2023-05-17,000042,53.42,6548656
2023-05-18,000042,52.1,2011494
2023-05-19,000042,51.25,5026969
2023-05-22,000042,49.84,7871593
2023-05-23,000042,48.45,3952554
2023-05-24,000042,49.57,1088370
2023-05-25,000042,48.6,5628216
2023-05-26,000042,47.26,4887673
2023-05-29,000042,47.36,1280248
2023-05-30,000042,47.4,1698736
2023-05-31,000042,46.92,7879052
2023-06-01,000042,47.71,1899585
2023-06-02,000042,48.6,4939765
2023-06-05,000042,49.1,6165176
2023-06-06,000042,48.62,5933036
2023-06-07,000042,49.85,3656606
2023-06-08,000042,49.28,3483059
2023-06-09,000042,49.02,3281940
2023-06-12,000042,48.43,8521494
2023-06-13,000042,47.11,9069585
2023-06-14,000042,46.92,5965257
2023-06-15,000042,47.55,9215186
2023-06-16,000042,48.06,5858285
2023-06-19,000042,47.43,6800540
2023-06-20,000042,47.29,4383141
2023-06-21,000042,46.88,8048187
2023-06-22,000042,46.82,4927932
2023-06-23,000042,45.78,2494939
2023-06-26,000042,45.11,3993520
2023-06-27,000042,44.08,2100883
2023-06-28,000042,44.16,4736127
2023-06-29,000042,42.92,4981108
2023-06-30,000042,41.85,7564671
2023-07-03,000042,41.25,3012675
2023-07-04,000042,40.42,5226934
2023-07-05,000042,39.42,8367339
2023-07-06,000042,39.52,9004364
2023-07-07,000042,38.44,1921536
2023-07-10,000042,37.76,8293532
2023-07-11,000042,36.81,5776986
2023-07-12,000042,35.97,2095461
2023-07-13,000042,35.06,4099219
2023-07-14,000042,34.6,2888453
2023-07-17,000042,35.39,1931642
2023-07-18,000042,34.98,2727152
2023-07-19,000042,34.01,1003812
2023-07-20,000042,33.85,9696700
2023-07-21,000042,33.02,7452678
2023-07-24,000042,32.14,6180946
2023-07-25,000042,31.61,5287543
2023-07-26,000042,31.28,5915064
2023-07-27,000042,30.48,8358248
2023-07-28,000042,29.78,6697489
2023-07-31,000042,29.88,2308296
2023-08-01,000042,30.24,1578352
2023-08-02,000042,30.64,4016167
2023-08-03,000042,30.57,6672993
2023-08-04,000042,30.03,7782400
2023-08-07,000042,30.43,7967866
2023-08-08,000042,30.6,2958372
2023-08-09,000042,30.83,1499793
2023-08-10,000042,30.23,8774467
2023-08-11,000042,30.18,7181751
2023-08-14,000042,30.28,4209958
2023-08-15,000042,30.03,8280628
2023-08-16,000042,29.58,4706430
2023-08-17,000042,28.69,9314738
2023-08-18,000042,28.11,8841608
2023-08-21,000042,28.5,1336738
2023-08-22,000042,27.9,5684483
2023-08-23,000042,28.41,4483756
2023-08-24,000042,28.35,5646867
2023-08-25,000042,27.97,8030505
2023-08-28,000042,27.43,2243297
2023-08-29,000042,27.1,7857481
2023-08-30,000042,26.79,5293787
2023-08-31,000042,26.73,5368116
2023-09-01,000042,27.36,1575102
2023-09-04,000042,27.82,7718046
2023-09-05,000042,28.52,8376271
2023-09-06,000042,27.92,4898156
2023-09-07,000042,27.87,9826670
2023-09-08,000042,27.85,8239913
2023-09-11,000042,27.76,3331684
2023-09-12,000042,27.97,2934103
2023-09-13,000042,27.95,5099610
2023-09-14,000042,27.4,3194104
2023-09-15,000042,27.05,6910467
2023-09-18,000042,26.43,6777133
2023-09-19,000042,25.84,9105977
2023-09-20,000042,25.16,1453752
2023-09-21,000042,24.45,2508765
2023-09-22,000042,24.54,5313830
2023-09-25,000042,24.38,6090778
2023-09-26,000042,24.88,6914288
2023-09-27,000042,25.18,6259111
2023-09-28,000042,25.2,1857480
2023-09-29,000042,24.92,2251867
2023-10-02,000042,24.86,4639446
2023-10-03,000042,24.21,7398150
2023-10-04,000042,23.51,3005912
2023-10-05,000042,23.71,4767025
2023-10-06,000042,23.85,7986020
2023-10-09,000042,24.12,9095440
2023-10-10,000042,24.48,1544070
2023-10-11,000042,25.09,1243918
2023-10-12,000042,25.54,9425733
2023-10-13,000042,25.72,3389292
2023-10-16,000042,26.46,8559913
2023-10-17,000042,26.51,4378701
2023-10-18,000042,26.17,1483145
2023-10-19,000042,26.89,4711754
2023-10-20,000042,26.44,2600643
2023-10-23,000042,26.38,4834504
2023-10-24,000042,26.96,3594269
2023-10-25,000042,27.72,2130920
2023-10-26,000042,27.56,2860700
2023-10-27,000042,28.28,1437779
2023-10-30,000042,27.58,2103180
2023-10-31,000042,26.9,1722777
2023-11-01,000042,27.3,7564200
2023-11-02,000042,26.97,8932276
2023-11-03,000042,26.37,6204001
2023-11-06,000042,27.11,2440747
2023-11-07,000042,27.36,9660276
2023-11-08,000042,27.11,3648278
2023-11-09,000042,27.31,1070369
2023-11-10,000042,27.15,1919277
2023-11-13,000042,27.54,9065330
2023-11-14,000042,27.96,5688990
2023-11-15,000042,27.5,5410175
2023-11-16,000042,28.08,1475685
2023-11-17,000042,27.65,4398703
2023-11-20,000042,27.43,3933152
2023-11-21,000042,27.8,8012586
2023-11-22,000042,28.11,8327308
2023-11-23,000042,27.52,9326857
2023-11-24,000042,28.18,1984313
2023-11-27,000042,28.15,9481984
2023-11-28,000042,27.52,2887842
2023-11-29,000042,26.83,4611906
2023-11-30,000042,26.63,9471826
2023-12-01,000042,26.31,3109511
2022-01-03,000043,49.5,3906249
2022-01-04,000043,50.22,1504858
2022-01-05,000043,50.92,2478912
2022-01-06,000043,52.02,2896669
2022-01-07,000043,51.79,9307750
2022-01-10,000043,53.26,5739505
2022-01-11,000043,51.96,2529586
2022-01-12,000043,51.24,5040134
2022-01-13,000043,51.31,4597990
2022-01-14,000043,52.64,7823041
2022-01-17,000043,53.94,5368902
2022-01-18,000043,55.39,2111255
2022-01-19,000043,53.84,4836321
2022-01-20,000043,52.32,8411087
2022-01-21,000043,51.13,1478970
2022-01-24,000043,50.04,6910823
2022-01-25,000043,50.25,9669493
2022-01-26,000043,51.56,1036981
2022-01-27,000043,50.44,9425035
2022-01-28,000043,49.84,6395230
2022-01-31,000043,49.56,5237997
2022-02-01,000043,50.19,2864382
2022-02-02,000043,50.53,9203405
2022-02-03,000043,50.77,8150503
2022-02-04,000043,49.59,2789826
2022-02-07,000043,48.34,6494826
2022-02-08,000043,48.51,5160606
2022-02-09,000043,49.5,2435775
2022-02-10,000043,48.44,7861445
2022-02-11,000043,49.09,3004443
2022-02-14,000043,48.39,1895501
2022-02-15,000043,48.55,8757287
2022-02-16,000043,47.35,1773930
2022-02-17,000043,48.21,6221195
2022-02-18,000043,48.43,4785731
2022-02-21,000043,48.53,2229442
2022-02-22,000043,49.82,1003355
2022-02-23,000043,51.21,4747112
2022-02-24,000043,50.3,9309664
2022-02-25,000043,49.92,7655743
2022-02-28,000043,48.55,7062186
2022-03-01,000043,49.92,4688502
2022-03-02,000043,50.46,4133709
2022-03-03,000043,50.9,4447600
2022-03-04,000043,50.62,3196895
2022-03-07,000043,50.3,1788344
2022-03-08,000043,50.09,1044008
2022-03-09,000043,51.04,9185204
2022-03-10,000043,49.8,6352817
2022-03-11,000043,51.28,9580243
2022-03-14,000043,50.71,3298336
2022-03-15,000043,50.27,2788703
2022-03-16,000043,48.89,9654014
2022-03-17,000043,48.23,8752862
2022-03-18,000043,46.82,4756533
2022-03-21,000043,47.77,9683497
2022-03-22,000043,48.57,1898848
2022-03-23,000043,47.28,9256109
2022-03-24,000043,47.96,4283158
2022-03-25,000043,46.67,4722920
2022-03-28,000043,46.86,7849750
2022-03-29,000043,47.33,3318652
2022-03-30,000043,48.16,7132900
2022-03-31,000043,49.1,2390635
2022-04-01,000043,48.27,5541109
2022-04-04,000043,47.93,1335827
2022-04-05,000043,48.01,8316960
2022-04-06,000043,47.96,1325724
2022-04-07,000043,46.99,5637008
2022-04-08,000043,46.49,7849294
2022-04-11,000043,46.03,2195441
2022-04-12,000043,45.66,5966571
2022-04-13,000043,46.94,2816054
2022-04-14,000043,47.43,4613073
2022-04-15,000043,48.72,1732424
2022-04-18,000043,49.37,6334987
2022-04-19,000043,48.29,4022466
2022-04-20,000043,49.04,4199329
2022-04-21,000043,47.87,1246566
2022-04-22,000043,48.21,1788241
2022-04-25,000043,49.31,7016499
2022-04-26,000043,48.3,3225869
2022-04-27,000043,48.16,8329080
2022-04-28,000043,47.77,5555759
2022-04-29,000043,48.33,1924515
2022-05-02,000043,49.68,2811162
2022-05-03,000043,50.71,1730557
2022-05-04,000043,50.67,7349180
2022-05-05,000043,50.61,7007660
2022-05-06,000043,50.75,7658688
2022-05-09,000043,50.73,7372533
2022-05-10,000043,49.45,5752762
2022-05-11,000043,50.38,2230666
2022-05-12,000043,51.69,2588113
2022-05-13,000043,50.43,6235331
2022-05-16,000043,50.95,6541877
2022-05-17,000043,51.32,6748093
2022-05-18,000043,51.84,8101625
2022-05-19,000043,52.0,3426062
2022-05-20,000043,50.99,5371323
2022-05-23,000043,50.15,4539437
2022-05-24,000043,51.03,1625628
2022-05-25,000043,50.13,4228899
2022-05-26,000043,50.35,7033994
2022-05-27,000043,49.35,6280493
2022-05-30,000043,49.81,6219922
2022-05-31,000043,49.83,5517015
2022-06-01,000043,48.64,6747456
2022-06-02,000043,48.24,8282153
2022-06-03,000043,47.12,4303179
2022-06-06,000043,46.97,2057922
2022-06-07,000043,45.9,1265901
2022-06-08,000043,47.19,7500892
2022-06-09,000043,47.97,1735491
2022-06-10,000043,47.17,8192007
2022-06-13,000043,46.76,2160544
2022-06-14,000043,45.36,5898925
2022-06-15,000043,45.58,6996940
2022-06-16,000043,46.0,2299403
2022-06-17,000043,47.07,5920150
2022-06-20,000043,45.84,1249611
2022-06-21,000043,45.54,6272832
2022-06-22,000043,45.29,2139433
2022-06-23,000043,45.2,2708056
2022-06-24,000043,46.01,1746748
2022-06-27,000043,47.15,7519818
2022-06-28,000043,45.91,5564093
2022-06-29,000043,44.96,9583806
2022-06-30,000043,45.7,7711875
2022-07-01,000043,45.86,5169739
2022-07-04,000043,45.68,4727136
2022-07-05,000043,45.46,9814263
2022-07-06,000043,45.05,3804227
2022-07-07,000043,44.36,2150980
2022-07-08,000043,43.11,2200984
2022-07-11,000043,42.59,4959392
2022-07-12,000043,42.63,6806755
2022-07-13,000043,42.6,5960884
2022-07-14,000043,42.71,6847142
2022-07-15,000043,43.69,9891114
2022-07-18,000043,42.93,9307439
2022-07-19,000043,41.91,8849214
2022-07-20,000043,40.71,4415220
2022-07-21,000043,39.98,9285041
2022-07-22,000043,40.66,3941900
2022-07-25,000043,41.62,6380878
2022-07-26,000043,41.69,6153413
2022-07-27,000043,42.04,7382103
2022-07-28,000043,42.59,7339435
2022-07-29,000043,41.39,9356861
2022-08-01,000043,42.44,9622166
2022-08-02,000043,41.84,9106617
2022-08-03,000043,41.99,4465158
2022-08-04,000043,41.9,2963926
2022-08-05,000043,40.81,4402423
2022-08-08,000043,39.76,4735404
2022-08-09,000043,40.94,5221049
2022-08-10,000043,41.97,7522151
2022-08-11,000043,42.27,2678875
2022-08-12,000043,42.99,5563428
2022-08-15,000043,42.15,3082402
2022-08-16,000043,42.65,6418565
2022-08-17,000043,43.83,9383071
2022-08-18,000043,44.24,3169464
2022-08-19,000043,43.46,8223077
2022-08-22,000043,42.98,5258534
2022-08-23,000043,42.67,5337063
2022-08-24,000043,43.23,7327028
2022-08-25,000043,41.95,1515619
2022-08-26,000043,41.02,8494345
2022-08-29,000043,41.21,8768215
2022-08-30,000043,41.61,4545934
2022-08-31,000043,41.23,6814360
2022-09-01,000043,41.04,1241288
2022-09-02,000043,39.98,6397742
2022-09-05,000043,39.68,4514889
2022-09-06,000043,40.67,7965474
2022-09-07,000043,41.17,2972217
2022-09-08,000043,42.07,1763059
2022-09-09,000043,42.61,3309592
2022-09-12,000043,41.67,2994659
2022-09-13,000043,41.46,5750458
2022-09-14,000043,41.95,9645532
2022-09-15,000043,42.01,4863865
2022-09-16,000043,41.94,1212359
2022-09-19,000043,42.58,6671234
2022-09-20,000043,43.61,3912864
2022-09-21,000043,44.55,3967685
2022-09-22,000043,43.39,6563592
2022-09-23,000043,43.44,9102077
2022-09-26,000043,44.72,2673895
2022-09-27,000043,45.02,5021008
2022-09-28,000043,45.59,6831332
2022-09-29,000043,45.58,5376026
2022-09-30,000043,44.88,6999989
2022-10-03,000043,43.98,7350431
2022-10-04,000043,42.69,9671476
2022-10-05,000043,43.75,7582175
2022-10-06,000043,43.82,7260363
2022-10-07,000043,42.94,3710773
2022-10-10,000043,42.69,4680651
2022-10-11,000043,41.63,4156532
2022-10-12,000043,41.32,9918917
2022-10-13,000043,41.33,8791395
2022-10-14,000043,41.17,3429308
2022-10-17,000043,41.15,4515308
2022-10-18,000043,40.88,4480899
2022-10-19,000043,41.98,8544963
2022-10-20,000043,42.23,8870668
2022-10-21,000043,43.03,8827024
2022-10-24,000043,44.3,3022360
2022-10-25,000043,44.84,1509627
2022-10-26,000043,44.09,3317382
2022-10-27,000043,44.23,1961633
2022-10-28,000043,44.15,5644541
2022-10-31,000043,44.35,4592371
2022-11-01,000043,44.88,7904909
2022-11-02,000043,44.12,9346324
2022-11-03,000043,45.24,5540722
2022-11-04,000043,44.79,7554418
2022-11-07,000043,45.14,7546491
2022-11-08,000043,44.06,5403877
2022-11-09,000043,43.81,8187895
2022-11-10,000043,44.46,7922633
2022-11-11,000043,44.56,3428011
2022-11-14,000043,44.6,7340760
2022-11-15,000043,45.69,2899040
2022-11-16,000043,46.62,4351074
2022-11-17,000043,47.98,6863365
2022-11-18,000043,47.83,7627723
2022-11-21,000043,49.07,1993351
2022-11-22,000043,47.99,4134007
2022-11-23,000043,48.26,9480859
2022-11-24,000043,47.48,4911611
2022-11-25,000043,47.33,6715634
2022-11-28,000043,48.44,5192275
2022-11-29,000043,49.7,5029578
2022-11-30,000043,48.65,8288955
2022-12-01,000043,49.85,9666272
2022-12-02,000043,48.7,6579584
2022-12-05,000043,48.98,3571817
2022-12-06,000043,47.85,4444235
2022-12-07,000043,46.99,3561304
2022-12-08,000043,45.66,3124710
2022-12-09,000043,46.6,4604334
2022-12-12,000043,46.08,9009222
2022-12-13,000043,44.93,1658500
2022-12-14,000043,45.07,6914779
2022-12-15,000043,46.36,3588507
2022-12-16,000043,46.86,6428768
2022-12-19,000043,46.08,9483682
2022-12-20,000043,45.37,2479044
2022-12-21,000043,45.91,6289260
2022-12-22,000043,45.01,5410010
2022-12-23,000043,44.1,1082324
2022-12-26,000043,45.05,7155123
2022-12-27,000043,44.19,9531011
2022-12-28,000043,43.27,2917063
2022-12-29,000043,44.51,5071634
2022-12-30,000043,44.62,6993722
2023-01-02,000043,45.28,8047300
2023-01-03,000043,44.89,2846358
2023-01-04,000043,44.28,2123593
2023-01-05,000043,45.01,1531325
2023-01-06,000043,44.62,5099115
2023-01-09,000043,44.0,7286489
2023-01-10,000043,43.95,6301228
2023-01-11,000043,43.12,2034162
2023-01-12,000043,43.25,4914565
2023-01-13,000043,42.76,5658341
2023-01-16,000043,43.16,7263179
2023-01-17,000043,42.34,2143277
2023-01-18,000043,41.12,9986472
2023-01-19,000043,41.63,5732402
2023-01-20,000043,41.35,8125017
2023-01-23,000043,41.52,9227381
2023-01-24,000043,42.73,5106074
2023-01-25,000043,42.51,8971165
2023-01-26,000043,42.36,3958134
2023-01-27,000043,43.01,4511291
2023-01-30,000043,43.77,2522091
2023-01-31,000043,44.9,3412651
2023-02-01,000043,43.79,2658543
2023-02-02,000043,42.69,7879118
2023-02-03,000043,43.23,7590964
2023-02-06,000043,44.3,2332949
2023-02-07,000043,43.57,4255077
2023-02-08,000043,42.8,7037802
2023-02-09,000043,41.92,5986401
2023-02-10,000043,42.6,2183056
2023-02-13,000043,43.51,2026100
2023-02-14,000043,44.01,3271008
2023-02-15,000043,45.0,1298196
2023-02-16,000043,44.54,3947723
2023-02-17,000043,44.96,5776347
2023-02-20,000043,45.8,7067690
2023-02-21,000043,45.53,7173989
2023-02-22,000043,44.94,7620296
2023-02-23,000043,45.76,7432598
2023-02-24,000043,46.75,9666376
2023-02-27,000043,47.64,6036728
2023-02-28,000043,47.87,4494529
2023-03-01,000043,47.07,6804966
2023-03-02,000043,46.01,1968383
2023-03-03,000043,46.67,2519496
2023-03-06,000043,45.59,5470805
2023-03-07,000043,44.4,1323661
2023-03-08,000043,45.5,1994013
2023-03-09,000043,44.87,8154921
2023-03-10,000043,45.14,4365861
2023-03-13,000043,44.4,2370326
2023-03-14,000043,43.19,6334361
2023-03-15,000043,43.05,3618899
2023-03-16,000043,41.8,6002576
2023-03-17,000043,41.15,9528084
2023-03-20,000043,41.42,7129752
2023-03-21,000043,42.58,2112613
2023-03-22,000043,42.18,4590355
2023-03-23,000043,42.8,7034396
2023-03-24,000043,43.49,8102815
2023-03-27,000043,43.39,5958701
2023-03-28,000043,43.04,4518674
2023-03-29,000043,44.32,3939476
2023-03-30,000043,43.6,3234130
2023-03-31,000043,44.37,4387278
2023-04-03,000043,45.18,2109397
2023-04-04,000043,46.37,3774814
2023-04-05,000043,45.61,8229621
2023-04-06,000043,44.76,2483470
2023-04-07,000043,43.42,8402091
2023-04-10,000043,42.52,9711873
2023-04-11,000043,41.27,9205075
2023-04-12,000043,41.75,9802913
2023-04-13,000043,42.0,4424620
2023-04-14,000043,41.88,4344864
2023-04-17,000043,41.11,6612671
2023-04-18,000043,41.52,9302871
2023-04-19,000043,42.22,8778876
2023-04-20,000043,43.21,1609675
2023-04-21,000043,44.49,7553556
2023-04-24,000043,43.59,5529790
2023-04-25,000043,44.13,3687411
2023-04-26,000043,45.24,2383992
2023-04-27,000043,44.74,4940571
2023-04-28,000043,44.25,6060282
2023-05-01,000043,44.23,7675985
2023-05-02,000043,43.74,4283954
2023-05-03,000043,44.51,2698980
2023-05-04,000043,45.58,6283651
2023-05-05,000043,46.32,1357107
2023-05-08,000043,45.13,5886650
2023-05-09,000043,45.62,5455458
2023-05-10,000043,45.73,4252832
2023-05-11,000043,46.22,2660799
2023-05-12,000043,46.03,9390142
2023-05-15,000043,45.8,3752484
2023-05-16,000043,46.79,5192766
2023-05-17,000043,48.09,5044759
2023-05-18,000043,48.73,8269155
2023-05-19,000043,48.71,1420335
2023-05-22,000043,49.45,7041304
2023-05-23,000043,50.17,2642609
2023-05-24,000043,51.1,7416586
2023-05-25,000043,50.61,2130225
2023-05-26,000043,51.69,3458530
2023-05-29,000043,51.44,4497189
2023-05-30,000043,51.88,9376830
2023-05-31,000043,52.33,6977597
2023-06-01,000043,53.73,9136440
2023-06-02,000043,53.69,6195239
2023-06-05,000043,54.33,5650408
2023-06-06,000043,52.73,6945088
2023-06-07,000043,51.68,5360193
2023-06-08,000043,50.53,5544782
2023-06-09,000043,51.54,4154693
2023-06-12,000043,52.37,5575582
2023-06-13,000043,53.56,5849149
2023-06-14,000043,52.06,7843002
2023-06-15,000043,52.11,1725343
2023-06-16,000043,52.94,1529284
2023-06-19,000043,52.15,5101856
2023-06-20,000043,52.57,2459613
2023-06-21,000043,51.48,5430485
2023-06-22,000043,51.68,2993841
2023-06-23,000043,52.96,7137840
2023-06-26,000043,51.82,2166835
2023-06-27,000043,52.14,9522629
2023-06-28,000043,51.86,4991337
2023-06-29,000043,51.6,7600599
2023-06-30,000043,50.76,2401748
2023-07-03,000043,50.71,3752671
2023-07-04,000043,51.2,8963062
2023-07-05,000043,52.23,5012565
2023-07-06,000043,51.59,8645462
2023-07-07,000043,50.77,9723641
2023-07-10,000043,49.76,1710476
2023-07-11,000043,49.91,1976173
2023-07-12,000043,50.15,3414258
2023-07-13,000043,49.22,4805345
2023-07-14,000043,49.21,6626814
2023-07-17,000043,50.26,6724732
2023-07-18,000043,49.44,7075073
2023-07-19,000043,49.09,1739758
2023-07-20,000043,48.5,9636507
2023-07-21,000043,49.53,4624859
2023-07-24,000043,49.69,1867325
2023-07-25,000043,49.33,1004557
2023-07-26,000043,48.78,9253526
2023-07-27,000043,47.57,8559797
2023-07-28,000043,47.25,3430409
2023-07-31,000043,48.22,7974948
2023-08-01,000043,48.88,5398452
2023-08-02,000043,48.18,5529414
2023-08-03,000043,48.56,6754730
2023-08-04,000043,48.39,3667181
2023-08-07,000043,49.17,9466579
2023-08-08,000043,50.39,8827026
2023-08-09,000043,50.05,6215153
2023-08-10,000043,50.21,5638088
2023-08-11,000043,50.75,9487249
2023-08-14,000043,49.29,3160114
2023-08-15,000043,48.69,4805693
2023-08-16,000043,49.92,2305419
2023-08-17,000043,49.31,6265702
2023-08-18,000043,49.11,8430750
2023-08-21,000043,48.27,8744566
2023-08-22,000043,47.97,2719803
2023-08-23,000043,47.89,4945336
2023-08-24,000043,47.16,3372234
2023-08-25,000043,47.94,4454518
2023-08-28,000043,48.18,4015731
2023-08-29,000043,48.8,7253383
2023-08-30,000043,47.8,4791469
2023-08-31,000043,47.12,3808559
2023-09-01,000043,47.71,2823942
2023-09-04,000043,46.31,6387582
2023-09-05,000043,47.5,6458847
2023-09-06,000043,47.29,9543451
2023-09-07,000043,48.13,5043409
2023-09-08,000043,48.26,4751398
2023-09-11,000043,48.53,1975582
2023-09-12,000043,49.88,7690415
2023-09-13,000043,50.63,3391177
2023-09-14,000043,51.44,7985376
2023-09-15,000043,52.43,1948465
2023-09-18,000043,53.27,3860851
2023-09-19,000043,54.13,2502398
2023-09-20,000043,55.7,3552573
2023-09-21,000043,57.23,3093356
2023-09-22,000043,57.04,7406094
2023-09-25,000043,56.94,5786423
2023-09-26,000043,57.21,3007447
2023-09-27,000043,55.77,6050437
2023-09-28,000043,55.07,3188526
2023-09-29,000043,54.51,7294119
2023-10-02,000043,53.73,9995641
2023-10-03,000043,53.39,1476524
2023-10-04,000043,53.31,4810052
2023-10-05,000043,54.57,7056903
2023-10-06,000043,54.53,8049959
2023-10-09,000043,54.5,5122909
2023-10-10,000043,54.34,3065119
2023-10-11,000043,55.09,7869887
2023-10-12,000043,53.83,3539702
2023-10-13,000043,54.37,2147694
2023-10-16,000043,55.84,1819699
2023-10-17,000043,57.44,5160480
2023-10-18,000043,57.91,3521885
2023-10-19,000043,57.94,5208510
2023-10-20,000043,59.26,4361892
2023-10-23,000043,58.9,4596843
2023-10-24,000043,59.24,3317499
2023-10-25,000043,58.34,6957481
2023-10-26,000043,58.39,9100238
2023-10-27,000043,57.25,2778839
2023-10-30,000043,56.74,2783124
2023-10-31,000043,56.22,9392756
2023-11-01,000043,54.79,1442601
2023-11-02,000043,55.12,6487259
2023-11-03,000043,55.31,9186463
2023-11-06,000043,56.35,7046675
2023-11-07,000043,55.83,8489540
2023-11-08,000043,56.23,4805717
2023-11-09,000043,55.81,3842854
2023-11-10,000043,56.26,7671783
2023-11-13,000043,57.57,5884972
2023-11-14,000043,58.52,6446388
2023-11-15,000043,57.92,5317291
2023-11-16,000043,58.74,2997356
2023-11-17,000043,58.1,8792091
2023-11-20,000043,59.48,9704605
2023-11-21,000043,58.56,7921534
2023-11-22,000043,60.29,9389913
2023-11-23,000043,59.47,3695857
2023-11-24,000043,59.86,1363740
2023-11-27,000043,61.4,8459482
2023-11-28,000043,62.4,8922923
2023-11-29,000043,63.62,3403767
2023-11-30,000043,62.95,5781950
2023-12-01,000043,62.57,6799065
2022-01-03,000044,49.82,2695277
2022-01-04,000044,49.07,8616707
2022-01-05,000044,49.09,3657027
2022-01-06,000044,50.41,4343690
2022-01-07,000044,50.1,2787875
2022-01-10,000044,51.21,2010481
2022-01-11,000044,50.42,7785257
2022-01-12,000044,49.86,6124777
2022-01-13,000044,49.23,1462434
2022-01-14,000044,50.34,3232923
2022-01-17,000044,49.91,4436550
2022-01-18,000044,50.66,7843445
2022-01-19,000044,50.68,9626219
2022-01-20,000044,51.99,6944199
2022-01-21,000044,51.34,3242166
2022-01-24,000044,50.8,2876427
2022-01-25,000044,51.33,5875127
2022-01-26,000044,51.79,2726799
2022-01-27,000044,51.42,2408873
2022-01-28,000044,51.71,3883341
2022-01-31,000044,52.87,5826157
2022-02-01,000044,54.37,4780284
2022-02-02,000044,53.32,6138591
2022-02-03,000044,53.41,2677304
2022-02-04,000044,54.4,4574300
2022-02-07,000044,54.35,6359209
2022-02-08,000044,53.72,3204829
2022-02-09,000044,54.23,3987650
2022-02-10,000044,54.07,5557069
2022-02-11,000044,55.34,9118052
2022-02-14,000044,56.31,6898473
2022-02-15,000044,56.16,1568082
2022-02-16,000044,56.55,7623147
2022-02-17,000044,56.87,9634603
2022-02-18,000044,57.36,8318321
2022-02-21,000044,56.43,5185929
2022-02-22,000044,57.84,5598706
2022-02-23,000044,57.42,5284079
2022-02-24,000044,56.3,7306793
2022-02-25,000044,57.74,2192665
2022-02-28,000044,59.2,9263036
2022-03-01,000044,58.39,6530464
2022-03-02,000044,57.8,2171127
2022-03-03,000044,57.47,4875356
2022-03-04,000044,58.29,7342251
2022-03-07,000044,57.49,8179248
2022-03-08,000044,58.28,5418739
2022-03-09,000044,59.37,8324745
2022-03-10,000044,59.61,3993880
2022-03-11,000044,61.0,1762582
2022-03-14,000044,60.82,3824003
2022-03-15,000044,62.64,3122125
2022-03-16,000044,63.88,2797886
2022-03-17,000044,62.27,2741970
2022-03-18,000044,60.93,6977241
2022-03-21,000044,62.48,8023303
2022-03-22,000044,61.37,4603644
2022-03-23,000044,61.75,8217287
2022-03-24,000044,61.86,3907816
2022-03-25,000044,60.45,4497529
2022-03-28,000044,59.64,8108181
2022-03-29,000044,59.89,7446084
2022-03-30,000044,59.8,3262778
2022-03-31,000044,60.53,5701494
2022-04-01,000044,60.92,2730089
2022-04-04,000044,59.73,1632551
2022-04-05,000044,60.69,1941114
2022-04-06,000044,60.1,6366318
2022-04-07,000044,59.81,2093547
2022-04-08,000044,60.32,2642128
2022-04-11,000044,58.97,5775857
2022-04-12,000044,59.85,2023110
2022-04-13,000044,61.52,5508466
2022-04-14,000044,61.77,9402534
2022-04-15,000044,63.35,7706097
2022-04-18,000044,65.22,1378433
2022-04-19,000044,65.68,3863849
2022-04-20,000044,67.39,4002520
2022-04-21,000044,68.73,9402031
2022-04-22,000044,70.17,6150813
2022-04-25,000044,71.19,3723199
2022-04-26,000044,71.12,4942355
2022-04-27,000044,72.72,2693149
2022-04-28,000044,73.1,8883298
2022-04-29,000044,74.95,9077320
2022-05-02,000044,76.31,9983047
2022-05-03,000044,74.78,2590911
2022-05-04,000044,73.82,1502112
2022-05-05,000044,73.54,4023996
2022-05-06,000044,75.28,9849861
2022-05-09,000044,74.37,1621229
2022-05-10,000044,74.77,9861654
2022-05-11,000044,75.56,5234934
2022-05-12,000044,76.88,9159456
2022-05-13,000044,75.1,9603332
2022-05-16,000044,76.47,6610612
2022-05-17,000044,77.89,9188318
2022-05-18,000044,75.73,7571017
2022-05-19,000044,73.71,3084145
2022-05-20,000044,73.75,2526796
2022-05-23,000044,73.08,9027594
2022-05-24,000044,73.99,1080087
2022-05-25,000044,75.24,1548974
2022-05-26,000044,76.06,2185963
2022-05-27,000044,76.06,7059047
2022-05-30,000044,74.87,1673838
2022-05-31,000044,73.73,7734733
2022-06-01,000044,74.3,8851962
2022-06-02,000044,72.69,6431619
2022-06-03,000044,70.73,6260836
2022-06-06,000044,71.62,9859792
2022-06-07,000044,71.5,6085904
2022-06-08,000044,71.35,1739824
2022-06-09,000044,70.36,4579601
2022-06-10,000044,69.88,9147206
2022-06-13,000044,70.35,6123178
2022-06-14,000044,69.77,5120007
2022-06-15,000044,70.7,1942187
2022-06-16,000044,69.27,1303464
2022-06-17,000044,68.07,1096538
2022-06-20,000044,67.42,9372725
2022-06-21,000044,65.78,9230621
2022-06-22,000044,64.52,6359023
2022-06-23,000044,65.44,3754610
2022-06-24,000044,63.79,8697906
2022-06-27,000044,65.17,6405973
2022-06-28,000044,67.11,3220940
2022-06-29,000044,66.18,7504122
2022-06-30,000044,65.84,1697478
2022-07-01,000044,66.38,8194352
2022-07-04,000044,66.21,2721121
2022-07-05,000044,65.89,9969338
2022-07-06,000044,66.79,1400775
2022-07-07,000044,67.84,7329353
2022-07-08,000044,67.43,8967079
2022-07-11,000044,66.06,3520512
2022-07-12,000044,67.19,9464825
2022-07-13,000044,65.7,1359540
2022-07-14,000044,67.06,1377397
2022-07-15,000044,68.94,4152843
2022-07-18,000044,68.08,7562531
2022-07-19,000044,68.47,5739697
2022-07-20,000044,70.35,6163410
2022-07-21,000044,69.02,6645923
2022-07-22,000044,70.81,2723759
2022-07-25,000044,72.24,4632801
2022-07-26,000044,72.8,4436633
2022-07-27,000044,71.12,3549046
2022-07-28,000044,69.61,6190664
2022-07-29,000044,71.61,3426697
2022-08-01,000044,73.73,5529104
2022-08-02,000044,72.92,7114851
2022-08-03,000044,73.67,2148187
2022-08-04,000044,74.71,6162848
2022-08-05,000044,76.87,3053652
2022-08-08,000044,77.15,4320745
2022-08-09,000044,76.67,7278478
2022-08-10,000044,76.97,4988405
2022-08-11,000044,75.14,5837716
2022-08-12,000044,75.04,4803995
2022-08-15,000044,73.7,2869488
2022-08-16,000044,73.29,3830524
2022-08-17,000044,73.74,3243627
2022-08-18,000044,75.32,8926405
2022-08-19,000044,77.38,6869809
2022-08-22,000044,76.19,4371506
2022-08-23,000044,77.03,9582583
2022-08-24,000044,77.82,6359292
2022-08-25,000044,79.24,9153748
2022-08-26,000044,81.3,2792317
2022-08-29,000044,80.84,6656965
2022-08-30,000044,80.99,2622501
2022-08-31,000044,81.73,4810449
2022-09-01,000044,82.17,2042410
2022-09-02,000044,80.03,9860700
2022-09-05,000044,80.63,5398777
2022-09-06,000044,79.11,1883827
2022-09-07,000044,81.43,8892060
2022-09-08,000044,81.88,9666750
2022-09-09,000044,83.3,4043503
2022-09-12,000044,83.32,3181856
2022-09-13,000044,83.73,8779326
2022-09-14,000044,81.67,3278063
2022-09-15,000044,83.67,6921043
2022-09-16,000044,83.55,8441598
2022-09-19,000044,85.67,9557234
2022-09-20,000044,87.73,3081039
2022-09-21,000044,90.32,5439225
2022-09-22,000044,90.15,6726014
2022-09-23,000044,92.0,3863930
2022-09-26,000044,94.26,1351297
2022-09-27,000044,91.7,9716717
2022-09-28,000044,89.17,5309228
2022-09-29,000044,91.78,5147440
2022-09-30,000044,92.17,3278337
2022-10-03,000044,93.59,8830901
2022-10-04,000044,96.1,1832595
2022-10-05,000044,96.3,5593631
2022-10-06,000044,98.28,1720854
2022-10-07,000044,97.88,4709165
2022-10-10,000044,96.79,7570839
2022-10-11,000044,95.35,2895344
2022-10-12,000044,97.8,7430352
2022-10-13,000044,98.77,2581942
2022-10-14,000044,99.15,2714715
2022-10-17,000044,99.44,4958775
2022-10-18,000044,101.81,2635250
2022-10-19,000044,101.77,2937046
2022-10-20,000044,101.63,9717635
2022-10-21,000044,98.71,9476576
2022-10-24,000044,100.25,6534890
2022-10-25,000044,100.52,2171407
2022-10-26,000044,99.47,6098951
2022-10-27,000044,102.07,4597251
2022-10-28,000044,102.83,7308094
2022-10-31,000044,100.88,2695872
2022-11-01,000044,103.55,4982432
2022-11-02,000044,105.59,5194856
2022-11-03,000044,108.09,6374299
2022-11-04,000044,107.77,6878591
2022-11-07,000044,105.57,3878556
2022-11-08,000044,106.37,2299920
2022-11-09,000044,105.01,3809382
2022-11-10,000044,107.06,3038871
2022-11-11,000044,108.0,8641471
2022-11-14,000044,108.41,4324144
2022-11-15,000044,108.66,9224534
2022-11-16,000044,108.29,7113988
2022-11-17,000044,108.09,3049330
2022-11-18,000044,109.84,2705108
2022-11-21,000044,111.82,3709841
2022-11-22,000044,115.12,3940892
2022-11-23,000044,115.76,8027243
2022-11-24,000044,115.45,5893995
2022-11-25,000044,112.7,4402892
2022-11-28,000044,110.58,8652559
2022-11-29,000044,112.53,4810284
2022-11-30,000044,110.69,8638891
2022-12-01,000044,110.1,6780964
2022-12-02,000044,108.18,8097329
2022-12-05,000044,107.12,2890249
2022-12-06,000044,104.35,3923637
2022-12-07,000044,104.85,5974379
2022-12-08,000044,103.32,7324880
2022-12-09,000044,103.53,4038394
2022-12-12,000044,102.26,5385723
2022-12-13,000044,100.0,1342188
2022-12-14,000044,100.22,4495373
2022-12-15,000044,98.12,3998498
2022-12-16,000044,100.62,1791508
2022-12-19,000044,102.94,9887500
2022-12-20,000044,104.5,2711931
2022-12-21,000044,107.16,4796313
2022-12-22,000044,108.29,7800625
2022-12-23,000044,108.04,6402245
2022-12-26,000044,110.74,1560992
2022-12-27,000044,114.04,1079677
2022-12-28,000044,116.91,5897147
2022-12-29,000044,118.16,3777186
2022-12-30,000044,115.25,5025113
2023-01-02,000044,117.19,7580544
2023-01-03,000044,116.38,8848567
2023-01-04,000044,114.79,9192295
2023-01-05,000044,111.63,2128501
2023-01-06,000044,109.69,5734174
2023-01-09,000044,111.14,5364565
2023-01-10,000044,108.63,7392112
2023-01-11,000044,106.07,2592033
2023-01-12,000044,106.65,1785820
2023-01-13,000044,108.36,4102026
2023-01-16,000044,110.28,2765504
2023-01-17,000044,107.31,8534148
2023-01-18,000044,107.9,3552622
2023-01-19,000044,110.95,5225586
2023-01-20,000044,107.64,6342875
2023-01-23,000044,109.23,2732462
2023-01-24,000044,109.35,2497100
2023-01-25,000044,106.29,9352644
2023-01-26,000044,106.12,3743076
2023-01-27,000044,103.34,8336794
2023-01-30,000044,104.64,4090288
2023-01-31,000044,106.92,5364641
2023-02-01,000044,107.44,3633730
2023-02-02,000044,107.54,6448835
2023-02-03,000044,107.84,4633456
2023-02-06,000044,107.9,1736022
2023-02-07,000044,111.07,9993938
2023-02-08,000044,109.39,6674647
2023-02-09,000044,111.96,1299736
2023-02-10,000044,115.2,5458357
2023-02-13,000044,115.09,9679288
2023-02-14,000044,115.88,7130730
2023-02-15,000044,114.36,8471398
2023-02-16,000044,111.11,7086557
2023-02-17,000044,111.91,3601026
2023-02-20,000044,108.56,9130573
2023-02-21,000044,110.62,2178350
2023-02-22,000044,113.53,6585629
2023-02-23,000044,110.76,6843266
2023-02-24,000044,113.67,1329558
2023-02-27,000044,113.37,1584462
2023-02-28,000044,116.13,2578233
2023-03-01,000044,114.39,1037597
2023-03-02,000044,115.99,9493412
2023-03-03,000044,118.38,8384241
2023-03-06,000044,120.51,8066027
2023-03-07,000044,119.94,4700984
2023-03-08,000044,118.32,2417336
2023-03-09,000044,118.82,9956551
2023-03-10,000044,117.44,2448046
2023-03-13,000044,118.85,2459059
2023-03-14,000044,119.77,8623695
2023-03-15,000044,119.51,3074905
2023-03-16,000044,117.0,9631297
2023-03-17,000044,117.01,1425832
2023-03-20,000044,115.18,1407744
2023-03-21,000044,118.41,1335380
2023-03-22,000044,115.55,4294817
2023-03-23,000044,117.59,7592186
2023-03-24,000044,119.62,6049498
2023-03-27,000044,120.13,9274855
2023-03-28,000044,121.61,7715215
2023-03-29,000044,119.57,4570899
2023-03-30,000044,121.3,5261143
2023-03-31,000044,121.36,5217171
2023-04-03,000044,119.36,9745375
2023-04-04,000044,120.69,2633451
2023-04-05,000044,124.09,7411033
2023-04-06,000044,127.55,6917486
2023-04-07,000044,128.04,7466682
2023-04-10,000044,129.99,1859398
2023-04-11,000044,128.63,1237544
2023-04-12,000044,125.64,5368803
2023-04-13,000044,124.24,7879225
2023-04-14,000044,127.23,1431174
2023-04-17,000044,129.89,6127082
2023-04-18,000044,131.76,6929807
2023-04-19,000044,135.14,3740598
2023-04-20,000044,132.2,3603892
2023-04-21,000044,131.12,1069572
2023-04-24,000044,130.14,2419832
2023-04-25,000044,129.15,3618411
2023-04-26,000044,128.81,3300427
2023-04-27,000044,127.64,2605285
2023-04-28,000044,131.02,9307843
2023-05-01,000044,131.56,1107611
2023-05-02,000044,129.25,7688959
2023-05-03,000044,126.08,3513282
2023-05-04,000044,127.24,6973339
2023-05-05,000044,127.09,4436635
2023-05-08,000044,125.79,8836205
2023-05-09,000044,128.75,4337705
2023-05-10,000044,125.01,6783125
2023-05-11,000044,127.93,4206575
2023-05-12,000044,126.32,5015806
2023-05-15,000044,123.19,7253820
2023-05-16,000044,123.68,8126465
2023-05-17,000044,126.86,3133834
2023-05-18,000044,124.88,3103598
2023-05-19,000044,125.43,3495067
2023-05-22,000044,126.16,9883334
2023-05-23,000044,128.02,6320895
2023-05-24,000044,125.86,9015650
2023-05-25,000044,125.22,8610701
2023-05-26,000044,126.39,2526207
2023-05-29,000044,128.06,7739430
2023-05-30,000044,129.93,8930408
2023-05-31,000044,132.74,8219021
2023-06-01,000044,136.4,9240919
2023-06-02,000044,134.49,6077895
2023-06-05,000044,134.98,9242571
2023-06-06,000044,134.77,3719732
2023-06-07,000044,132.7,5703397
2023-06-08,000044,129.47,8896617
2023-06-09,000044,129.69,4012207
2023-06-12,000044,128.41,6669263
2023-06-13,000044,128.48,3414315
2023-06-14,000044,129.94,3373842
2023-06-15,000044,129.48,2645059
2023-06-16,000044,131.86,4706668
2023-06-19,000044,130.09,3788703
2023-06-20,000044,132.47,2136146
2023-06-21,000044,134.62,3633351
2023-06-22,000044,132.46,6524675
2023-06-23,000044,134.78,8971207
2023-06-26,000044,136.82,8641988
2023-06-27,000044,137.98,7378306
2023-06-28,000044,141.98,8993570
2023-06-29,000044,138.86,9891793
2023-06-30,000044,142.54,1030219
2023-07-03,000044,141.21,4392143
2023-07-04,000044,140.85,3851911
2023-07-05,000044,136.76,5289118
2023-07-06,000044,137.6,6570228
2023-07-07,000044,138.63,5539543
2023-07-10,000044,137.8,7707532
2023-07-11,000044,135.1,8518938
2023-07-12,000044,138.78,3655404
2023-07-13,000044,141.15,3166582
2023-07-14,000044,141.94,5902929
2023-07-17,000044,144.97,2681868
2023-07-18,000044,141.08,5216525
2023-07-19,000044,143.67,1961193
2023-07-20,000044,140.25,4197688
2023-07-21,000044,136.95,7066457
2023-07-24,000044,136.7,5476312
2023-07-25,000044,133.65,1667696
2023-07-26,000044,135.18,7365106
2023-07-27,000044,131.94,2095497
2023-07-28,000044,131.72,7166929
2023-07-31,000044,129.66,1252340
2023-08-01,000044,133.08,9482944
2023-08-02,000044,137.02,1738527
2023-08-03,000044,136.56,3010919
2023-08-04,000044,136.88,1030854
2023-08-07,000044,138.1,3619983
2023-08-08,000044,136.25,4003252
2023-08-09,000044,138.13,4490971
2023-08-10,000044,134.17,2376677
2023-08-11,000044,135.18,6473892
2023-08-14,000044,133.65,2573411
2023-08-15,000044,130.21,6126635
2023-08-16,000044,133.92,8240063
2023-08-17,000044,136.91,1358895
2023-08-18,000044,139.74,4352668
2023-08-21,000044,139.18,3965798
2023-08-22,000044,136.48,7843205
2023-08-23,000044,132.72,7038874
2023-08-24,000044,129.17,3374922
2023-08-25,000044,128.92,3445301
2023-08-28,000044,125.47,9928627
2023-08-29,000044,128.32,1815988
2023-08-30,000044,126.07,5722672
2023-08-31,000044,122.77,5720738
2023-09-01,000044,119.28,7600943
2023-09-04,000044,121.04,1814564
2023-09-05,000044,121.0,6423178
2023-09-06,000044,121.27,3722372
2023-09-07,000044,117.93,7360581
2023-09-08,000044,114.91,2752107
2023-09-11,000044,117.81,8927520
2023-09-12,000044,117.23,2882353
2023-09-13,000044,120.1,4276634
2023-09-14,000044,121.18,8617324
2023-09-15,000044,122.74,1750213
2023-09-18,000044,121.34,5863855
2023-09-19,000044,121.37,4823358
2023-09-20,000044,117.98,6076901
2023-09-21,000044,117.64,6791433
2023-09-22,000044,119.08,7933872
2023-09-25,000044,119.64,4590986
2023-09-26,000044,122.07,7049529
2023-09-27,000044,118.78,7203929
2023-09-28,000044,115.33,6561760
2023-09-29,000044,114.16,5578057
2023-10-02,000044,115.11,1893622
2023-10-03,000044,118.07,6181613
2023-10-04,000044,114.77,7606915
2023-10-05,000044,117.05,9918454
2023-10-06,000044,118.01,6206790
2023-10-09,000044,119.38,2203123
2023-10-10,000044,116.95,9596919
2023-10-11,000044,114.09,8377042
2023-10-12,000044,111.27,5927932
2023-10-13,000044,113.75,3204768
2023-10-16,000044,115.43,5302687
2023-10-17,000044,114.53,2745874
2023-10-18,000044,114.33,6625423
2023-10-19,000044,115.74,5211414
2023-10-20,000044,118.3,9172194
2023-10-23,000044,115.44,7110410
2023-10-24,000044,112.18,4487494
2023-10-25,000044,111.78,2491019
2023-10-26,000044,111.36,2348316
2023-10-27,000044,109.28,8879165
2023-10-30,000044,107.28,3597138
2023-10-31,000044,109.57,9296918
2023-11-01,000044,106.6,6984370
2023-11-02,000044,106.94,4373572
2023-11-03,000044,103.93,7759645
2023-11-06,000044,104.17,2201196
2023-11-07,000044,102.2,3119929
2023-11-08,000044,104.94,3473181
2023-11-09,000044,105.89,3684757
2023-11-10,000044,104.07,1533910
2023-11-13,000044,101.8,3270519
2023-11-14,000044,101.51,3541022
2023-11-15,000044,101.82,3185889
2023-11-16,000044,103.14,3341885
2023-11-17,000044,105.36,8470782
2023-11-20,000044,105.07,8355682
2023-11-21,000044,107.97,2940831
2023-11-22,000044,110.38,8865942
2023-11-23,000044,109.48,2327011
2023-11-24,000044,111.02,4778051
2023-11-27,000044,108.82,8746031
2023-11-28,000044,106.6,9007746
2023-11-29,000044,106.29,8910219
2023-11-30,000044,109.32,8103932
2023-12-01,000044,111.89,6741494
2022-01-03,000045,50.78,7198921
2022-01-04,000045,51.55,6587227
2022-01-05,000045,51.62,1840880
2022-01-06,000045,52.05,8680015
2022-01-07,000045,50.68,3983529
2022-01-10,000045,50.44,3309431
2022-01-11,000045,51.23,5266875
2022-01-12,000045,51.42,1384920
2022-01-13,000045,52.04,4715690
2022-01-14,000045,50.86,3719671
2022-01-17,000045,49.49,9047737
2022-01-18,000045,50.38,5178982
2022-01-19,000045,51.11,1258729
2022-01-20,000045,50.66,1201443
2022-01-21,000045,51.82,1980323
2022-01-24,000045,52.83,3651877
2022-01-25,000045,53.15,9986474
2022-01-26,000045,53.79,1603327
2022-01-27,000045,54.77,2901126
2022-01-28,000045,55.45,6093310
2022-01-31,000045,55.54,2359308
2022-02-01,000045,54.7,1786088
2022-02-02,000045,54.09,1853242
2022-02-03,000045,53.75,2903978
2022-02-04,000045,53.16,7246173
2022-02-07,000045,53.37,7474509
2022-02-08,000045,53.75,3523142
2022-02-09,000045,55.11,3448469
2022-02-10,000045,56.46,7473478
2022-02-11,000045,56.23,7452265
2022-02-14,000045,55.41,5370694
2022-02-15,000045,54.07,6634102
2022-02-16,000045,55.69,3605726
2022-02-17,000045,55.55,1186553
2022-02-18,000045,54.49,6559358
2022-02-21,000045,55.75,7445147
2022-02-22,000045,56.25,5821796
2022-02-23,000045,55.78,2478548
2022-02-24,000045,56.66,5640433
2022-02-25,000045,55.78,5689381
2022-02-28,000045,54.28,4700021
2022-03-01,000045,55.89,5337549
2022-03-02,000045,56.55,4926611
2022-03-03,000045,57.3,1407802
2022-03-04,000045,58.86,7514908
2022-03-07,000045,59.6,8467780
2022-03-08,000045,59.34,1300731
2022-03-09,000045,58.57,3730571
2022-03-10,000045,60.21,5862730
2022-03-11,000045,59.62,1344796
2022-03-14,000045,59.27,6863566
2022-03-15,000045,58.66,9245399
2022-03-16,000045,57.93,3699346
2022-03-17,000045,59.07,7410733
2022-03-18,000045,58.34,3152733
2022-03-21,000045,57.33,8513691
2022-03-22,000045,58.92,1324212
2022-03-23,000045,58.51,9182116
2022-03-24,000045,58.41,3356485
2022-03-25,000045,59.14,5144086
2022-03-28,000045,60.78,5216295
2022-03-29,000045,59.85,8427637
2022-03-30,000045,61.06,6255016
2022-03-31,000045,62.04,2664398
2022-04-01,000045,60.75,4513108
2022-04-04,000045,60.09,8549113
2022-04-05,000045,60.04,1001524
2022-04-06,000045,60.46,4104346
2022-04-07,000045,59.51,6605839
2022-04-08,000045,60.59,5648469
2022-04-11,000045,60.79,7126058
2022-04-12,000045,61.88,2133935
2022-04-13,000045,62.34,9231755
2022-04-14,000045,63.88,4861007
2022-04-15,000045,63.39,3641221
2022-04-18,000045,62.87,5303540
2022-04-19,000045,63.26,7668008
2022-04-20,000045,61.76,2968653
2022-04-21,000045,61.3,3175589
2022-04-22,000045,61.35,7765875
2022-04-25,000045,61.94,3915288
2022-04-26,000045,62.29,2906084
2022-04-27,000045,61.58,7374248
2022-04-28,000045,60.21,1727231
2022-04-29,000045,58.68,1096236
2022-05-02,000045,59.38,6319895
2022-05-03,000045,60.22,4011314
2022-05-04,000045,61.46,1752688
2022-05-05,000045,62.1,3077545
2022-05-06,000045,62.64,1903728
2022-05-09,000045,61.33,1475610
2022-05-10,000045,62.14,7034783
2022-05-11,000045,63.78,5266083
2022-05-12,000045,63.82,4283765
2022-05-13,000045,65.45,3597982
2022-05-16,000045,65.05,2501177
2022-05-17,000045,66.15,6468926
2022-05-18,000045,65.73,3674373
2022-05-19,000045,64.46,7439615
2022-05-20,000045,66.3,8256001
2022-05-23,000045,66.59,4656205
2022-05-24,000045,64.65,3519537
2022-05-25,000045,64.41,3067816
2022-05-26,000045,63.3,3967369
2022-05-27,000045,62.18,6468886
2022-05-30,000045,61.94,1174631
2022-05-31,000045,63.35,4387825
2022-06-01,000045,63.93,3725098
2022-06-02,000045,65.55,8365413
2022-06-03,000045,67.26,4052844
2022-06-06,000045,66.77,8484632
2022-06-07,000045,67.02,5050353
2022-06-08,000045,67.45,8726324
2022-06-09,000045,65.68,9634454
2022-06-10,000045,65.32,1190242
2022-06-13,000045,63.57,8119570
2022-06-14,000045,64.88,3484699
2022-06-15,000045,64.54,5000619
2022-06-16,000045,63.35,5214923
2022-06-17,000045,62.24,9337234
2022-06-20,000045,62.15,7670259
2022-06-21,000045,62.12,2901517
2022-06-22,000045,62.8,8034171
2022-06-23,000045,60.98,5843771
2022-06-24,000045,61.5,5768806
2022-06-27,000045,61.53,7728171
2022-06-28,000045,61.8,8604006
2022-06-29,000045,62.82,5935425
2022-06-30,000045,61.35,7705050
2022-07-01,000045,59.58,1925585
2022-07-04,000045,59.4,6322039
2022-07-05,000045,58.5,8980780
2022-07-06,000045,60.19,5884384
2022-07-07,000045,60.79,1849375
2022-07-08,000045,59.44,5250669
2022-07-11,000045,61.03,3236142
2022-07-12,000045,59.9,8918386
2022-07-13,000045,59.64,2198444
2022-07-14,000045,58.23,4899832
2022-07-15,000045,58.71,3293855
2022-07-18,000045,57.93,1942667
2022-07-19,000045,57.32,5384784
2022-07-20,000045,57.57,7698162
2022-07-21,000045,57.4,4728755
2022-07-22,000045,57.6,9174102
2022-07-25,000045,56.66,5401327
2022-07-26,000045,55.05,4165492
2022-07-27,000045,53.8,7172358
2022-07-28,000045,53.4,8615107
2022-07-29,000045,52.03,1982208
2022-08-01,000045,52.15,6732461
2022-08-02,000045,52.9,8323477
2022-08-03,000045,52.35,3319534
2022-08-04,000045,52.11,1051966
2022-08-05,000045,53.65,3776349
2022-08-08,000045,52.37,6733227
2022-08-09,000045,51.11,5243334
2022-08-10,000045,51.7,5543961
2022-08-11,000045,52.29,9144104
2022-08-12,000045,51.6,2603509
2022-08-15,000045,51.27,8559378
2022-08-16,000045,51.38,9210241
2022-08-17,000045,52.59,8020824
2022-08-18,000045,51.38,5178815
2022-08-19,000045,52.49,5567535
2022-08-22,000045,52.01,3025769
2022-08-23,000045,50.9,9770582
2022-08-24,000045,50.77,1857475
2022-08-25,000045,49.89,6068895
2022-08-26,000045,51.11,3887861
2022-08-29,000045,52.4,7111697
2022-08-30,000045,52.52,1853795
2022-08-31,000045,51.1,9254731
2022-09-01,000045,52.41,1589691
2022-09-02,000045,53.27,5779301
2022-09-05,000045,54.41,7237501
2022-09-06,000045,53.2,2324337
2022-09-07,000045,51.96,1346090
2022-09-08,000045,52.13,5703539
2022-09-09,000045,52.02,6186194
2022-09-12,000045,51.28,2055679
2022-09-13,000045,50.99,2969427
2022-09-14,000045,50.95,8974816
2022-09-15,000045,50.71,9761365
2022-09-16,000045,49.23,1654225
2022-09-19,000045,49.89,2418518
2022-09-20,000045,48.64,8729312
2022-09-21,000045,49.05,2319154
2022-09-22,000045,47.7,5387904
2022-09-23,000045,46.79,1855913
2022-09-26,000045,46.45,6668284
2022-09-27,000045,47.41,9868110
2022-09-28,000045,48.25,7307595
2022-09-29,000045,46.88,3340634
2022-09-30,000045,45.54,2214591
2022-10-03,000045,44.77,4705387
2022-10-04,000045,45.52,9718509
2022-10-05,000045,45.73,1707754
2022-10-06,000045,46.33,2533478
2022-10-07,000045,45.4,1537320
2022-10-10,000045,46.32,3119977
2022-10-11,000045,45.0,7448585
2022-10-12,000045,44.92,8696126
2022-10-13,000045,45.77,7050348
2022-10-14,000045,45.63,3852345
2022-10-17,000045,46.56,6016231
2022-10-18,000045,45.96,6559158
2022-10-19,000045,45.94,1650577
2022-10-20,000045,45.59,3549324
2022-10-21,000045,44.31,5289832
2022-10-24,000045,43.27,8872674
2022-10-25,000045,43.75,6075263
2022-10-26,000045,43.56,7921550
2022-10-27,000045,43.38,3074489
2022-10-28,000045,43.35,3529738
2022-10-31,000045,44.6,4398868
2022-11-01,000045,45.29,5258069
2022-11-02,000045,44.83,5056786
2022-11-03,000045,44.69,1934714
2022-11-04,000045,43.62,6578110
2022-11-07,000045,43.09,3005460
2022-11-08,000045,43.44,2821232
2022-11-09,000045,42.97,3425505
2022-11-10,000045,43.14,6992828
2022-11-11,000045,43.54,3951240
2022-11-14,000045,43.59,7471176
2022-11-15,000045,42.44,2359301
2022-11-16,000045,42.41,5660549
2022-11-17,000045,42.36,5485243
2022-11-18,000045,42.92,3088901
2022-11-21,000045,42.1,5315694
2022-11-22,000045,41.39,6262781
2022-11-23,000045,40.46,5877552
2022-11-24,000045,40.39,6990632
2022-11-25,000045,40.46,8711542
2022-11-28,000045,41.41,9315016
2022-11-29,000045,41.76,5407234
2022-11-30,000045,41.33,2505561
2022-12-01,000045,40.36,2610754
2022-12-02,000045,40.18,8780056
2022-12-05,000045,40.12,3055962
2022-12-06,000045,39.96,6120729
2022-12-07,000045,40.47,8724863
2022-12-08,000045,41.64,7062335
2022-12-09,000045,42.38,4904419
2022-12-12,000045,43.06,7407323
2022-12-13,000045,43.61,1107450
2022-12-14,000045,43.1,9717475
2022-12-15,000045,42.47,4402804
2022-12-16,000045,42.41,8874047
2022-12-19,000045,42.49,7836754
2022-12-20,000045,43.49,9933154
2022-12-21,000045,44.74,5415787
2022-12-22,000045,45.82,6470683
2022-12-23,000045,45.32,3690838
2022-12-26,000045,45.33,1187767
2022-12-27,000045,44.94,8039038
2022-12-28,000045,45.27,1570589
2022-12-29,000045,44.92,4633693
2022-12-30,000045,44.18,4824890
2023-01-02,000045,44.21,4581440
2023-01-03,000045,44.46,9315905
2023-01-04,000045,45.3,7862785
2023-01-05,000045,46.49,9875062
2023-01-06,000045,45.56,3579865
2023-01-09,000045,46.23,8482529
2023-01-10,000045,45.94,7508376
2023-01-11,000045,45.11,7813501
2023-01-12,000045,44.54,4071899
2023-01-13,000045,45.29,6733004
2023-01-16,000045,44.96,3161779
2023-01-17,000045,46.24,5703405
2023-01-18,000045,45.24,9134329
2023-01-19,000045,44.43,3532228
2023-01-20,000045,43.38,3102517
2023-01-23,000045,44.65,3048896
2023-01-24,000045,45.13,3680857
2023-01-25,000045,46.25,6750067
2023-01-26,000045,47.41,2744112
2023-01-27,000045,46.19,8216376
2023-01-30,000045,44.92,8679880
2023-01-31,000045,45.88,7431571
2023-02-01,000045,46.03,2344105
2023-02-02,000045,46.8,6888117
2023-02-03,000045,47.84,2006232
2023-02-06,000045,46.81,4393009
2023-02-07,000045,45.81,3966138
2023-02-08,000045,46.63,3860792
2023-02-09,000045,47.82,9822812
2023-02-10,000045,47.89,1689693
2023-02-13,000045,47.03,7821933
2023-02-14,000045,45.8,2930680
2023-02-15,000045,46.23,7008278
2023-02-16,000045,45.65,8670882
2023-02-17,000045,45.48,5403825
2023-02-20,000045,46.7,9345696
2023-02-21,000045,46.33,2013407
2023-02-22,000045,45.33,1756647
2023-02-23,000045,44.04,9918106
2023-02-24,000045,45.03,8819812
2023-02-27,000045,46.07,8246221
2023-02-28,000045,46.13,4008061
2023-03-01,000045,45.43,6041026
2023-03-02,000045,46.36,5416332
2023-03-03,000045,46.73,2808016
2023-03-06,000045,48.07,8309601
2023-03-07,000045,49.36,7668557
2023-03-08,000045,49.96,6599621
2023-03-09,000045,50.65,6674229
2023-03-10,000045,49.95,6497831
2023-03-13,000045,51.21,7146964
2023-03-14,000045,51.36,7941685
2023-03-15,000045,50.66,8242638
2023-03-16,000045,50.68,7477572
2023-03-17,000045,52.04,8633577
2023-03-20,000045,52.48,6008960
2023-03-21,000045,52.93,2558855
2023-03-22,000045,52.42,4433757
2023-03-23,000045,52.74,9817905
2023-03-24,000045,52.01,2155891
2023-03-27,000045,51.04,9153398
2023-03-28,000045,51.22,7433470
2023-03-29,000045,51.57,2047594
2023-03-30,000045,52.73,6765959
2023-03-31,000045,53.77,8421139
2023-04-03,000045,55.17,9069952
2023-04-04,000045,55.14,8738683
2023-04-05,000045,55.96,3371485
2023-04-06,000045,57.14,1288164
2023-04-07,000045,58.29,5116280
2023-04-10,000045,59.53,3888600
2023-04-11,000045,59.62,5093121
2023-04-12,000045,61.03,7350466
2023-04-13,000045,60.03,2330470
2023-04-14,000045,59.02,1166927
2023-04-17,000045,59.64,4523262
2023-04-18,000045,59.09,6804616
2023-04-19,000045,59.58,9573588
2023-04-20,000045,58.98,3813176
2023-04-21,000045,57.54,5555598
2023-04-24,000045,57.87,1835511
2023-04-25,000045,57.6,6321431
2023-04-26,000045,57.41,7884359
2023-04-27,000045,58.98,6775396
2023-04-28,000045,60.21,7269372
2023-05-01,000045,59.45,8536068
2023-05-02,000045,58.05,4808439
2023-05-03,000045,57.16,2864978
2023-05-04,000045,58.77,1485909
2023-05-05,000045,58.9,3852575
2023-05-08,000045,57.85,5800173
2023-05-09,000045,57.2,8816063
2023-05-10,000045,57.35,9585959
2023-05-11,000045,58.27,6624544
2023-05-12,000045,57.41,3561542
2023-05-15,000045,56.25,2916410
2023-05-16,000045,56.74,7775143
2023-05-17,000045,56.94,3089559
2023-05-18,000045,56.64,9890969
2023-05-19,000045,57.93,8430995
2023-05-22,000045,58.35,7591867
2023-05-23,000045,58.63,9347492
2023-05-24,000045,57.51,2426943
2023-05-25,000045,57.78,5023715
2023-05-26,000045,56.67,5720104
2023-05-29,000045,56.35,8993155
2023-05-30,000045,57.14,6629699
2023-05-31,000045,58.76,4205931
2023-06-01,000045,58.78,9428807
2023-06-02,000045,59.24,7778937
2023-06-05,000045,57.63,7813244
2023-06-06,000045,58.48,3290768
2023-06-07,000045,58.1,3125775
2023-06-08,000045,58.82,1885974
2023-06-09,000045,58.63,9871732
2023-06-12,000045,58.51,8508200
2023-06-13,000045,59.87,6306955
2023-06-14,000045,59.15,7645984
2023-06-15,000045,60.52,2141108
2023-06-16,000045,61.97,9926589
2023-06-19,000045,63.32,7890441
2023-06-20,000045,64.31,3606659
2023-06-21,000045,63.68,4402225
2023-06-22,000045,63.67,2614495
2023-06-23,000045,63.69,6067811
2023-06-26,000045,62.77,4542008
2023-06-27,000045,61.05,9614869
2023-06-28,000045,62.83,3077759
2023-06-29,000045,62.28,8353063
2023-06-30,000045,60.53,2168490
2023-07-03,000045,61.92,6569123
2023-07-04,000045,63.56,4997556
2023-07-05,000045,62.39,9339442
2023-07-06,000045,63.0,2128733
2023-07-07,000045,62.56,2962451
2023-07-10,000045,62.82,6113773
2023-07-11,000045,63.51,5253189
2023-07-12,000045,62.8,2029249
2023-07-13,000045,61.82,4386026
2023-07-14,000045,60.63,8581149
2023-07-17,000045,60.65,2644168
2023-07-18,000045,59.01,6383783
2023-07-19,000045,59.5,5745977
2023-07-20,000045,61.13,5689300
2023-07-21,000045,59.84,2456087
2023-07-24,000045,58.94,5436291
2023-07-25,000045,58.37,1400625
2023-07-26,000045,58.06,7816004
2023-07-27,000045,57.71,8287247
2023-07-28,000045,56.35,9980308
2023-07-31,000045,55.22,1762692
2023-08-01,000045,55.38,7295563
2023-08-02,000045,53.85,7646465
2023-08-03,000045,54.16,5955104
2023-08-04,000045,53.3,9513471
2023-08-07,000045,52.07,2083645
2023-08-08,000045,50.99,3423604
2023-08-09,000045,49.78,9096635
2023-08-10,000045,48.82,5433903
2023-08-11,000045,48.46,4065158
2023-08-14,000045,47.16,9950850
2023-08-15,000045,47.92,7074602
2023-08-16,000045,47.74,5983036
2023-08-17,000045,47.46,4142820
2023-08-18,000045,48.02,6264375
2023-08-21,000045,48.92,2176149
2023-08-22,000045,50.13,5904961
2023-08-23,000045,49.23,5193548
2023-08-24,000045,50.05,7290570
2023-08-25,000045,49.68,8683377
2023-08-28,000045,48.52,3576858
2023-08-29,000045,48.12,1166212
2023-08-30,000045,49.18,4423892
2023-08-31,000045,49.91,5342118
2023-09-01,000045,51.38,4635477
2023-09-04,000045,51.45,6416717
2023-09-05,000045,52.63,4173805
2023-09-06,000045,53.22,7257859
2023-09-07,000045,53.14,1770132
2023-09-08,000045,54.11,4880326
2023-09-11,000045,54.92,9956648
2023-09-12,000045,54.75,5131673
2023-09-13,000045,54.6,4648768
2023-09-14,000045,53.74,5048280
2023-09-15,000045,52.66,1193704
2023-09-18,000045,52.98,4376730
2023-09-19,000045,53.21,9091858
2023-09-20,000045,53.63,9628703
2023-09-21,000045,54.4,7268768
2023-09-22,000045,55.92,9237450
2023-09-25,000045,57.28,9786907
2023-09-26,000045,57.97,9838428
2023-09-27,000045,56.96,5015532
2023-09-28,000045,57.85,7715071
2023-09-29,000045,56.96,3147001
2023-10-02,000045,57.49,7988351
2023-10-03,000045,56.19,6335616
2023-10-04,000045,56.65,8694080
2023-10-05,000045,58.1,2332697
2023-10-06,000045,57.11,9798739
2023-10-09,000045,58.52,5324125
2023-10-10,000045,57.08,8786369
2023-10-11,000045,57.41,6085626
2023-10-12,000045,56.37,4044884
2023-10-13,000045,57.27,2994284
2023-10-16,000045,56.69,4743079
2023-10-17,000045,57.24,9203119
2023-10-18,000045,56.91,2895690
2023-10-19,000045,58.04,8106137
2023-10-20,000045,57.13,4799387
2023-10-23,000045,58.24,6643970
2023-10-24,000045,59.02,3744309
2023-10-25,000045,60.03,4542184
2023-10-26,000045,58.68,9545150
2023-10-27,000045,58.61,2777993
2023-10-30,000045,57.8,5752543
2023-10-31,000045,58.39,3920151
2023-11-01,000045,57.68,5702554
2023-11-02,000045,58.56,3905468
2023-11-03,000045,57.79,6470458
2023-11-06,000045,58.03,9115942
2023-11-07,000045,57.99,9516912
2023-11-08,000045,56.41,6115330
2023-11-09,000045,57.16,6766278
2023-11-10,000045,56.51,9324051
2023-11-13,000045,56.49,8817094
2023-11-14,000045,55.98,1747627
2023-11-15,000045,55.34,8481343
2023-11-16,000045,54.02,5883250
2023-11-17,000045,54.23,2189744
2023-11-20,000045,53.45,5311141
2023-11-21,000045,54.75,7555390
2023-11-22,000045,55.79,7169151
2023-11-23,000045,54.44,4309049
2023-11-24,000045,52.99,4509742
2023-11-27,000045,53.05,2307942
2023-11-28,000045,53.82,5202975
2023-11-29,000045,53.38,5717417
2023-11-30,000045,51.97,8321020
2023-12-01,000045,53.28,4677232
2022-01-03,000046,50.45,1327890
2022-01-04,000046,49.03,1672406
2022-01-05,000046,48.19,2366456
2022-01-06,000046,49.5,4536314
2022-01-07,000046,48.73,1091377
2022-01-10,000046,49.31,6571577
2022-01-11,000046,50.11,9863289
2022-01-12,000046,50.11,8700875
2022-01-13,000046,49.1,7528056
2022-01-14,000046,48.65,2413370
2022-01-17,000046,49.81,2506093
2022-01-18,000046,50.3,1554383
2022-01-19,000046,49.58,5561586
2022-01-20,000046,48.14,8408191
2022-01-21,000046,46.88,4599894
2022-01-24,000046,45.52,2777420
2022-01-25,000046,45.22,9136812
2022-01-26,000046,45.28,1508922
2022-01-27,000046,45.92,7060239
2022-01-28,000046,45.18,1946325
2022-01-31,000046,45.39,2461532
2022-02-01,000046,46.69,5019126
2022-02-02,000046,45.3,1765024
2022-02-03,000046,43.95,8952652
2022-02-04,000046,44.02,3928429
2022-02-07,000046,43.48,2054021
2022-02-08,000046,43.4,8004163
2022-02-09,000046,43.65,5875076
2022-02-10,000046,44.93,5262621
2022-02-11,000046,43.89,1099669
2022-02-14,000046,43.43,9312512
2022-02-15,000046,44.32,6412024
2022-02-16,000046,44.56,2005787
2022-02-17,000046,44.47,9437936
2022-02-18,000046,44.74,1865548
2022-02-21,000046,43.57,1320516
2022-02-22,000046,44.62,2613698
2022-02-23,000046,44.87,5586986
2022-02-24,000046,45.86,7689691
2022-02-25,000046,45.26,7087655
2022-02-28,000046,46.38,3027978
2022-03-01,000046,47.73,7284616
2022-03-02,000046,47.0,4334257
2022-03-03,000046,46.75,3037190
2022-03-04,000046,45.93,8124574
2022-03-07,000046,46.98,8442497
2022-03-08,000046,46.21,7140579
2022-03-09,000046,45.54,7848491
2022-03-10,000046,46.57,6472033
2022-03-11,000046,47.97,4754625
2022-03-14,000046,48.89,1202732
2022-03-15,000046,49.78,4992735
2022-03-16,000046,49.99,4128320
2022-03-17,000046,48.86,2777284
2022-03-18,000046,49.82,7661218
2022-03-21,000046,49.49,1013497
2022-03-22,000046,50.15,6778421
2022-03-23,000046,51.15,2340873
2022-03-24,000046,49.73,4797548
2022-03-25,000046,50.26,8408566
2022-03-28,000046,50.14,9246744
2022-03-29,000046,50.1,8973195
2022-03-30,000046,49.7,1369783
2022-03-31,000046,49.87,6195211
2022-04-01,000046,50.16,7569989
2022-04-04,000046,51.38,9403115
2022-04-05,000046,50.25,5409867
2022-04-06,000046,51.61,5676554
2022-04-07,000046,51.37,9581744
2022-04-08,000046,50.14,6448856
2022-04-11,000046,48.85,4805047
2022-04-12,000046,50.28,4114584
2022-04-13,000046,49.47,7107297
2022-04-14,000046,50.27,8801547
2022-04-15,000046,50.61,7889842
2022-04-18,000046,51.68,2714540
2022-04-19,000046,51.57,1927095
2022-04-20,000046,52.68,2741124
2022-04-21,000046,53.7,6204581
2022-04-22,000046,54.26,2834866
2022-04-25,000046,54.0,2565559
2022-04-26,000046,53.29,7375205
2022-04-27,000046,54.66,2773303
2022-04-28,000046,54.13,5923307
2022-04-29,000046,52.56,7414347
2022-05-02,000046,51.48,6500928
2022-05-03,000046,50.57,2878699
2022-05-04,000046,49.95,6097888
2022-05-05,000046,50.98,9436157
2022-05-06,000046,51.08,4085468
2022-05-09,000046,51.08,9262450
2022-05-10,000046,50.01,5674447
2022-05-11,000046,49.71,6356746
2022-05-12,000046,48.35,8039555
2022-05-13,000046,46.96,3612751
2022-05-16,000046,45.78,4237228
2022-05-17,000046,45.46,7579318
2022-05-18,000046,45.39,1144176
2022-05-19,000046,44.53,8700572
2022-05-20,000046,44.28,6247241
2022-05-23,000046,45.45,2798882
2022-05-24,000046,44.46,2918692
2022-05-25,000046,44.77,3544590
2022-05-26,000046,44.96,3807308
2022-05-27,000046,44.3,8166842
2022-05-30,000046,43.52,6580249
2022-05-31,000046,42.37,4512285
2022-06-01,000046,41.22,5950739
2022-06-02,000046,40.14,1610155
2022-06-03,000046,40.87,6100077
2022-06-06,000046,39.77,4758680
2022-06-07,000046,38.93,3279909
2022-06-08,000046,38.54,8788253
2022-06-09,000046,37.57,6738561
2022-06-10,000046,36.83,5544185
2022-06-13,000046,36.41,9579138
2022-06-14,000046,35.65,2106338
2022-06-15,000046,34.91,6294570
2022-06-16,000046,33.94,3911931
2022-06-17,000046,34.86,4410914
2022-06-20,000046,35.09,6390474
2022-06-21,000046,35.4,5476662
2022-06-22,000046,35.49,2295418
2022-06-23,000046,34.82,2155605
2022-06-24,000046,34.95,6358563
2022-06-27,000046,34.28,9134335
2022-06-28,000046,35.04,8666092
2022-06-29,000046,35.48,1086553
2022-06-30,000046,35.47,8617118
2022-07-01,000046,34.6,7559470
2022-07-04,000046,34.45,8970477
2022-07-05,000046,33.49,3657721
2022-07-06,000046,33.18,4980911
2022-07-07,000046,32.82,3334070
2022-07-08,000046,32.88,8468191
2022-07-11,000046,32.98,2239971
2022-07-12,000046,33.11,8057160
2022-07-13,000046,32.31,9502313
2022-07-14,000046,32.46,4627159
2022-07-15,000046,32.04,6586304
2022-07-18,000046,32.41,3428113
2022-07-19,000046,33.29,9610959
2022-07-20,000046,34.14,4961296
2022-07-21,000046,33.71,7760675
2022-07-22,000046,34.45,1456445
2022-07-25,000046,34.49,8412547
2022-07-26,000046,35.22,4037655
2022-07-27,000046,35.9,5509825
2022-07-28,000046,36.66,8913897
2022-07-29,000046,36.4,5337563
2022-08-01,000046,35.52,7102029
2022-08-02,000046,35.71,8268029
2022-08-03,000046,35.85,1692821
2022-08-04,000046,36.85,8977104
2022-08-05,000046,37.06,6838969
2022-08-08,000046,35.97,4687208
2022-08-09,000046,35.35,6992476
2022-08-10,000046,34.7,7506011
2022-08-11,000046,34.26,6530689
2022-08-12,000046,34.62,5386765
2022-08-15,000046,33.89,4547133
2022-08-16,000046,34.49,3515257
2022-08-17,000046,35.29,3145233
2022-08-18,000046,34.4,4564208
2022-08-19,000046,34.03,6574178
2022-08-22,000046,33.99,2137456
2022-08-23,000046,33.61,4670923
2022-08-24,000046,33.92,2803567
2022-08-25,000046,34.71,4909391
2022-08-26,000046,35.64,5766121
2022-08-29,000046,34.87,1189100
2022-08-30,000046,34.26,8000937
2022-08-31,000046,35.23,9668285
2022-09-01,000046,35.46,6266815
2022-09-02,000046,35.94,6181336
2022-09-05,000046,36.51,4390153
2022-09-06,000046,37.39,2816407
2022-09-07,000046,37.43,8529179
2022-09-08,000046,37.92,3371726
2022-09-09,000046,37.94,7950505
2022-09-12,000046,38.14,8071199
2022-09-13,000046,38.14,2722631
2022-09-14,000046,37.62,2892847
2022-09-15,000046,38.46,6683502
2022-09-16,000046,39.33,6424536
2022-09-19,000046,39.81,3157343
2022-09-20,000046,39.15,3996267
2022-09-21,000046,38.54,4369000
2022-09-22,000046,39.19,1937230
2022-09-23,000046,39.33,2498092
2022-09-26,000046,38.27,2479518
2022-09-27,000046,37.67,8590507
2022-09-28,000046,38.06,7008202
2022-09-29,000046,39.13,9729471
2022-09-30,000046,39.74,6568422
2022-10-03,000046,40.85,6766458
2022-10-04,000046,41.04,2738007
2022-10-05,000046,41.6,1955709
2022-10-06,000046,42.61,3997347
2022-10-07,000046,42.61,8340233
2022-10-10,000046,42.73,5010147
2022-10-11,000046,41.6,4736531
2022-10-12,000046,40.36,6951516
2022-10-13,000046,41.34,1058737
2022-10-14,000046,40.14,6170686
2022-10-17,000046,40.98,3968469
2022-10-18,000046,41.46,2838510
2022-10-19,000046,41.89,2026861
2022-10-20,000046,41.0,4432990
2022-10-21,000046,40.59,7723233
2022-10-24,000046,40.94,9023331
2022-10-25,000046,41.67,3375279
2022-10-26,000046,41.61,8811209
2022-10-27,000046,41.63,9752894
2022-10-28,000046,41.88,1975372
2022-10-31,000046,41.99,6168478
2022-11-01,000046,42.3,5042189
2022-11-02,000046,42.1,7573898
2022-11-03,000046,40.98,1176795
2022-11-04,000046,39.94,3384853
2022-11-07,000046,38.85,8472582
2022-11-08,000046,39.39,9678196
2022-11-09,000046,40.43,1222033
2022-11-10,000046,40.36,1290013
2022-11-11,000046,39.27,4142724
2022-11-14,000046,40.37,2819119
2022-11-15,000046,40.23,4535111
2022-11-16,000046,39.12,9574692
2022-11-17,000046,38.66,3417332
2022-11-18,000046,37.68,2564473
2022-11-21,000046,37.43,9523123
2022-11-22,000046,37.61,1626236
2022-11-23,000046,36.57,5375399
2022-11-24,000046,36.16,1717034
2022-11-25,000046,37.16,4543953
2022-11-28,000046,38.26,4333482
2022-11-29,000046,37.96,1331740
2022-11-30,000046,38.09,1663342
2022-12-01,000046,37.29,6115837
2022-12-02,000046,36.85,2901390
2022-12-05,000046,36.44,1001817
2022-12-06,000046,36.66,6146229
2022-12-07,000046,35.97,1736122
2022-12-08,000046,36.8,8049014
2022-12-09,000046,36.49,8848769
2022-12-12,000046,36.6,8605742
2022-12-13,000046,37.01,8319261
2022-12-14,000046,37.69,3129096
2022-12-15,000046,37.98,5260052
2022-12-16,000046,37.91,8102026
2022-12-19,000046,37.11,1705230
2022-12-20,000046,36.03,4320871
2022-12-21,000046,36.4,7038617
2022-12-22,000046,36.24,7285577
2022-12-23,000046,35.84,4241597
2022-12-26,000046,35.21,1860146
2022-12-27,000046,34.9,2327787
2022-12-28,000046,34.48,4527951
2022-12-29,000046,35.37,2903961
2022-12-30,000046,36.33,9925479
2023-01-02,000046,35.26,2690082
2023-01-03,000046,36.04,3396615
2023-01-04,000046,35.8,1780067
2023-01-05,000046,36.34,5062536
2023-01-06,000046,36.47,5063997
2023-01-09,000046,36.63,5975383
2023-01-10,000046,37.29,7782523
2023-01-11,000046,38.26,5758350
2023-01-12,000046,38.28,9441174
2023-01-13,000046,38.22,3005820
2023-01-16,000046,37.87,4040960
2023-01-17,000046,38.03,1206077
2023-01-18,000046,38.37,8164058
2023-01-19,000046,38.51,4181963
2023-01-20,000046,38.98,9255569
2023-01-23,000046,38.96,2560072
2023-01-24,000046,38.75,3622060
2023-01-25,000046,38.61,5513657
2023-01-26,000046,39.44,8473096
2023-01-27,000046,39.48,4107653
2023-01-30,000046,40.56,2553105
2023-01-31,000046,40.18,2873539
2023-02-01,000046,40.17,6597752
2023-02-02,000046,39.16,2238354
2023-02-03,000046,39.04,1652661
2023-02-06,000046,38.76,4732383
2023-02-07,000046,37.71,7745121
2023-02-08,000046,38.1,2979413
2023-02-09,000046,37.42,1931940
2023-02-10,000046,36.86,5778490
2023-02-13,000046,35.87,5217439
2023-02-14,000046,35.51,7233796
2023-02-15,000046,36.32,9169191
2023-02-16,000046,36.27,1768741
2023-02-17,000046,36.91,5621979
2023-02-20,000046,37.6,1683698
2023-02-21,000046,37.4,7466711
2023-02-22,000046,37.24,6544336
2023-02-23,000046,37.08,6634152
2023-02-24,000046,36.32,2898473
2023-02-27,000046,36.57,6498460
2023-02-28,000046,36.37,1577020
2023-03-01,000046,37.21,4741009
2023-03-02,000046,36.25,5377061
2023-03-03,000046,36.97,2505125
2023-03-06,000046,36.62,7950428
2023-03-07,000046,37.49,8944276
2023-03-08,000046,36.56,3566069
2023-03-09,000046,37.35,7808512
2023-03-10,000046,37.92,8034593
2023-03-13,000046,37.76,5696453
2023-03-14,000046,37.01,2959669
2023-03-15,000046,38.09,4604428
2023-03-16,000046,37.64,6071913
2023-03-17,000046,37.79,9851227
2023-03-20,000046,37.36,9787051
2023-03-21,000046,37.35,9304149
2023-03-22,000046,37.78,3569715
2023-03-23,000046,36.67,5074676
2023-03-24,000046,36.88,6403296
2023-03-27,000046,37.87,7444631
2023-03-28,000046,38.14,2883110
2023-03-29,000046,38.71,7783912
2023-03-30,000046,38.97,9688942
2023-03-31,000046,37.83,4911408
2023-04-03,000046,37.45,6131948
2023-04-04,000046,38.08,2652555
2023-04-05,000046,38.04,8230695
2023-04-06,000046,37.43,1584652
2023-04-07,000046,37.05,1965104
2023-04-10,000046,36.88,7276692
2023-04-11,000046,37.8,2949764
2023-04-12,000046,37.51,6637774
2023-04-13,000046,36.92,7240686
2023-04-14,000046,36.33,1559140
2023-04-17,000046,37.35,3242016
2023-04-18,000046,38.27,7401342
2023-04-19,000046,38.52,3340829
2023-04-20,000046,38.71,9623877
2023-04-21,000046,38.14,8286411
2023-04-24,000046,38.92,4823777
2023-04-25,000046,39.9,1147405
2023-04-26,000046,40.57,7333593
2023-04-27,000046,40.56,3978804
2023-04-28,000046,41.04,2472416
2023-05-01,000046,41.87,1869090
2023-05-02,000046,41.46,9288792
2023-05-03,000046,41.09,2378026
2023-05-04,000046,41.36,6958158
2023-05-05,000046,40.87,7352572
2023-05-08,000046,39.81,2073033
2023-05-09,000046,39.77,9166574
2023-05-10,000046,38.63,7096648
2023-05-11,000046,38.84,8200993
2023-05-12,000046,38.49,8166567
2023-05-15,000046,37.86,9010049
2023-05-16,000046,37.37,9674160
2023-05-17,000046,36.92,4535406
2023-05-18,000046,37.27,4405937
2023-05-19,000046,37.31,8710645
2023-05-22,000046,38.11,4619646
2023-05-23,000046,38.03,4381305
2023-05-24,000046,37.87,3189525
2023-05-25,000046,38.86,5472027
2023-05-26,000046,38.95,7154003
2023-05-29,000046,38.96,1549116
2023-05-30,000046,40.03,5778053
2023-05-31,000046,40.76,2510522
2023-06-01,000046,39.91,5463224
2023-06-02,000046,39.84,4921165
2023-06-05,000046,39.2,9667714
2023-06-06,000046,38.83,5925338
2023-06-07,000046,37.74,9077568
2023-06-08,000046,37.45,6903730
2023-06-09,000046,37.13,6430598
2023-06-12,000046,37.6,1526692
2023-06-13,000046,36.9,1128143
2023-06-14,000046,36.18,2309740
2023-06-15,000046,36.12,3502946
2023-06-16,000046,35.41,5393770
2023-06-19,000046,35.93,1477022
2023-06-20,000046,36.58,6732322
2023-06-21,000046,37.17,4236912
2023-06-22,000046,36.43,6481768
2023-06-23,000046,37.26,9269465
2023-06-26,000046,37.63,2825699
2023-06-27,000046,37.56,3348854
2023-06-28,000046,37.3,3066802
2023-06-29,000046,37.07,1216194
2023-06-30,000046,37.8,8272133
2023-07-03,000046,37.38,6589972
2023-07-04,000046,37.95,4523110
2023-07-05,000046,37.17,2003490
2023-07-06,000046,37.88,4630796
2023-07-07,000046,38.94,5419653
2023-07-10,000046,40.03,2707911
2023-07-11,000046,40.68,1601230
2023-07-12,000046,41.69,1617106
2023-07-13,000046,40.97,6935546
2023-07-14,000046,40.94,6310815
2023-07-17,000046,40.87,9309893
2023-07-18,000046,40.62,1466073
2023-07-19,000046,41.37,5802282
2023-07-20,000046,41.14,6166068
2023-07-21,000046,40.65,8005338
2023-07-24,000046,41.69,8735317
2023-07-25,000046,40.92,9115323
2023-07-26,000046,41.28,8434945
2023-07-27,000046,41.2,6378334
2023-07-28,000046,41.93,9661917
2023-07-31,000046,42.07,1104980
2023-08-01,000046,41.32,2919380
2023-08-02,000046,41.87,9315029
2023-08-03,000046,42.34,6139413
2023-08-04,000046,42.75,3340622
2023-08-07,000046,41.92,3385404
2023-08-08,000046,42.3,8633819
2023-08-09,000046,43.2,5754927
2023-08-10,000046,43.35,4916698
2023-08-11,000046,42.08,4403188
2023-08-14,000046,41.74,4590996
2023-08-15,000046,40.52,4169753
2023-08-16,000046,41.6,6689790
2023-08-17,000046,41.94,9215340
2023-08-18,000046,42.51,1925023
2023-08-21,000046,41.3,7301817
2023-08-22,000046,41.56,4931720
2023-08-23,000046,41.81,4564491
2023-08-24,000046,40.58,1726274
2023-08-25,000046,39.42,7870579
2023-08-28,000046,38.97,7126194
2023-08-29,000046,39.79,7091989
2023-08-30,000046,40.28,2440067
2023-08-31,000046,40.51,6585009
2023-09-01,000046,41.26,5484580
2023-09-04,000046,40.55,5787681
2023-09-05,000046,41.72,7998367
2023-09-06,000046,42.8,2081877
2023-09-07,000046,41.96,7422527
2023-09-08,000046,42.75,6002880
2023-09-11,000046,42.02,7612049
2023-09-12,000046,40.99,9972379
2023-09-13,000046,41.94,9006173
2023-09-14,000046,42.92,7431994
2023-09-15,000046,43.81,3759780
2023-09-18,000046,44.26,1524798
2023-09-19,000046,44.55,1011114
2023-09-20,000046,45.61,2145103
2023-09-21,000046,44.79,4660348
2023-09-22,000046,44.16,5416821
2023-09-25,000046,43.5,5222707
2023-09-26,000046,44.23,7355341
2023-09-27,000046,45.28,3895092
2023-09-28,000046,45.89,4721060
2023-09-29,000046,46.19,9777414
2023-10-02,000046,46.96,6975841
2023-10-03,000046,47.36,6976866
2023-10-04,000046,47.45,8348001
2023-10-05,000046,47.68,1941930
2023-10-06,000046,47.64,9720299
2023-10-09,000046,48.76,9529042
2023-10-10,000046,48.21,9669133
2023-10-11,000046,49.21,8791535
2023-10-12,000046,50.64,6572854
2023-10-13,000046,51.88,4951775
2023-10-16,000046,52.51,4315085
2023-10-17,000046,51.6,4426292
2023-10-18,000046,51.91,2517941
2023-10-19,000046,53.04,4825034
2023-10-20,000046,53.24,9155823
2023-10-23,000046,52.61,8751574
2023-10-24,000046,54.08,3982012
2023-10-25,000046,55.55,8892733
2023-10-26,000046,54.93,6471215
2023-10-27,000046,53.94,1474131
2023-10-30,000046,53.47,5639017
2023-10-31,000046,52.53,9050758
2023-11-01,000046,53.62,6344371
2023-11-02,000046,54.56,4134880
2023-11-03,000046,52.95,7067155
2023-11-06,000046,51.55,7847986
2023-11-07,000046,51.99,3751593
2023-11-08,000046,51.45,5136404
2023-11-09,000046,52.29,5239667
2023-11-10,000046,53.75,6284556
2023-11-13,000046,53.21,6149324
2023-11-14,000046,54.56,5133098
2023-11-15,000046,55.96,9221758
2023-11-16,000046,56.14,5709952
2023-11-17,000046,55.15,6901422
2023-11-20,000046,54.44,5432250
2023-11-21,000046,55.47,4721914
2023-11-22,000046,55.5,1156175
2023-11-23,000046,57.0,1506559
2023-11-24,000046,56.28,5848834
2023-11-27,000046,54.98,6242804
2023-11-28,000046,55.59,3712901
2023-11-29,000046,55.55,4352777
2023-11-30,000046,55.45,1503465
2023-12-01,000046,57.08,5008889
2022-01-03,000047,50.63,7342728
2022-01-04,000047,51.87,7741936
2022-01-05,000047,52.97,1138124
2022-01-06,000047,53.77,6417132
2022-01-07,000047,54.15,6490417
2022-01-10,000047,54.06,1968302
2022-01-11,000047,55.34,5336108
2022-01-12,000047,54.01,7522847
2022-01-13,000047,53.23,5825391
2022-01-14,000047,52.5,5603226
2022-01-17,000047,53.85,5485531
2022-01-18,000047,54.39,8248151
2022-01-19,000047,53.66,7360930
2022-01-20,000047,52.81,5144831
2022-01-21,000047,54.29,6805027
2022-01-24,000047,54.27,4392918
2022-01-25,000047,54.04,7825660
2022-01-26,000047,52.78,6971512
2022-01-27,000047,54.15,7122074
2022-01-28,000047,53.52,6676182
2022-01-31,000047,53.15,9426474
2022-02-01,000047,52.43,6582018
2022-02-02,000047,51.47,3699095
2022-02-03,000047,52.22,4548880
2022-02-04,000047,52.92,7955210
2022-02-07,000047,51.45,3869266
2022-02-08,000047,52.01,2808231
2022-02-09,000047,52.21,3618893
2022-02-10,000047,52.16,5229630
2022-02-11,000047,52.93,1103779
2022-02-14,000047,52.0,1446634
2022-02-15,000047,51.76,9223696
2022-02-16,000047,52.09,6039289
2022-02-17,000047,51.35,5511646
2022-02-18,000047,52.44,5879249
2022-02-21,000047,53.19,4373716
2022-02-22,000047,51.83,8028197
2022-02-23,000047,52.46,1040257
2022-02-24,000047,52.14,6051397
2022-02-25,000047,52.02,2403123
2022-02-28,000047,51.77,9479399
2022-03-01,000047,51.04,8955430
2022-03-02,000047,52.41,6330371
2022-03-03,000047,51.33,8168600
2022-03-04,000047,51.53,1858103
2022-03-07,000047,52.06,1491710
2022-03-08,000047,53.37,5581575
2022-03-09,000047,52.26,5687280
2022-03-10,000047,53.63,4797108
2022-03-11,000047,52.09,8630619
2022-03-14,000047,53.28,3145374
2022-03-15,000047,52.78,6845755
2022-03-16,000047,52.2,1493700
2022-03-17,000047,53.61,7796584
2022-03-18,000047,54.17,8725626
2022-03-21,000047,54.79,9565204
2022-03-22,000047,53.57,8018185
2022-03-23,000047,52.93,8204771
2022-03-24,000047,51.53,6471288
2022-03-25,000047,52.79,9786976
2022-03-28,000047,51.38,8520265
2022-03-29,000047,51.3,2931091
2022-03-30,000047,52.59,2564109
2022-03-31,000047,53.71,4979747
2022-04-01,000047,54.11,3857038
2022-04-04,000047,54.16,1929794
2022-04-05,000047,53.05,8552230
2022-04-06,000047,54.37,8395178
2022-04-07,000047,53.51,8571111
2022-04-08,000047,52.0,8258403
2022-04-11,000047,52.59,8401958
2022-04-12,000047,53.88,7203725
2022-04-13,000047,52.3,1532007
2022-04-14,000047,53.43,5213424
2022-04-15,000047,55.01,6153926
2022-04-18,000047,54.39,3432123
2022-04-19,000047,54.48,4257797
2022-04-20,000047,54.87,3625487
2022-04-21,000047,53.75,1305084
2022-04-22,000047,52.39,4859397
2022-04-25,000047,50.94,9527875
2022-04-26,000047,50.49,2768010
2022-04-27,000047,49.47,2588962
2022-04-28,000047,49.23,4871102
2022-04-29,000047,49.79,3984693
2022-05-02,000047,50.28,8538600
2022-05-03,000047,51.58,2462086
2022-05-04,000047,52.1,1182814
2022-05-05,000047,53.53,1409066
2022-05-06,000047,52.72,4394188
2022-05-09,000047,52.18,3093910
2022-05-10,000047,52.35,4662668
2022-05-11,000047,50.82,5793751
2022-05-12,000047,51.68,4168996
2022-05-13,000047,51.88,8658326
2022-05-16,000047,52.53,1638469
2022-05-17,000047,52.8,9032581
2022-05-18,000047,51.51,7003048
2022-05-19,000047,52.48,9448931
2022-05-20,000047,51.35,9754379
2022-05-23,000047,52.79,6574087
2022-05-24,000047,51.45,5070797
2022-05-25,000047,52.87,1278088
2022-05-26,000047,52.09,5686939
2022-05-27,000047,52.81,3561985
2022-05-30,000047,51.38,8708092
2022-05-31,000047,51.06,4210894
2022-06-01,000047,51.32,7255852
2022-06-02,000047,52.06,4418750
2022-06-03,000047,53.59,1408228
2022-06-06,000047,53.63,1197653
2022-06-07,000047,52.2,4035677
2022-06-08,000047,51.75,5052827
2022-06-09,000047,50.37,5361024
2022-06-10,000047,50.99,8906652
2022-06-13,000047,49.89,7470473
2022-06-14,000047,50.21,7963198
2022-06-15,000047,49.55,3904422
2022-06-16,000047,50.39,5278569
2022-06-17,000047,50.7,6145125
2022-06-20,000047,50.94,3406679
2022-06-21,000047,49.71,6838348
2022-06-22,000047,48.86,9265465
2022-06-23,000047,48.7,2222194
2022-06-24,000047,47.91,3719915
2022-06-27,000047,48.99,4191546
2022-06-28,000047,47.68,5992708
2022-06-29,000047,48.71,5593936
2022-06-30,000047,50.1,8101552
2022-07-01,000047,50.53,5027943
2022-07-04,000047,51.47,9928345
2022-07-05,000047,53.01,8386428
2022-07-06,000047,53.33,3826556
2022-07-07,000047,51.74,6866017
2022-07-08,000047,50.95,7844607
2022-07-11,000047,49.72,8135526
2022-07-12,000047,50.16,7741466
2022-07-13,000047,50.41,2177890
2022-07-14,000047,49.68,7575759
2022-07-15,000047,49.65,4230014
2022-07-18,000047,50.59,1028983
2022-07-19,000047,50.52,5996556
2022-07-20,000047,49.86,2229999
2022-07-21,000047,50.23,2848550
2022-07-22,000047,49.31,8404707
2022-07-25,000047,50.59,2106626
2022-07-26,000047,49.11,2827073
2022-07-27,000047,48.36,4737188
2022-07-28,000047,48.78,4344755
2022-07-29,000047,49.65,7979444
2022-08-01,000047,49.74,7583824
2022-08-02,000047,50.41,8165137
2022-08-03,000047,49.3,3043129
2022-08-04,000047,50.74,9068398
2022-08-05,000047,49.8,6174036
2022-08-08,000047,50.01,6524029
2022-08-09,000047,49.62,4610485
2022-08-10,000047,48.6,4082750
2022-08-11,000047,47.31,2550939
2022-08-12,000047,45.89,6153425
2022-08-15,000047,46.29,6766893
2022-08-16,000047,46.41,2561446
2022-08-17,000047,46.0,9709234
2022-08-18,000047,45.6,6416874
2022-08-19,000047,44.59,9927880
2022-08-22,000047,45.09,2305219
2022-08-23,000047,44.28,7567902
2022-08-24,000047,44.57,6975404
2022-08-25,000047,44.78,5331377
2022-08-26,000047,44.46,4889211
2022-08-29,000047,44.6,1109485
2022-08-30,000047,44.24,3739013
2022-08-31,000047,44.73,1086172
2022-09-01,000047,45.81,4388209
2022-09-02,000047,45.41,1201371
2022-09-05,000047,44.08,6623531
2022-09-06,000047,44.86,6932082
2022-09-07,000047,43.74,1768279
2022-09-08,000047,42.76,9620223
2022-09-09,000047,42.02,3344294
2022-09-12,000047,42.84,8790939
2022-09-13,000047,42.04,6777296
2022-09-14,000047,42.35,9640854
2022-09-15,000047,41.1,8330912
2022-09-16,000047,41.74,1741699
2022-09-19,000047,41.55,2193639
2022-09-20,000047,40.98,4189439
2022-09-21,000047,40.67,4157729
2022-09-22,000047,39.75,1837192
2022-09-23,000047,40.59,8255402
2022-09-26,000047,41.12,1221696
2022-09-27,000047,40.42,9939282
2022-09-28,000047,39.82,8187738
2022-09-29,000047,39.71,6916421
2022-09-30,000047,38.73,5259844
2022-10-03,000047,38.09,6438846
2022-10-04,000047,37.98,4028967
2022-10-05,000047,37.1,9931322
2022-10-06,000047,38.03,3942676
2022-10-07,000047,37.84,7332411
2022-10-10,000047,38.48,6985085
2022-10-11,000047,37.55,8437497
2022-10-12,000047,37.73,7524321
2022-10-13,000047,38.83,6724997
2022-10-14,000047,38.18,3175916
2022-10-17,000047,37.16,5935641
2022-10-18,000047,36.98,2548912
2022-10-19,000047,37.53,9986985
2022-10-20,000047,37.01,5673393
2022-10-21,000047,37.53,5174882
2022-10-24,000047,38.43,4627810
2022-10-25,000047,37.57,6435918
2022-10-26,000047,38.49,6939014
2022-10-27,000047,37.9,5369293
2022-10-28,000047,38.35,6350061
2022-10-31,000047,38.96,5659611
2022-11-01,000047,38.67,4150873
2022-11-02,000047,39.75,3284671
2022-11-03,000047,40.28,7398543
2022-11-04,000047,40.38,2052073
2022-11-07,000047,40.39,2400947
2022-11-08,000047,39.93,5145535
2022-11-09,000047,40.68,3123671
2022-11-10,000047,41.09,3954465
2022-11-11,000047,41.69,1018291
2022-11-14,000047,42.63,8059254
2022-11-15,000047,42.79,2592981
2022-11-16,000047,43.18,6134834
2022-11-17,000047,44.26,1699355
2022-11-18,000047,45.32,2171087
2022-11-21,000047,43.98,4351677
2022-11-22,000047,42.86,3311934
2022-11-23,000047,42.43,7579519
2022-11-24,000047,41.21,9454619
2022-11-25,000047,40.2,3106652
2022-11-28,000047,40.77,5096799
2022-11-29,000047,39.85,9446395
2022-11-30,000047,39.77,7237133
2022-12-01,000047,39.28,2472463
2022-12-02,000047,39.87,4911332
2022-12-05,000047,40.46,8445328
2022-12-06,000047,40.76,9356413
2022-12-07,000047,40.45,2369040
2022-12-08,000047,40.03,6256095
2022-12-09,000047,40.69,1228033
2022-12-12,000047,39.66,1562114
2022-12-13,000047,38.83,7628124
2022-12-14,000047,38.88,7041869
2022-12-15,000047,37.82,3977471
2022-12-16,000047,36.71,9859464
2022-12-19,000047,37.28,9638647
2022-12-20,000047,37.0,6232888
2022-12-21,000047,37.34,4840031
2022-12-22,000047,37.77,7770624
2022-12-23,000047,36.65,5119003
2022-12-26,000047,37.12,5714615
2022-12-27,000047,36.12,2608146
2022-12-28,000047,35.57,2979570
2022-12-29,000047,36.38,9257927
2022-12-30,000047,36.05,4525440
2023-01-02,000047,36.3,2324829
2023-01-03,000047,36.79,5986893
2023-01-04,000047,37.69,1731108
2023-01-05,000047,38.36,8660438
2023-01-06,000047,38.05,5328873
2023-01-09,000047,37.86,9294753
2023-01-10,000047,38.6,6104158
2023-01-11,000047,39.36,4012585
2023-01-12,000047,39.6,6931030
2023-01-13,000047,38.52,5994943
2023-01-16,000047,39.24,1690623
2023-01-17,000047,38.71,6140907
2023-01-18,000047,37.65,4433013
2023-01-19,000047,38.19,4601893
2023-01-20,000047,37.82,2519369
2023-01-23,000047,37.39,2093496
2023-01-24,000047,37.43,3310131
2023-01-25,000047,36.67,5646750
2023-01-26,000047,35.81,8342948
2023-01-27,000047,36.52,1732350
2023-01-30,000047,37.27,8381734
2023-01-31,000047,36.83,5593592
2023-02-01,000047,37.42,5910265
2023-02-02,000047,37.72,7006331
2023-02-03,000047,37.17,6097457
2023-02-06,000047,37.87,7755998
2023-02-07,000047,38.41,3403440
2023-02-08,000047,38.44,2301970
2023-02-09,000047,37.51,3047426
2023-02-10,000047,37.04,3448431
2023-02-13,000047,37.41,8707617
2023-02-14,000047,38.29,6298765
2023-02-15,000047,38.14,9125764
2023-02-16,000047,38.03,2565883
2023-02-17,000047,39.05,4977065
2023-02-20,000047,39.7,3314678
2023-02-21,000047,40.67,7878231
2023-02-22,000047,39.93,3997148
2023-02-23,000047,38.76,1044283
2023-02-24,000047,39.75,9607869
2023-02-27,000047,39.4,1050760
2023-02-28,000047,40.0,5557615
2023-03-01,000047,38.8,8344944
2023-03-02,000047,39.93,3210933
2023-03-03,000047,40.25,1073577
2023-03-06,000047,40.55,1199715
2023-03-07,000047,40.17,2308650
2023-03-08,000047,40.1,2640159
2023-03-09,000047,40.97,5401293
2023-03-10,000047,39.99,9832572
2023-03-13,000047,39.49,3600041
2023-03-14,000047,38.61,2866048
2023-03-15,000047,39.19,9782012
2023-03-16,000047,39.94,4323945
2023-03-17,000047,40.97,9962633
2023-03-20,000047,41.9,7382667
2023-03-21,000047,42.43,8593863
2023-03-22,000047,42.01,4473216
2023-03-23,000047,42.74,5964992
2023-03-24,000047,43.13,8882146
2023-03-27,000047,43.95,1165381
2023-03-28,000047,43.62,3489442
2023-03-29,000047,42.5,4038557
2023-03-30,000047,43.01,2189785
2023-03-31,000047,43.45,3858878
2023-04-03,000047,42.35,5313434
2023-04-04,000047,42.83,6424011
2023-04-05,000047,41.69,1353748
2023-04-06,000047,40.98,9468678
2023-04-07,000047,39.78,8726006
2023-04-10,000047,39.39,7838959
2023-04-11,000047,38.57,6993434
2023-04-12,000047,39.23,6540627
2023-04-13,000047,38.38,8305714
2023-04-14,000047,38.0,5138963
2023-04-17,000047,38.81,3872021
2023-04-18,000047,39.85,5901638
2023-04-19,000047,39.13,7726710
2023-04-20,000047,39.92,1808014
2023-04-21,000047,40.28,8307143
2023-04-24,000047,40.44,6736151
2023-04-25,000047,39.9,5263280
2023-04-26,000047,39.98,7454121
2023-04-27,000047,39.69,3666381
2023-04-28,000047,38.53,1041587
2023-05-01,000047,37.61,5262742
2023-05-02,000047,36.69,7888436
2023-05-03,000047,37.52,2050909
2023-05-04,000047,36.45,1705205
2023-05-05,000047,36.8,7987130
2023-05-08,000047,36.94,8959171
2023-05-09,000047,36.05,2250446
2023-05-10,000047,35.9,7220516
2023-05-11,000047,35.97,6493057
2023-05-12,000047,36.05,5755520
2023-05-15,000047,36.93,3787954
2023-05-16,000047,35.99,4159226
2023-05-17,000047,35.66,9323783
2023-05-18,000047,35.8,7942625
2023-05-19,000047,35.08,8137674
2023-05-22,000047,35.52,4476670
2023-05-23,000047,36.33,7577633
2023-05-24,000047,35.78,5657863
2023-05-25,000047,36.47,1400950
2023-05-26,000047,35.4,7951690
2023-05-29,000047,34.83,5698564
2023-05-30,000047,35.03,1277744
2023-05-31,000047,35.2,4181225
2023-06-01,000047,35.83,3124160
2023-06-02,000047,36.7,4614531
2023-06-05,000047,36.94,3676269
2023-06-06,000047,37.35,8191207
2023-06-07,000047,36.44,9538428
2023-06-08,000047,35.97,4948319
2023-06-09,000047,36.99,4906234
2023-06-12,000047,36.82,4624234
2023-06-13,000047,36.28,3807593
2023-06-14,000047,36.84,5053052
2023-06-15,000047,37.69,8662662
2023-06-16,000047,37.39,9697939
2023-06-19,000047,38.06,9896112
2023-06-20,000047,38.27,4825883
2023-06-21,000047,37.28,3761062
2023-06-22,000047,38.03,9406904
2023-06-23,000047,39.02,9400167
2023-06-26,000047,39.97,4255870
2023-06-27,000047,39.76,3765513
2023-06-28,000047,40.2,7843546
2023-06-29,000047,41.16,5116763
2023-06-30,000047,40.94,5538538
2023-07-03,000047,41.8,1059356
2023-07-04,000047,41.57,7658337
2023-07-05,000047,41.54,7273420
2023-07-06,000047,40.8,3212075
2023-07-07,000047,40.71,7642725
2023-07-10,000047,39.9,8908311
2023-07-11,000047,39.77,9022669
2023-07-12,000047,39.36,9515460
2023-07-13,000047,39.35,3349629
2023-07-14,000047,39.61,2663294
2023-07-17,000047,39.34,2599130
2023-07-18,000047,40.29,8263667
2023-07-19,000047,40.4,4527736
2023-07-20,000047,39.73,4301237
2023-07-21,000047,39.59,3652582
2023-07-24,000047,39.63,4173451
2023-07-25,000047,40.09,7843462
2023-07-26,000047,40.42,1375872
2023-07-27,000047,40.7,8524513
2023-07-28,000047,41.13,4499767
2023-07-31,000047,41.05,4176894
2023-08-01,000047,41.29,5194297
2023-08-02,000047,40.53,7967101
2023-08-03,000047,39.69,6467420
2023-08-04,000047,39.51,5364648
2023-08-07,000047,39.78,8025188
2023-08-08,000047,39.37,8893008
2023-08-09,000047,39.26,9289077
2023-08-10,000047,39.88,3216723
2023-08-11,000047,38.83,9409198
2023-08-14,000047,39.01,6432710
2023-08-15,000047,40.1,2708700
2023-08-16,000047,39.28,7948563
2023-08-17,000047,38.83,9738594
2023-08-18,000047,38.43,6590986
2023-08-21,000047,38.39,3428803
2023-08-22,000047,38.96,9035494
2023-08-23,000047,38.51,1561546
2023-08-24,000047,39.48,3022819
2023-08-25,000047,40.31,2511859
2023-08-28,000047,39.61,8824021
2023-08-29,000047,39.95,5329876
2023-08-30,000047,40.75,7245877
2023-08-31,000047,39.67,6891929
2023-09-01,000047,39.44,4676453
2023-09-04,000047,38.44,2437514
2023-09-05,000047,37.37,8725307
2023-09-06,000047,37.71,4632398
2023-09-07,000047,37.83,8203418
2023-09-08,000047,38.15,7752203
2023-09-11,000047,37.57,2249843
2023-09-12,000047,38.16,6671100
2023-09-13,000047,38.52,6370750
2023-09-14,000047,39.15,9857506
2023-09-15,000047,38.8,6481569
2023-09-18,000047,37.69,2807351
2023-09-19,000047,36.81,6263900
2023-09-20,000047,36.38,2019797
2023-09-21,000047,35.93,2902183
2023-09-22,000047,35.57,9615236
2023-09-25,000047,34.73,9196442
2023-09-26,000047,35.73,4230222
2023-09-27,000047,35.43,5970995
2023-09-28,000047,34.68,5394542
2023-09-29,000047,35.22,9202267
2023-10-02,000047,35.11,2275480
2023-10-03,000047,34.67,9078164
2023-10-04,000047,35.2,4912014
2023-10-05,000047,34.6,2689909
2023-10-06,000047,34.47,1039747
2023-10-09,000047,33.48,2556913
2023-10-10,000047,33.19,3619958
2023-10-11,000047,33.35,8014261
2023-10-12,000047,33.35,9292551
2023-10-13,000047,32.76,3080291
2023-10-16,000047,32.68,5932766
2023-10-17,000047,32.37,9898135
2023-10-18,000047,31.99,2427351
2023-10-19,000047,32.2,4639851
2023-10-20,000047,33.16,3841869
2023-10-23,000047,33.85,5205579
2023-10-24,000047,33.83,2797333
2023-10-25,000047,33.9,1873047
2023-10-26,000047,33.65,7824208
2023-10-27,000047,34.31,4261930
2023-10-30,000047,34.17,4728958
2023-10-31,000047,33.31,3062814
2023-11-01,000047,33.34,9852393
2023-11-02,000047,32.95,3752711
2023-11-03,000047,32.28,9638733
2023-11-06,000047,32.76,5392902
2023-11-07,000047,33.4,9567798
2023-11-08,000047,32.65,9157750
2023-11-09,000047,33.42,4580591
2023-11-10,000047,33.41,1401838
2023-11-13,000047,33.17,2890371
2023-11-14,000047,32.27,6112458
2023-11-15,000047,32.64,1036908
2023-11-16,000047,32.55,6141445
2023-11-17,000047,32.46,3641915
2023-11-20,000047,32.62,6409883
2023-11-21,000047,32.59,5890754
2023-11-22,000047,31.77,3046382
2023-11-23,000047,32.23,2859523
2023-11-24,000047,31.46,4353529
2023-11-27,000047,32.21,8795736
2023-11-28,000047,33.04,8387712
2023-11-29,000047,32.54,9803789
2023-11-30,000047,33.18,5143692
2023-12-01,000047,33.11,5995310
2022-01-03,000048,48.87,2567733
2022-01-04,000048,48.82,1813872
2022-01-05,000048,47.82,5086963
2022-01-06,000048,47.92,5225278
2022-01-07,000048,48.81,8410304
2022-01-10,000048,50.21,3663001
2022-01-11,000048,50.32,8566796
2022-01-12,000048,50.44,3777657
2022-01-13,000048,51.25,7927675
2022-01-14,000048,50.89,2823336
2022-01-17,000048,49.67,6099470
2022-01-18,000048,50.61,5740359
2022-01-19,000048,49.9,6800010
2022-01-20,000048,49.0,8484742
2022-01-21,000048,49.48,4771957
2022-01-24,000048,49.47,8893492
2022-01-25,000048,48.84,9651665
2022-01-26,000048,49.44,6324937
2022-01-27,000048,49.43,9243660
2022-01-28,000048,49.56,7148929
2022-01-31,000048,48.48,8647427
2022-02-01,000048,48.46,5426233
2022-02-02,000048,47.44,8424863
2022-02-03,000048,46.44,1896097
2022-02-04,000048,46.45,4890443
2022-02-07,000048,47.8,9459456
2022-02-08,000048,47.93,4720579
2022-02-09,000048,49.16,7773354
2022-02-10,000048,48.6,5182076
2022-02-11,000048,48.38,8413428
2022-02-14,000048,48.41,2858785
2022-02-15,000048,48.94,7350722
2022-02-16,000048,49.69,7898805
2022-02-17,000048,48.27,1435743
2022-02-18,000048,48.13,5161151
2022-02-21,000048,48.9,5599135
2022-02-22,000048,49.91,8868378
2022-02-23,000048,51.35,2353153
2022-02-24,000048,52.49,8190502
2022-02-25,000048,51.88,7283206
2022-02-28,000048,50.78,3462829
2022-03-01,000048,51.77,2764749
2022-03-02,000048,51.21,9979266
2022-03-03,000048,49.79,8639374
2022-03-04,000048,50.01,1901395
2022-03-07,000048,49.85,3980833
2022-03-08,000048,51.09,8864680
2022-03-09,000048,51.52,7605927
2022-03-10,000048,50.96,7982074
2022-03-11,000048,52.37,5139048
2022-03-14,000048,53.03,8454049
2022-03-15,000048,54.25,4691794
2022-03-16,000048,52.89,5987716
2022-03-17,000048,52.52,5425998
2022-03-18,000048,52.25,9350282
2022-03-21,000048,53.28,9283957
2022-03-22,000048,51.86,6694625
2022-03-23,000048,53.02,9697422
2022-03-24,000048,53.43,6837510
2022-03-25,000048,52.83,4912338
2022-03-28,000048,51.78,5726635
2022-03-29,000048,50.45,8449397
2022-03-30,000048,49.56,2694664
2022-03-31,000048,50.18,8079934
2022-04-01,000048,49.39,1274382
2022-04-04,000048,48.15,3017243
2022-04-05,000048,47.24,1649031
2022-04-06,000048,47.8,6581590
2022-04-07,000048,47.67,1337156
2022-04-08,000048,48.75,5396372
2022-04-11,000048,47.62,8463714
2022-04-12,000048,48.53,5812195
2022-04-13,000048,47.43,4670812
2022-04-14,000048,46.23,6912662
2022-04-15,000048,45.04,8525568
2022-04-18,000048,45.57,6244556
2022-04-19,000048,45.08,2611830
2022-04-20,000048,45.93,9999608
2022-04-21,000048,46.75,5058500
2022-04-22,000048,46.83,7760304
2022-04-25,000048,47.1,9656152
2022-04-26,000048,48.09,9188657
2022-04-27,000048,46.96,6817898
2022-04-28,000048,48.11,9552155
2022-04-29,000048,48.98,8469991
2022-05-02,000048,49.86,6429773
2022-05-03,000048,49.05,5090462
2022-05-04,000048,49.18,6968028
2022-05-05,000048,50.08,9901344
2022-05-06,000048,49.03,2282532
2022-05-09,000048,50.27,7376720
2022-05-10,000048,49.65,1729819
2022-05-11,000048,48.29,9016990
2022-05-12,000048,47.74,4013933
2022-05-13,000048,46.82,9419592
2022-05-16,000048,46.48,3566952
2022-05-17,000048,46.05,4889121
2022-05-18,000048,45.86,6953447
2022-05-19,000048,44.5,6056620
2022-05-20,000048,45.23,7940709
2022-05-23,000048,45.45,1683881
2022-05-24,000048,45.1,1371865
2022-05-25,000048,43.89,1600797
2022-05-26,000048,44.52,4864061
2022-05-27,000048,44.24,5480062
2022-05-30,000048,43.43,2297853
2022-05-31,000048,44.14,9406366
2022-06-01,000048,44.68,3268555
2022-06-02,000048,45.38,5145747
2022-06-03,000048,44.5,1542602
2022-06-06,000048,43.26,6447955
2022-06-07,000048,42.96,4545229
2022-06-08,000048,44.03,9257833
2022-06-09,000048,44.02,4376075
2022-06-10,000048,44.2,8928948
2022-06-13,000048,45.48,1340903
2022-06-14,000048,46.41,2828648
2022-06-15,000048,47.1,5487806
2022-06-16,000048,47.34,4630950
2022-06-17,000048,48.51,1108620
2022-06-20,000048,47.59,5704804
2022-06-21,000048,48.93,8644145
2022-06-22,000048,49.02,4934092
2022-06-23,000048,48.5,3633237
2022-06-24,000048,49.28,8587603
2022-06-27,000048,49.52,7286553
2022-06-28,000048,49.93,8830906
2022-06-29,000048,51.12,1531059
2022-06-30,000048,50.69,1821751
2022-07-01,000048,51.07,3936804
2022-07-04,000048,50.39,8677656
2022-07-05,000048,51.57,3130707
2022-07-06,000048,53.11,5558946
2022-07-07,000048,52.49,1715807
2022-07-08,000048,51.49,3947464
2022-07-11,000048,52.49,6525232
2022-07-12,000048,53.09,4911599
2022-07-13,000048,52.43,6948205
2022-07-14,000048,51.19,8348873
2022-07-15,000048,51.8,1415268
2022-07-18,000048,51.11,9495177
2022-07-19,000048,50.43,2691522
2022-07-20,000048,51.02,2887984
2022-07-21,000048,49.65,1211078
2022-07-22,000048,50.89,2985220
2022-07-25,000048,51.36,8478006
2022-07-26,000048,52.19,2536363
2022-07-27,000048,53.55,8727909
2022-07-28,000048,54.01,1503907
2022-07-29,000048,52.88,5474893
2022-08-01,000048,53.39,1432677
2022-08-02,000048,53.91,6049791
2022-08-03,000048,52.43,3146406
2022-08-04,000048,51.11,4006938
2022-08-05,000048,51.46,2111853
2022-08-08,000048,51.54,7525754
2022-08-09,000048,50.42,5503522
2022-08-10,000048,50.87,4741807
2022-08-11,000048,49.68,8802814
2022-08-12,000048,49.31,9246739
2022-08-15,000048,49.17,8809657
2022-08-16,000048,50.35,8239782
2022-08-17,000048,50.95,7700518
2022-08-18,000048,49.68,4601770
2022-08-19,000048,50.62,6171225
2022-08-22,000048,52.0,7834735
2022-08-23,000048,53.05,9576165
2022-08-24,000048,53.16,1330211
2022-08-25,000048,51.98,2094280
2022-08-26,000048,50.84,2556341
2022-08-29,000048,52.29,2372344
2022-08-30,000048,53.46,2438281
2022-08-31,000048,52.63,1945118
2022-09-01,000048,54.17,1043796
2022-09-02,000048,55.55,6103423
2022-09-05,000048,56.79,4265936
2022-09-06,000048,56.93,2236099
2022-09-07,000048,57.46,3127587
2022-09-08,000048,56.65,2708321
2022-09-09,000048,56.16,1720713
2022-09-12,000048,55.03,7338768
2022-09-13,000048,56.25,1222050
2022-09-14,000048,56.86,8785709
2022-09-15,000048,58.02,8985585
2022-09-16,000048,58.32,2022649
2022-09-19,000048,60.05,2579612
2022-09-20,000048,61.77,4832869
2022-09-21,000048,61.68,9168965
2022-09-22,000048,63.14,5291977
2022-09-23,000048,62.73,4349731
2022-09-26,000048,62.93,9249617
2022-09-27,000048,61.54,6176310
2022-09-28,000048,60.93,1309613
2022-09-29,000048,62.57,2356020
2022-09-30,000048,60.86,6948673
2022-10-03,000048,62.08,3814861
2022-10-04,000048,61.39,6249509
2022-10-05,000048,62.47,2999339
2022-10-06,000048,61.91,6204870
2022-10-07,000048,62.79,3474446
2022-10-10,000048,61.38,3875671
2022-10-11,000048,60.39,2546326
2022-10-12,000048,61.85,3936429
2022-10-13,000048,62.94,5079855
2022-10-14,000048,62.36,1728586
2022-10-17,000048,61.33,3380832
2022-10-18,000048,62.09,9993497
2022-10-19,000048,62.83,2293954
2022-10-20,000048,63.46,4963001
2022-10-21,000048,63.23,8152458
2022-10-24,000048,61.63,9295794
2022-10-25,000048,61.01,4943596
2022-10-26,000048,62.84,9088980
2022-10-27,000048,63.73,8374714
2022-10-28,000048,62.26,8020593
2022-10-31,000048,61.2,3683400
2022-11-01,000048,61.21,1967465
2022-11-02,000048,61.0,4146737
2022-11-03,000048,59.9,8580398
2022-11-04,000048,61.65,1304053
2022-11-07,000048,61.64,8268917
2022-11-08,000048,61.81,3055266
2022-11-09,000048,60.93,8093086
2022-11-10,000048,60.57,1306975
2022-11-11,000048,59.04,4246867
2022-11-14,000048,58.96,2261125
2022-11-15,000048,57.72,2311099
2022-11-16,000048,57.87,6699733
2022-11-17,000048,57.19,7743520
2022-11-18,000048,57.63,6578383
2022-11-21,000048,56.75,3489668
2022-11-22,000048,56.44,2199985
2022-11-23,000048,56.75,1918222
2022-11-24,000048,56.6,9717229
2022-11-25,000048,57.39,1336216
2022-11-28,000048,57.32,9898299
2022-11-29,000048,58.21,3106368
2022-11-30,000048,56.63,3087236
2022-12-01,000048,56.84,6714697
2022-12-02,000048,57.59,7375578
2022-12-05,000048,58.74,6850865
2022-12-06,000048,59.99,6888634
2022-12-07,000048,59.26,4762342
2022-12-08,000048,59.11,5718742
2022-12-09,000048,59.69,5684575
2022-12-12,000048,61.21,4255360
2022-12-13,000048,61.13,4939988
2022-12-14,000048,61.34,8460280
2022-12-15,000048,59.97,5580045
2022-12-16,000048,61.53,9074841
2022-12-19,000048,61.55,4903647
2022-12-20,000048,60.19,7507988
2022-12-21,000048,59.05,9732714
2022-12-22,000048,59.61,4742794
2022-12-23,000048,58.39,2573433
2022-12-26,000048,59.31,2122983
2022-12-27,000048,60.62,7578395
2022-12-28,000048,59.29,8920603
2022-12-29,000048,58.81,2590593
2022-12-30,000048,60.09,7908628
2023-01-02,000048,58.51,2754257
2023-01-03,000048,58.98,6136105
2023-01-04,000048,60.18,8678315
2023-01-05,000048,61.85,2172374
2023-01-06,000048,63.06,3657670
2023-01-09,000048,64.13,2141464
2023-01-10,000048,62.46,2410934
2023-01-11,000048,61.14,3511326
2023-01-12,000048,59.48,1846076
2023-01-13,000048,60.63,5541953
2023-01-16,000048,59.87,8907218
2023-01-17,000048,60.63,8958149
2023-01-18,000048,59.75,2791785
2023-01-19,000048,61.19,8654398
2023-01-20,000048,62.08,1987485
2023-01-23,000048,63.34,2395531
2023-01-24,000048,61.45,8142931
2023-01-25,000048,61.59,9800449
2023-01-26,000048,62.79,9915633
2023-01-27,000048,62.55,7090674
2023-01-30,000048,63.88,4732813
2023-01-31,000048,64.5,8493965
2023-02-01,000048,65.82,1706411
2023-02-02,000048,66.62,3606638
2023-02-03,000048,66.92,1310047
2023-02-06,000048,68.6,2554287
2023-02-07,000048,68.78,9306135
2023-02-08,000048,67.66,2910716
2023-02-09,000048,65.99,1689355
2023-02-10,000048,64.09,2706207
2023-02-13,000048,64.67,8530734
2023-02-14,000048,66.01,6489427
2023-02-15,000048,64.18,2716224
2023-02-16,000048,63.55,7832108
2023-02-17,000048,62.13,2017463
2023-02-20,000048,62.83,2826372
2023-02-21,000048,61.84,2993630
2023-02-22,000048,60.38,5734374
2023-02-23,000048,59.9,9815687
2023-02-24,000048,59.08,2427960
2023-02-27,000048,60.57,3475089
2023-02-28,000048,59.44,3687918
2023-03-01,000048,58.6,3614944
2023-03-02,000048,58.88,8814560
2023-03-03,000048,59.98,6092939
2023-03-06,000048,60.9,6838419
2023-03-07,000048,62.05,8245985
2023-03-08,000048,63.66,5557455
2023-03-09,000048,65.43,6608725
2023-03-10,000048,63.63,2696579
2023-03-13,000048,64.05,3419050
2023-03-14,000048,64.25,2017949
2023-03-15,000048,63.03,6520903
2023-03-16,000048,63.4,5114908
2023-03-17,000048,61.91,7464982
2023-03-20,000048,62.16,3962402
2023-03-21,000048,63.07,8284328
2023-03-22,000048,61.84,5627284
2023-03-23,000048,61.78,3633500
2023-03-24,000048,63.24,4312402
2023-03-27,000048,62.9,1671281
2023-03-28,000048,61.84,6493401
2023-03-29,000048,61.08,2727641
2023-03-30,000048,60.6,1175745
2023-03-31,000048,59.61,5774700
2023-04-03,000048,61.05,5529295
2023-04-04,000048,62.5,2480968
2023-04-05,000048,64.05,7683471
2023-04-06,000048,64.11,1196090
2023-04-07,000048,64.4,8054095
2023-04-10,000048,66.17,3493984
2023-04-11,000048,64.66,6212062
2023-04-12,000048,63.83,6662627
2023-04-13,000048,63.79,1704097
2023-04-14,000048,62.03,2315084
2023-04-17,000048,63.0,3029643
2023-04-18,000048,64.2,7395805
2023-04-19,000048,63.86,8613962
2023-04-20,000048,64.05,3062968
2023-04-21,000048,62.89,7617946
2023-04-24,000048,64.05,3500501
2023-04-25,000048,65.66,3076684
2023-04-26,000048,64.06,5709239
2023-04-27,000048,65.75,3317106
2023-04-28,000048,65.94,8473674
2023-05-01,000048,64.2,6392258
2023-05-02,000048,64.1,5628187
2023-05-03,000048,64.52,8771898
2023-05-04,000048,64.47,2943233
2023-05-05,000048,65.97,5963934
2023-05-08,000048,65.54,7229712
2023-05-09,000048,66.52,2232896
2023-05-10,000048,65.93,4607746
2023-05-11,000048,67.03,6813818
2023-05-12,000048,65.51,1116138
2023-05-15,000048,66.45,7930921
2023-05-16,000048,67.66,4091720
2023-05-17,000048,67.08,1343490
2023-05-18,000048,68.7,9362133
2023-05-19,000048,70.16,8002690
2023-05-22,000048,70.55,9744035
2023-05-23,000048,72.38,8446811
2023-05-24,000048,73.2,1586982
2023-05-25,000048,72.99,4627201
2023-05-26,000048,71.46,3034388
2023-05-29,000048,71.54,8078533
2023-05-30,000048,70.95,7414896
2023-05-31,000048,70.29,2863329
2023-06-01,000048,68.6,2423241
2023-06-02,000048,67.09,3400853
2023-06-05,000048,67.79,3863021
2023-06-06,000048,67.52,7862949
2023-06-07,000048,67.1,7535670
2023-06-08,000048,67.11,1949238
2023-06-09,000048,65.46,6182019
2023-06-12,000048,67.41,6274854
2023-06-13,000048,66.04,3466707
2023-06-14,000048,65.76,6097417
2023-06-15,000048,67.01,5689095
2023-06-16,000048,67.57,9261212
2023-06-19,000048,66.1,2150853
2023-06-20,000048,65.11,1738627
2023-06-21,000048,66.79,7065976
2023-06-22,000048,66.26,9932478
2023-06-23,000048,65.37,8700626
2023-06-26,000048,66.17,1660370
2023-06-27,000048,66.82,8317059
2023-06-28,000048,66.75,2829359
2023-06-29,000048,67.48,3960553
2023-06-30,000048,66.45,1129634
2023-07-03,000048,67.15,4440131
2023-07-04,000048,68.37,3250941
2023-07-05,000048,68.91,4567433
2023-07-06,000048,69.28,1066420
2023-07-07,000048,70.95,4132275
2023-07-10,000048,72.3,2972999
2023-07-11,000048,73.52,4996064
2023-07-12,000048,75.29,4825691
2023-07-13,000048,77.32,5060350
2023-07-14,000048,79.42,6597146
2023-07-17,000048,79.22,4982435
2023-07-18,000048,77.0,8387739
2023-07-19,000048,75.55,8032771
2023-07-20,000048,73.78,1810209
2023-07-21,000048,72.68,7885199
2023-07-24,000048,74.72,9711906
2023-07-25,000048,75.93,3500849
2023-07-26,000048,74.09,2322673
2023-07-27,000048,74.71,4059555
2023-07-28,000048,72.99,3172833
2023-07-31,000048,71.55,8792025
2023-08-01,000048,73.42,7444814
2023-08-02,000048,74.72,5137641
2023-08-03,000048,75.79,3072529
2023-08-04,000048,75.41,7657333
2023-08-07,000048,76.22,8045507
2023-08-08,000048,75.32,4762864
2023-08-09,000048,74.05,6612601
2023-08-10,000048,76.27,9970342
2023-08-11,000048,78.21,4981844
2023-08-14,000048,79.17,3831123
2023-08-15,000048,78.9,3094257
2023-08-16,000048,80.22,8643265
2023-08-17,000048,81.5,4499134
2023-08-18,000048,83.85,8419524
2023-08-21,000048,84.21,7057592
2023-08-22,000048,81.69,6488775
2023-08-23,000048,80.52,6459748
2023-08-24,000048,81.19,8077140
2023-08-25,000048,79.06,1952248
2023-08-28,000048,80.66,9224538
2023-08-29,000048,78.5,6519867
2023-08-30,000048,78.04,1566922
2023-08-31,000048,77.4,8804892
2023-09-01,000048,77.44,2636705
2023-09-04,000048,76.51,3735136
2023-09-05,000048,77.12,3434778
2023-09-06,000048,78.43,5707082
2023-09-07,000048,79.05,4023475
2023-09-08,000048,78.12,9842354
2023-09-11,000048,76.82,6125975
2023-09-12,000048,78.9,8998816
2023-09-13,000048,76.63,1372733
2023-09-14,000048,77.84,9091675
2023-09-15,000048,76.57,6766821
2023-09-18,000048,78.57,8496406
2023-09-19,000048,79.57,4221528
2023-09-20,000048,80.47,4984036
2023-09-21,000048,78.89,4324700
2023-09-22,000048,80.91,1131768
2023-09-25,000048,81.95,9838409
2023-09-26,000048,79.95,3422030
2023-09-27,000048,80.45,2462750
2023-09-28,000048,80.4,8893945
2023-09-29,000048,78.35,4702945
2023-10-02,000048,76.12,8879969
2023-10-03,000048,77.98,6240688
2023-10-04,000048,76.52,3362951
2023-10-05,000048,74.79,7942284
2023-10-06,000048,74.14,1345145
2023-10-09,000048,73.9,4904420
2023-10-10,000048,73.88,9213480
2023-10-11,000048,75.52,9953489
2023-10-12,000048,73.63,6297253
2023-10-13,000048,74.33,5695752
2023-10-16,000048,72.46,4916416
2023-10-17,000048,71.06,4009346
2023-10-18,000048,70.63,5425995
2023-10-19,000048,69.78,9634287
2023-10-20,000048,69.69,4910951
2023-10-23,000048,70.34,3027956
2023-10-24,000048,72.28,6772702
2023-10-25,000048,73.67,9647358
2023-10-26,000048,74.64,9085099
2023-10-27,000048,73.84,7961192
2023-10-30,000048,73.31,8057533
2023-10-31,000048,71.92,4096759
2023-11-01,000048,72.78,2474637
2023-11-02,000048,74.24,9605185
2023-11-03,000048,72.84,8372068
2023-11-06,000048,72.04,1034360
2023-11-07,000048,72.9,8142294
2023-11-08,000048,72.43,7438821
2023-11-09,000048,73.83,1902229
2023-11-10,000048,74.68,4804151
2023-11-13,000048,74.51,9448762
2023-11-14,000048,75.19,7978649
2023-11-15,000048,73.26,1193212
2023-11-16,000048,74.68,5801022
2023-11-17,000048,75.29,1483312
2023-11-20,000048,76.62,6936380
2023-11-21,000048,77.17,7831118
2023-11-22,000048,75.39,9052185
2023-11-23,000048,77.41,3306944
2023-11-24,000048,76.75,7233687
2023-11-27,000048,77.36,5137859
2023-11-28,000048,76.22,7588217
2023-11-29,000048,75.09,4883534
2023-11-30,000048,75.1,7361960
2023-12-01,000048,77.16,4784761
2022-01-03,000049,48.81,2615414
2022-01-04,000049,48.12,5384283
2022-01-05,000049,47.38,2827951
2022-01-06,000049,47.2,6932422
2022-01-07,000049,46.03,7534838
2022-01-10,000049,46.57,1603307
2022-01-11,000049,47.88,7085089
2022-01-12,000049,48.4,7135658
2022-01-13,000049,47.37,5929320
2022-01-14,000049,48.68,8008666
2022-01-17,000049,49.07,4074308
2022-01-18,000049,50.02,7040124
2022-01-19,000049,50.03,8061768
2022-01-20,000049,50.23,2678637
2022-01-21,000049,51.21,8711408
2022-01-24,000049,50.03,9118334
2022-01-25,000049,48.59,8955716
2022-01-26,000049,49.45,7417041
2022-01-27,000049,48.66,4419723
2022-01-28,000049,48.77,4453787
2022-01-31,000049,49.98,3868362
2022-02-01,000049,49.13,7931295
2022-02-02,000049,47.87,6944230
2022-02-03,000049,47.88,1989024
2022-02-04,000049,46.69,9996437
2022-02-07,000049,46.74,5606095
2022-02-08,000049,45.77,5673495
2022-02-09,000049,45.22,4619835
2022-02-10,000049,45.79,7667096
2022-02-11,000049,46.51,1744771
2022-02-14,000049,47.5,6941779
2022-02-15,000049,47.67,7219422
2022-02-16,000049,48.34,7732753
2022-02-17,000049,49.48,2357984
2022-02-18,000049,49.13,4471415
2022-02-21,000049,48.37,9334589
2022-02-22,000049,49.57,4777902
2022-02-23,000049,48.11,6087554
2022-02-24,000049,48.98,6241537
2022-02-25,000049,50.28,6668377
2022-02-28,000049,49.24,6722180
2022-03-01,000049,50.68,8890127
2022-03-02,000049,49.78,8315543
2022-03-03,000049,48.31,5762947
2022-03-04,000049,48.32,1297476
2022-03-07,000049,49.02,6854461
2022-03-08,000049,49.18,3176568
2022-03-09,000049,48.0,3024337
2022-03-10,000049,47.82,8070932
2022-03-11,000049,46.99,2255150
2022-03-14,000049,46.64,2199762
2022-03-15,000049,45.33,3510715
2022-03-16,000049,45.17,3838504
2022-03-17,000049,44.81,5005953
2022-03-18,000049,44.92,2119066
2022-03-21,000049,45.67,9654754
2022-03-22,000049,45.46,3429013
2022-03-23,000049,44.47,6921839
2022-03-24,000049,45.08,5877976
2022-03-25,000049,45.6,9369273
2022-03-28,000049,45.35,5948576
2022-03-29,000049,45.64,2903695
2022-03-30,000049,46.23,5376762
2022-03-31,000049,45.93,9141964
2022-04-01,000049,45.46,3075590
2022-04-04,000049,45.2,8389029
2022-04-05,000049,45.55,9675762
2022-04-06,000049,44.47,5490133
2022-04-07,000049,44.51,8709956
2022-04-08,000049,43.62,7201196
2022-04-11,000049,44.58,9842315
2022-04-12,000049,45.57,9774530
2022-04-13,000049,44.34,9685046
2022-04-14,000049,44.06,5700093
2022-04-15,000049,43.71,7268160
2022-04-18,000049,43.65,7437594
2022-04-19,000049,44.57,4544216
2022-04-20,000049,44.17,8946146
2022-04-21,000049,43.86,5742580
2022-04-22,000049,42.84,3323667
2022-04-25,000049,42.62,2361462
2022-04-26,000049,42.33,8882143
2022-04-27,000049,42.49,3474432
2022-04-28,000049,43.47,3890760
2022-04-29,000049,42.91,5596308
2022-05-02,000049,43.68,4524489
2022-05-03,000049,42.73,3290454
2022-05-04,000049,42.48,4528864
2022-05-05,000049,43.57,7337141
2022-05-06,000049,44.18,3374957
2022-05-09,000049,44.91,1786281
2022-05-10,000049,44.13,3973767
2022-05-11,000049,45.43,5928324
2022-05-12,000049,44.65,6039864
2022-05-13,000049,44.18,1026112
2022-05-16,000049,44.44,6438089
2022-05-17,000049,44.79,7783409
2022-05-18,000049,43.84,6360940
2022-05-19,000049,44.92,3129953
2022-05-20,000049,45.23,9574328
2022-05-23,000049,44.1,6623024
2022-05-24,000049,44.57,6713081
2022-05-25,000049,44.85,1043105
2022-05-26,000049,44.21,3802050
2022-05-27,000049,44.22,7481011
2022-05-30,000049,43.47,6560448
2022-05-31,000049,43.17,9330853
2022-06-01,000049,41.89,9408806
2022-06-02,000049,42.36,5220486
2022-06-03,000049,42.47,6150136
2022-06-06,000049,42.04,5975617
2022-06-07,000049,42.24,9238033
2022-06-08,000049,41.25,3547839
2022-06-09,000049,41.33,2745138
2022-06-10,000049,41.87,2892479
2022-06-13,000049,42.08,9210855
2022-06-14,000049,41.49,9349077
2022-06-15,000049,40.42,4976522
2022-06-16,000049,40.87,6608030
2022-06-17,000049,39.88,8909930
2022-06-20,000049,41.08,1320991
2022-06-21,000049,40.16,3265784
2022-06-22,000049,39.89,1094858
2022-06-23,000049,40.29,7284097
2022-06-24,000049,40.77,2925421
2022-06-27,000049,41.62,7500184
2022-06-28,000049,41.67,6763013
2022-06-29,000049,41.93,6791799
2022-06-30,000049,42.27,5893743
2022-07-01,000049,41.14,7323171
2022-07-04,000049,40.5,4261246
2022-07-05,000049,40.17,5052184
2022-07-06,000049,41.12,9796496
2022-07-07,000049,41.88,9621510
2022-07-08,000049,40.68,1214760
2022-07-11,000049,41.25,2564347
2022-07-12,000049,40.12,3370766
2022-07-13,000049,39.05,7121142
2022-07-14,000049,39.09,3551202
2022-07-15,000049,39.77,1965285
2022-07-18,000049,38.79,6494435
2022-07-19,000049,38.1,7777210
2022-07-20,000049,38.76,8942006
2022-07-21,000049,38.53,9463332
2022-07-22,000049,38.38,5681500
2022-07-25,000049,37.74,7736486
2022-07-26,000049,38.7,5374104
2022-07-27,000049,39.76,4379563
2022-07-28,000049,40.93,5231208
2022-07-29,000049,39.98,9019304
2022-08-01,000049,39.07,1832627
2022-08-02,000049,40.16,7946909
2022-08-03,000049,39.57,1776985
2022-08-04,000049,38.87,5910331
2022-08-05,000049,39.94,2547712
2022-08-08,000049,38.86,5721400
2022-08-09,000049,39.2,7867530
2022-08-10,000049,39.27,1270124
2022-08-11,000049,39.7,4990320
2022-08-12,000049,40.42,3175104
2022-08-15,000049,39.92,4433997
2022-08-16,000049,40.92,9217094
2022-08-17,000049,40.84,9203204
2022-08-18,000049,39.72,4378601
2022-08-19,000049,39.95,8764249
2022-08-22,000049,39.98,9816823
2022-08-23,000049,39.16,5751443
2022-08-24,000049,38.47,1759774
2022-08-25,000049,39.27,7930265
2022-08-26,000049,39.49,8411710
2022-08-29,000049,40.03,1160436
2022-08-30,000049,39.4,2422385
2022-08-31,000049,38.73,1531960
2022-09-01,000049,37.6,8858662
2022-09-02,000049,38.68,1816080
2022-09-05,000049,38.41,6639482
2022-09-06,000049,38.47,5574846
2022-09-07,000049,38.31,9293810
2022-09-08,000049,38.28,8018070
2022-09-09,000049,38.46,2439047
2022-09-12,000049,39.38,6800771
2022-09-13,000049,38.88,1153092
2022-09-14,000049,39.67,6039816
2022-09-15,000049,40.57,2906867
2022-09-16,000049,40.31,2138771
2022-09-19,000049,41.47,3671570
2022-09-20,000049,42.58,6981606
2022-09-21,000049,42.8,9727798
2022-09-22,000049,41.99,7844384
2022-09-23,000049,41.4,7882371
2022-09-26,000049,40.44,3039531
2022-09-27,000049,39.57,9211259
2022-09-28,000049,39.87,1032349
2022-09-29,000049,39.32,4165967
2022-09-30,000049,40.46,3147560
2022-10-03,000049,41.64,2057517
2022-10-04,000049,40.54,5049878
2022-10-05,000049,40.73,3462885
2022-10-06,000049,40.45,1870123
2022-10-07,000049,40.27,9056764
2022-10-10,000049,40.71,2928018
2022-10-11,000049,40.63,2357648
2022-10-12,000049,41.41,9613661
2022-10-13,000049,40.58,6814292
2022-10-14,000049,40.22,2615736
2022-10-17,000049,41.03,9174389
2022-10-18,000049,40.82,1162412
2022-10-19,000049,39.62,9511289
2022-10-20,000049,40.67,4499463
2022-10-21,000049,41.32,1627503
2022-10-24,000049,42.45,7389233
2022-10-25,000049,43.66,5751076
2022-10-26,000049,43.02,1670061
2022-10-27,000049,43.52,6236256
2022-10-28,000049,43.4,1249969
2022-10-31,000049,43.94,9822951
2022-11-01,000049,44.72,3204400
2022-11-02,000049,46.04,4103427
2022-11-03,000049,46.04,2279933
2022-11-04,000049,45.37,1962898
2022-11-07,000049,45.52,3830911
2022-11-08,000049,44.76,2305722
2022-11-09,000049,45.9,4776774
2022-11-10,000049,44.89,4053328
2022-11-11,000049,45.98,2110034
2022-11-14,000049,45.33,2411897
2022-11-15,000049,44.46,7979513
2022-11-16,000049,44.46,1520039
2022-11-17,000049,45.25,6687598
2022-11-18,000049,45.25,3747942
2022-11-21,000049,45.42,4925702
2022-11-22,000049,45.03,5322773
2022-11-23,000049,45.37,4456847
2022-11-24,000049,46.37,4312985
2022-11-25,000049,46.69,6914226
2022-11-28,000049,47.74,9808219
2022-11-29,000049,47.94,7031244
2022-11-30,000049,48.04,7784486
2022-12-01,000049,49.01,8791623
2022-12-02,000049,47.84,7576913
2022-12-05,000049,47.47,6950650
2022-12-06,000049,47.15,3616877
2022-12-07,000049,47.07,6118354
2022-12-08,000049,47.91,5543028
2022-12-09,000049,48.67,2433540
2022-12-12,000049,49.39,4267041
2022-12-13,000049,49.9,4652463
2022-12-14,000049,49.46,9118076
2022-12-15,000049,49.75,5243393
2022-12-16,000049,49.67,2549257
2022-12-19,000049,50.07,9835944
2022-12-20,000049,49.67,8383978
2022-12-21,000049,49.96,5989425
2022-12-22,000049,50.68,8405568
2022-12-23,000049,49.82,9788959
2022-12-26,000049,50.23,1659777
2022-12-27,000049,51.69,3229853
2022-12-28,000049,51.98,4681395
2022-12-29,000049,51.79,2657933
2022-12-30,000049,52.52,6168640
2023-01-02,000049,51.81,5540629
2023-01-03,000049,51.06,8743641
2023-01-04,000049,50.57,7379600
2023-01-05,000049,49.75,9966353
2023-01-06,000049,51.19,2342824
2023-01-09,000049,51.39,6710424
2023-01-10,000049,52.25,9993648
2023-01-11,000049,52.52,1245876
2023-01-12,000049,52.7,8557194
2023-01-13,000049,53.89,4461587
2023-01-16,000049,53.76,6050703
2023-01-17,000049,52.57,8677415
2023-01-18,000049,53.44,5529316
2023-01-19,000049,53.08,2837968
2023-01-20,000049,54.27,2544394
2023-01-23,000049,53.56,7602794
2023-01-24,000049,52.24,9247076
2023-01-25,000049,53.64,5860767
2023-01-26,000049,53.8,6680858
2023-01-27,000049,52.73,3972260
2023-01-30,000049,53.27,6282750
2023-01-31,000049,53.7,8011225
2023-02-01,000049,55.09,4416887
2023-02-02,000049,56.18,8751165
2023-02-03,000049,55.82,1519184
2023-02-06,000049,57.16,7002148
2023-02-07,000049,56.78,6702074
2023-02-08,000049,56.9,8859205
2023-02-09,000049,56.6,2119457
2023-02-10,000049,56.59,3234388
2023-02-13,000049,55.97,2527393
2023-02-14,000049,57.55,6180351
2023-02-15,000049,56.04,1216710
2023-02-16,000049,56.82,1424371
2023-02-17,000049,57.14,3163943
2023-02-20,000049,56.83,1779000
2023-02-21,000049,56.86,1875548
2023-02-22,000049,55.86,1337283
2023-02-23,000049,56.17,6214442
2023-02-24,000049,55.21,1162714
2023-02-27,000049,56.68,9564242
2023-02-28,000049,56.33,5927695
2023-03-01,000049,55.7,8191429
2023-03-02,000049,56.45,1796596
2023-03-03,000049,55.11,7741045
2023-03-06,000049,56.11,3586711
2023-03-07,000049,57.53,5227257
2023-03-08,000049,57.4,5270305
2023-03-09,000049,56.27,8272339
2023-03-10,000049,57.56,7127932
2023-03-13,000049,56.68,7730423
2023-03-14,000049,58.3,1821856
2023-03-15,000049,58.1,2114031
2023-03-16,000049,59.42,5271301
2023-03-17,000049,60.68,8379076
2023-03-20,000049,59.19,7263108
2023-03-21,000049,57.75,1486550
2023-03-22,000049,57.48,2481626
2023-03-23,000049,57.5,1043263
2023-03-24,000049,57.87,6281859
2023-03-27,000049,58.65,1497604
2023-03-28,000049,57.67,5048169
2023-03-29,000049,56.36,2914625
2023-03-30,000049,54.76,3887374
2023-03-31,000049,53.5,3625661
2023-04-03,000049,54.44,1200205
2023-04-04,000049,53.91,5320477
2023-04-05,000049,53.74,5662678
2023-04-06,000049,53.5,1588062
2023-04-07,000049,54.5,9611959
2023-04-10,000049,54.92,8137487
2023-04-11,000049,55.16,5119014
2023-04-12,000049,54.14,3083930
2023-04-13,000049,53.7,4305476
2023-04-14,000049,52.76,6774423
2023-04-17,000049,52.0,1798635
2023-04-18,000049,52.81,4393852
2023-04-19,000049,51.64,6054712
2023-04-20,000049,50.8,3021443
2023-04-21,000049,49.66,6434589
2023-04-24,000049,48.61,2554237
2023-04-25,000049,49.51,6540731
2023-04-26,000049,49.29,4989710
2023-04-27,000049,48.57,8004826
2023-04-28,000049,49.03,2533384
2023-05-01,000049,49.17,1130260
2023-05-02,000049,47.94,8064417
2023-05-03,000049,46.89,3406553
2023-05-04,000049,47.3,1282114
2023-05-05,000049,47.84,4305600
2023-05-08,000049,46.9,5182334
2023-05-09,000049,48.1,3720435
2023-05-10,000049,49.45,6107759
2023-05-11,000049,50.59,9288922
2023-05-12,000049,49.57,1092822
2023-05-15,000049,49.53,5731937
2023-05-16,000049,48.78,6701560
2023-05-17,000049,48.2,5909938
2023-05-18,000049,47.43,8820297
2023-05-19,000049,46.03,1373688
2023-05-22,000049,44.98,8877298
2023-05-23,000049,44.87,6473107
2023-05-24,000049,44.64,2986694
2023-05-25,000049,43.72,4332129
2023-05-26,000049,43.83,5066210
2023-05-29,000049,42.75,1308992
2023-05-30,000049,43.36,4623301
2023-05-31,000049,42.57,5241810
2023-06-01,000049,42.91,3884040
2023-06-02,000049,41.7,6576137
2023-06-05,000049,41.93,1056506
2023-06-06,000049,42.63,3051411
2023-06-07,000049,41.68,6992220
2023-06-08,000049,40.86,3584020
2023-06-09,000049,40.97,3693531
2023-06-12,000049,40.08,5032682
2023-06-13,000049,40.19,4363198
2023-06-14,000049,40.6,3901841
2023-06-15,000049,39.55,9913377
2023-06-16,000049,39.59,6292923
2023-06-19,000049,40.54,5501796
2023-06-20,000049,41.32,6018042
2023-06-21,000049,40.24,1461217
2023-06-22,000049,40.89,7475948
2023-06-23,000049,40.23,5967682
2023-06-26,000049,39.66,9846909
2023-06-27,000049,40.82,8931681
2023-06-28,000049,41.55,8725455
2023-06-29,000049,41.73,9242489
2023-06-30,000049,42.42,2627859
2023-07-03,000049,42.43,3867894
2023-07-04,000049,42.69,7390740
2023-07-05,000049,41.82,2669930
2023-07-06,000049,40.84,5991759
2023-07-07,000049,39.86,9714692
2023-07-10,000049,40.8,7017812
2023-07-11,000049,41.9,8959701
2023-07-12,000049,40.76,6950633
2023-07-13,000049,41.29,5272393
2023-07-14,000049,41.95,2287182
2023-07-17,000049,42.82,2928121
2023-07-18,000049,42.63,7676224
2023-07-19,000049,41.7,9566144
2023-07-20,000049,41.72,5330685
2023-07-21,000049,40.55,6327668
2023-07-24,000049,41.7,2437422
2023-07-25,000049,40.73,5799445
2023-07-26,000049,41.59,8841938
2023-07-27,000049,41.58,3505074
2023-07-28,000049,40.83,3824322
2023-07-31,000049,41.85,9287178
2023-08-01,000049,41.37,5690779
2023-08-02,000049,42.29,6727671
2023-08-03,000049,42.69,2247819
2023-08-04,000049,42.34,9437148
2023-08-07,000049,41.34,3001217
2023-08-08,000049,40.97,7034687
2023-08-09,000049,41.59,9936141
2023-08-10,000049,41.85,3794252
2023-08-11,000049,41.66,1533057
2023-08-14,000049,40.55,9241963
2023-08-15,000049,39.84,6587330
2023-08-16,000049,39.47,1743384
2023-08-17,000049,40.57,5147052
2023-08-18,000049,41.0,9126782
2023-08-21,000049,41.54,4408096
2023-08-22,000049,40.73,9762371
2023-08-23,000049,39.95,1585197
2023-08-24,000049,40.33,5280265
2023-08-25,000049,39.14,9704222
2023-08-28,000049,39.33,9702958
2023-08-29,000049,39.07,8389809
2023-08-30,000049,39.71,1451154
2023-08-31,000049,39.26,2811097
2023-09-01,000049,38.79,5523610
2023-09-04,000049,38.29,2648641
2023-09-05,000049,37.95,5954475
2023-09-06,000049,37.59,8869110
2023-09-07,000049,37.76,6504429
2023-09-08,000049,38.52,4339342
2023-09-11,000049,38.57,9457590
2023-09-12,000049,38.07,3737944
2023-09-13,000049,38.98,1993475
2023-09-14,000049,37.82,5410033
2023-09-15,000049,38.29,1978603
2023-09-18,000049,37.53,7344407
2023-09-19,000049,36.97,1543894
2023-09-20,000049,36.01,3235949
2023-09-21,000049,35.51,7481954
2023-09-22,000049,35.63,1315709
2023-09-25,000049,35.55,5249714
2023-09-26,000049,36.27,9271343
2023-09-27,000049,35.68,5395723
2023-09-28,000049,36.07,2477992
2023-09-29,000049,36.94,5921394
2023-10-02,000049,37.85,3235765
2023-10-03,000049,37.59,6956679
2023-10-04,000049,36.64,1557217
2023-10-05,000049,37.25,2583162
2023-10-06,000049,36.55,4121687
2023-10-09,000049,35.9,2413313
2023-10-10,000049,35.11,9839201
2023-10-11,000049,35.1,3551744
2023-10-12,000049,34.74,8774390
2023-10-13,000049,35.1,4382977
2023-10-16,000049,35.56,4857855
2023-10-17,000049,36.54,7151542
2023-10-18,000049,36.52,6928333
2023-10-19,000049,36.45,8526745
2023-10-20,000049,35.97,1402326
2023-10-23,000049,36.95,4204556
2023-10-24,000049,37.15,7555441
2023-10-25,000049,37.96,6874443
2023-10-26,000049,36.97,1893990
2023-10-27,000049,36.81,8689630
2023-10-30,000049,36.13,1439626
2023-10-31,000049,35.43,6271780
2023-11-01,000049,35.07,7016702
2023-11-02,000049,34.43,1490208
2023-11-03,000049,33.71,9223452
2023-11-06,000049,32.91,2611346
2023-11-07,000049,32.85,2852884
2023-11-08,000049,31.88,2301867
2023-11-09,000049,31.42,8117266
2023-11-10,000049,30.72,3035020
2023-11-13,000049,30.78,6475484
2023-11-14,000049,30.7,8752828
2023-11-15,000049,30.01,2445283
2023-11-16,000049,30.08,8684271
2023-11-17,000049,30.32,8364593
2023-11-20,000049,30.64,7734419
2023-11-21,000049,31.47,2368674
2023-11-22,000049,31.06,5525853
2023-11-23,000049,31.04,1737503
2023-11-24,000049,31.6,3712192
2023-11-27,000049,31.7,8685641
2023-11-28,000049,31.76,3542419
2023-11-29,000049,31.51,2163142
2023-11-30,000049,31.6,6015978
2023-12-01,000049,32.51,1591870
2022-01-03,000050,50.37,5756193
2022-01-04,000050,49.38,6930100
2022-01-05,000050,49.66,5077561
2022-01-06,000050,50.53,5879463
2022-01-07,000050,51.72,1859520
2022-01-10,000050,51.99,4347650
2022-01-11,000050,51.06,6196998
2022-01-12,000050,51.02,9548530
2022-01-13,000050,52.35,7899498
2022-01-14,000050,53.53,7495627
2022-01-17,000050,53.59,9635500
2022-01-18,000050,53.7,8544523
2022-01-19,000050,52.81,8614629
2022-01-20,000050,53.0,1135344
2022-01-21,000050,52.12,9224524
2022-01-24,000050,51.34,8551638
2022-01-25,000050,50.89,6023914
2022-01-26,000050,52.31,4880783
2022-01-27,000050,53.74,7085305
2022-01-28,000050,55.09,9771109
2022-01-31,000050,55.08,3231363
2022-02-01,000050,54.55,8624630
2022-02-02,000050,53.11,8389869
2022-02-03,000050,51.71,6847007
2022-02-04,000050,52.97,8344171
2022-02-07,000050,53.24,3865715
2022-02-08,000050,54.26,1518095
2022-02-09,000050,53.86,8833046
2022-02-10,000050,54.34,1234263
2022-02-11,000050,55.18,9845328
2022-02-14,000050,56.15,2429402
2022-02-15,000050,56.83,1426027
2022-02-16,000050,57.93,1424246
2022-02-17,000050,58.91,1931164
2022-02-18,000050,58.0,2703129
2022-02-21,000050,56.58,3812996
2022-02-22,000050,57.13,3110881
2022-02-23,000050,57.72,1568488
2022-02-24,000050,59.2,5263541
2022-02-25,000050,60.98,6666658
2022-02-28,000050,60.66,8490722
2022-03-01,000050,59.74,7656217
2022-03-02,000050,58.12,7123713
2022-03-03,000050,58.06,2043152
2022-03-04,000050,56.85,2965715
2022-03-07,000050,57.4,9126961
2022-03-08,000050,58.21,7965673
2022-03-09,000050,57.9,2014616
2022-03-10,000050,57.65,9174932
2022-03-11,000050,55.93,5215378
2022-03-14,000050,54.58,1603640
2022-03-15,000050,55.11,6309375
2022-03-16,000050,56.42,6035422
2022-03-17,000050,55.22,1026532
2022-03-18,000050,56.34,7816087
2022-03-21,000050,57.43,8010734
2022-03-22,000050,57.67,4258330
2022-03-23,000050,56.09,2145241
2022-03-24,000050,56.77,3926353
2022-03-25,000050,58.44,6805522
2022-03-28,000050,59.37,1591607
2022-03-29,000050,57.78,4784872
2022-03-30,000050,59.46,2419139
2022-03-31,000050,61.02,5059124
2022-04-01,000050,61.39,2769971
2022-04-04,000050,62.59,8161060
2022-04-05,000050,62.59,9217370
2022-04-06,000050,62.65,7024445
2022-04-07,000050,63.21,1175505
2022-04-08,000050,64.52,9615272
2022-04-11,000050,62.76,5379121
2022-04-12,000050,63.7,9154221
2022-04-13,000050,65.24,7247096
2022-04-14,000050,66.58,7122270
2022-04-15,000050,66.81,1091979
2022-04-18,000050,68.53,6881994
2022-04-19,000050,66.67,2133523
2022-04-20,000050,65.13,1807637
2022-04-21,000050,65.66,7890614
2022-04-22,000050,67.47,4911521
2022-04-25,000050,65.82,8907170
2022-04-26,000050,66.1,4565872
2022-04-27,000050,65.19,5264418
2022-04-28,000050,65.66,6013983
2022-04-29,000050,64.44,5665907
2022-05-02,000050,66.32,8847110
2022-05-03,000050,67.01,6753675
2022-05-04,000050,67.83,6086258
2022-05-05,000050,67.79,5493253
2022-05-06,000050,68.44,9583176
2022-05-09,000050,69.53,1596022
2022-05-10,000050,68.09,7559632
2022-05-11,000050,69.55,8475172
2022-05-12,000050,71.11,5877904
2022-05-13,000050,72.98,4745224
2022-05-16,000050,74.83,3792155
2022-05-17,000050,76.52,6051018
2022-05-18,000050,76.4,9853193
2022-05-19,000050,78.26,8163209
2022-05-20,000050,76.77,4700468
2022-05-23,000050,78.51,3492907
2022-05-24,000050,76.96,4744944
2022-05-25,000050,75.07,2325287
2022-05-26,000050,74.22,1119344
2022-05-27,000050,75.42,8990707
2022-05-30,000050,73.29,8573318
2022-05-31,000050,75.3,4965091
2022-06-01,000050,76.39,1434109
2022-06-02,000050,74.28,6984394
2022-06-03,000050,76.35,4001552
2022-06-06,000050,77.81,9708440
2022-06-07,000050,80.13,2255035
2022-06-08,000050,79.82,4606750
2022-06-09,000050,81.85,8525613
2022-06-10,000050,79.74,4700806
2022-06-13,000050,79.6,2630514
2022-06-14,000050,78.5,9859148
2022-06-15,000050,80.28,3887621
2022-06-16,000050,79.95,7584952
2022-06-17,000050,80.29,8660550
2022-06-20,000050,82.68,3109543
2022-06-21,000050,80.35,8697697
2022-06-22,000050,80.63,9521942
2022-06-23,000050,79.68,1962084
2022-06-24,000050,77.71,4165173
2022-06-27,000050,78.67,7208094
2022-06-28,000050,81.0,4201625
2022-06-29,000050,80.99,4320586
2022-06-30,000050,82.53,6026457
2022-07-01,000050,81.32,8109600
2022-07-04,000050,82.2,4962983
2022-07-05,000050,80.8,2304836
2022-07-06,000050,79.69,4548182
2022-07-07,000050,81.45,6301929
2022-07-08,000050,81.14,6884244
2022-07-11,000050,81.11,6974607
2022-07-12,000050,79.39,4924039
2022-07-13,000050,80.24,8544983
2022-07-14,000050,78.79,3805217
2022-07-15,000050,76.6,4534206
2022-07-18,000050,76.46,4885971
2022-07-19,000050,74.38,2411608
2022-07-20,000050,72.35,2190233
2022-07-21,000050,71.84,3555707
2022-07-22,000050,69.95,9731349
2022-07-25,000050,69.08,4511922
2022-07-26,000050,68.58,6063892
2022-07-27,000050,69.85,1719637
2022-07-28,000050,71.16,7347423
2022-07-29,000050,71.58,2962721
2022-08-01,000050,70.56,4398565
2022-08-02,000050,68.99,3499962
2022-08-03,000050,70.11,4581601
2022-08-04,000050,69.47,1744854
2022-08-05,000050,70.07,6792376
2022-08-08,000050,69.38,3574758
2022-08-09,000050,70.43,3194262
2022-08-10,000050,70.98,8615331
2022-08-11,000050,69.9,1040333
2022-08-12,000050,71.32,3297735
2022-08-15,000050,71.78,9830901
2022-08-16,000050,69.63,3576830
2022-08-17,000050,68.9,1849857
2022-08-18,000050,68.2,8964878
2022-08-19,000050,66.5,9839893
2022-08-22,000050,67.94,1594844
2022-08-23,000050,66.35,7392045
2022-08-24,000050,68.07,2812922
2022-08-25,000050,66.68,3330991
2022-08-26,000050,67.11,9698374
2022-08-29,000050,68.47,9361250
2022-08-30,000050,70.52,8980870
2022-08-31,000050,69.16,6593977
2022-09-01,000050,69.77,2210502
2022-09-02,000050,68.55,5884766
2022-09-05,000050,67.7,2342517
2022-09-06,000050,67.87,5376528
2022-09-07,000050,67.88,6345934
2022-09-08,000050,67.94,4170718
2022-09-09,000050,68.98,1777197
2022-09-12,000050,68.62,3937728
2022-09-13,000050,68.04,8255822
2022-09-14,000050,70.04,2075598
2022-09-15,000050,68.45,6617309
2022-09-16,000050,70.01,9965096
2022-09-19,000050,69.94,4759329
2022-09-20,000050,68.24,9896610
2022-09-21,000050,69.59,7424172
2022-09-22,000050,69.42,1695684
2022-09-23,000050,70.14,6626225
2022-09-26,000050,68.06,9695698
2022-09-27,000050,67.62,5319772
2022-09-28,000050,69.39,7174124
2022-09-29,000050,69.84,8153955
2022-09-30,000050,68.22,7276931
2022-10-03,000050,66.88,9013533
2022-10-04,000050,67.5,8243003
2022-10-05,000050,69.52,3229482
2022-10-06,000050,70.03,1386437
2022-10-07,000050,68.25,9532748
2022-10-10,000050,68.23,2350590
2022-10-11,000050,67.75,9633526
2022-10-12,000050,66.52,8787351
2022-10-13,000050,68.24,5557146
2022-10-14,000050,67.89,2638088
2022-10-17,000050,67.12,8978571
2022-10-18,000050,67.69,7358531
2022-10-19,000050,68.94,5191884
2022-10-20,000050,67.67,4285103
2022-10-21,000050,67.44,3147446
2022-10-24,000050,69.09,3222411
2022-10-25,000050,67.19,9127914
2022-10-26,000050,67.11,2179831
2022-10-27,000050,65.88,4742085
2022-10-28,000050,66.01,3751547
2022-10-31,000050,67.25,2969580
2022-11-01,000050,66.58,1894121
2022-11-02,000050,67.96,8000880
2022-11-03,000050,67.0,2651900
2022-11-04,000050,67.2,6597140
2022-11-07,000050,68.06,4703776
2022-11-08,000050,69.57,2059645
2022-11-09,000050,68.36,1817126
2022-11-10,000050,70.38,4829768
2022-11-11,000050,70.55,3065551
2022-11-14,000050,70.63,6937542
2022-11-15,000050,69.46,7555475
2022-11-16,000050,68.5,8282688
2022-11-17,000050,67.38,4016238
2022-11-18,000050,68.77,8887297
2022-11-21,000050,69.4,6469358
2022-11-22,000050,67.42,4239526
2022-11-23,000050,65.5,1876736
2022-11-24,000050,65.55,8585289
2022-11-25,000050,67.48,9024613
2022-11-28,000050,67.47,9714166
2022-11-29,000050,65.54,2738033
2022-11-30,000050,63.83,1603692
2022-12-01,000050,64.21,9842967
2022-12-02,000050,63.18,7971956
2022-12-05,000050,62.48,5707271
2022-12-06,000050,62.34,7657118
2022-12-07,000050,61.67,3029867
2022-12-08,000050,62.68,4369382
2022-12-09,000050,64.53,8193609
2022-12-12,000050,63.11,3748655
2022-12-13,000050,61.24,5397579
2022-12-14,000050,62.16,8582035
2022-12-15,000050,62.14,5807044
2022-12-16,000050,60.4,9306275
2022-12-19,000050,58.86,2859137
2022-12-20,000050,58.64,3330711
2022-12-21,000050,59.66,3393620
2022-12-22,000050,58.97,2009379
2022-12-23,000050,57.57,3892048
2022-12-26,000050,58.11,2100710
2022-12-27,000050,58.32,7705766
2022-12-28,000050,59.1,8454026
2022-12-29,000050,57.36,5391826
2022-12-30,000050,57.46,4003327
2023-01-02,000050,57.8,8202752
2023-01-03,000050,58.6,2630193
2023-01-04,000050,57.55,2498409
2023-01-05,000050,57.18,7455979
2023-01-06,000050,57.91,2801489
2023-01-09,000050,59.15,7170407
2023-01-10,000050,59.81,9970185
2023-01-11,000050,59.77,7548219
2023-01-12,000050,58.14,2593124
2023-01-13,000050,57.12,6431355
2023-01-16,000050,58.69,8174040
2023-01-17,000050,59.39,2731809
2023-01-18,000050,60.77,3463230
2023-01-19,000050,60.65,1901175
2023-01-20,000050,60.59,6488310
2023-01-23,000050,60.38,5735784
2023-01-24,000050,60.13,8383456
2023-01-25,000050,60.96,3047257
2023-01-26,000050,59.58,4012164
2023-01-27,000050,58.13,9576350
2023-01-30,000050,56.62,5641907
2023-01-31,000050,57.92,4176266
2023-02-01,000050,57.28,8358420
2023-02-02,000050,58.98,1218966
2023-02-03,000050,58.95,4368262
2023-02-06,000050,59.92,6026183
2023-02-07,000050,60.49,6561233
2023-02-08,000050,61.11,7902576
2023-02-09,000050,61.42,3036488
2023-02-10,000050,60.17,6810884
2023-02-13,000050,60.67,6748349
2023-02-14,000050,60.6,5118560
2023-02-15,000050,61.49,1601530
2023-02-16,000050,61.29,3056348
2023-02-17,000050,62.45,5020574
2023-02-20,000050,63.49,7269088
2023-02-21,000050,62.97,4573030
2023-02-22,000050,64.76,8318339
2023-02-23,000050,63.68,2578461
2023-02-24,000050,62.81,5278247
2023-02-27,000050,61.02,3905481
2023-02-28,000050,60.57,2321980
2023-03-01,000050,58.78,9560623
2023-03-02,000050,58.42,6511977
2023-03-03,000050,56.84,4808141
2023-03-06,000050,55.97,6443476
2023-03-07,000050,55.72,8081901
2023-03-08,000050,56.03,6975480
2023-03-09,000050,54.62,9010947
2023-03-10,000050,53.64,6532904
2023-03-13,000050,53.64,7658506
2023-03-14,000050,53.26,1247252
2023-03-15,000050,53.84,7294640
2023-03-16,000050,52.47,7028812
2023-03-17,000050,53.21,2829015
2023-03-20,000050,52.13,3865662
2023-03-21,000050,51.12,6660650
2023-03-22,000050,51.49,9273820
2023-03-23,000050,52.63,7064300
2023-03-24,000050,51.89,8968796
2023-03-27,000050,51.75,8957537
2023-03-28,000050,52.16,2359216
2023-03-29,000050,50.92,4607743
2023-03-30,000050,49.64,9118382
2023-03-31,000050,50.43,3903976
2023-04-03,000050,49.21,3193307
2023-04-04,000050,48.28,6555720
2023-04-05,000050,48.3,1135375
2023-04-06,000050,49.28,2796169
2023-04-07,000050,48.22,8249895
2023-04-10,000050,47.26,2626379
2023-04-11,000050,47.72,7859822
2023-04-12,000050,47.79,2515583
2023-04-13,000050,47.58,8799914
2023-04-14,000050,47.48,8864036
2023-04-17,000050,48.72,8990604
2023-04-18,000050,49.44,4499689
2023-04-19,000050,50.12,4664818
2023-04-20,000050,51.22,9075393
2023-04-21,000050,52.07,9805436
2023-04-24,000050,50.91,4342983
2023-04-25,000050,51.5,6618037
2023-04-26,000050,51.66,2167412
2023-04-27,000050,51.59,2680397
2023-04-28,000050,52.84,3971370
2023-05-01,000050,52.14,8975528
2023-05-02,000050,52.86,7021988
2023-05-03,000050,53.63,7346772
2023-05-04,000050,52.4,2165028
2023-05-05,000050,52.61,6705814
2023-05-08,000050,52.55,8562265
2023-05-09,000050,53.43,4284756
2023-05-10,000050,53.18,7982803
2023-05-11,000050,53.46,7090485
2023-05-12,000050,54.46,6886591
2023-05-15,000050,53.62,4342420
2023-05-16,000050,54.54,7389021
2023-05-17,000050,53.25,6102872
2023-05-18,000050,54.49,4257596
2023-05-19,000050,53.95,8297133
2023-05-22,000050,54.47,1325738
2023-05-23,000050,54.74,9172370
2023-05-24,000050,54.82,9172073
2023-05-25,000050,55.75,8608467
2023-05-26,000050,54.59,3909346
2023-05-29,000050,55.19,7999265
2023-05-30,000050,55.85,5452511
2023-05-31,000050,55.75,1638751
2023-06-01,000050,56.97,6252868
2023-06-02,000050,55.92,7550160
2023-06-05,000050,54.44,4245228
2023-06-06,000050,52.9,9993321
2023-06-07,000050,52.66,8318918
2023-06-08,000050,53.79,7007979
2023-06-09,000050,53.13,1239938
2023-06-12,000050,53.69,6065413
2023-06-13,000050,54.45,2879769
2023-06-14,000050,54.92,2810696
2023-06-15,000050,55.77,6306176
2023-06-16,000050,56.92,7001737
2023-06-19,000050,56.96,7881183
2023-06-20,000050,57.81,1057245
2023-06-21,000050,57.34,4320741
2023-06-22,000050,56.24,7952087
2023-06-23,000050,54.8,3273695
2023-06-26,000050,55.35,4977681
2023-06-27,000050,54.96,9089282
2023-06-28,000050,55.61,1842932
2023-06-29,000050,54.82,3584210
2023-06-30,000050,53.4,9297503
2023-07-03,000050,52.86,1345053
2023-07-04,000050,51.3,4790959
2023-07-05,000050,49.98,5076987
2023-07-06,000050,49.72,1671208
2023-07-07,000050,50.07,9741136
2023-07-10,000050,50.05,3477940
2023-07-11,000050,49.74,2770505
2023-07-12,000050,49.93,4829085
2023-07-13,000050,50.18,7085476
2023-07-14,000050,49.46,6328710
2023-07-17,000050,50.35,7377112
2023-07-18,000050,51.58,8057484
2023-07-19,000050,51.32,6860623
2023-07-20,000050,51.98,3054062
2023-07-21,000050,53.01,9758259
2023-07-24,000050,52.62,5518519
2023-07-25,000050,51.89,1930421
2023-07-26,000050,51.87,1491627
2023-07-27,000050,51.15,1911288
2023-07-28,000050,50.38,1006883
2023-07-31,000050,50.37,6435868
2023-08-01,000050,49.22,7600758
2023-08-02,000050,49.7,6656512
2023-08-03,000050,50.14,6153155
2023-08-04,000050,49.64,4955759
2023-08-07,000050,50.82,3814594
2023-08-08,000050,49.37,6878202
2023-08-09,000050,49.52,3845162
2023-08-10,000050,50.71,7808530
2023-08-11,000050,51.98,2944333
2023-08-14,000050,52.5,3888621
2023-08-15,000050,51.17,7552263
2023-08-16,000050,51.4,5823179
2023-08-17,000050,52.0,1974002
2023-08-18,000050,51.61,6466016
2023-08-21,000050,51.66,1277847
2023-08-22,000050,53.18,7334608
2023-08-23,000050,52.16,3017485
2023-08-24,000050,52.49,2364102
2023-08-25,000050,53.51,6728190
2023-08-28,000050,53.55,9177722
2023-08-29,000050,52.76,2630197
2023-08-30,000050,51.79,5360589
2023-08-31,000050,53.33,3595594
2023-09-01,000050,52.57,4222089
2023-09-04,000050,53.46,1370139
2023-09-05,000050,52.36,4786775
2023-09-06,000050,51.21,2875726
2023-09-07,000050,50.39,1109000
2023-09-08,000050,48.98,5098249
2023-09-11,000050,48.75,9269128
2023-09-12,000050,49.66,9730076
2023-09-13,000050,49.7,8298863
2023-09-14,000050,48.53,6357808
2023-09-15,000050,48.59,7716030
2023-09-18,000050,48.52,1897101
2023-09-19,000050,49.41,2318774
2023-09-20,000050,48.51,4521889
2023-09-21,000050,48.75,6755967
2023-09-22,000050,49.69,6879782
2023-09-25,000050,49.37,6080199
2023-09-26,000050,49.57,1570613
2023-09-27,000050,50.82,9101106
2023-09-28,000050,49.78,4921862
2023-09-29,000050,50.68,3267356
2023-10-02,000050,49.73,7254842
2023-10-03,000050,48.25,1393610
2023-10-04,000050,48.21,1268615
2023-10-05,000050,47.49,9326406
2023-10-06,000050,48.19,8465902
2023-10-09,000050,49.04,6361232
2023-10-10,000050,49.08,7256588
2023-10-11,000050,48.93,2589948
2023-10-12,000050,48.55,5035340
2023-10-13,000050,49.41,5092157
2023-10-16,000050,48.18,4980107
2023-10-17,000050,48.09,1529746
2023-10-18,000050,49.52,9435632
2023-10-19,000050,49.67,7954186
2023-10-20,000050,49.0,3126330
2023-10-23,000050,49.27,9752255
2023-10-24,000050,49.02,6060476
2023-10-25,000050,47.67,3918074
2023-10-26,000050,49.01,3646102
2023-10-27,000050,48.32,4396879
2023-10-30,000050,49.17,1910538
2023-10-31,000050,47.7,7514263
2023-11-01,000050,47.07,3854884
2023-11-02,000050,47.69,8357045
2023-11-03,000050,48.25,4279779
2023-11-06,000050,48.37,5229047
2023-11-07,000050,48.51,5668459
2023-11-08,000050,48.87,2266981
2023-11-09,000050,49.78,9288379
2023-11-10,000050,50.39,2956412
2023-11-13,000050,49.8,1436432
2023-11-14,000050,51.06,8324705
2023-11-15,000050,51.16,8602175
2023-11-16,000050,51.11,2948485
2023-11-17,000050,52.08,8618898
2023-11-20,000050,51.31,4620911
2023-11-21,000050,52.27,1655848
2023-11-22,000050,53.48,4810009
2023-11-23,000050,55.04,1072609
2023-11-24,000050,55.8,1054515
2023-11-27,000050,56.68,1414250
2023-11-28,000050,55.75,3707683
2023-11-29,000050,57.11,1647202
2023-11-30,000050,56.31,2353022
2023-12-01,000050,57.89,1530761
